2026-09-17 21:09:57,257 INFO WebMotion starting integrity={'rid': 12288, 'name': 'High', 'error': 0}
2026-09-17 21:12:42,766 INFO SendInput scan=0x2A down=True accepted=1 error=0 target_pid=26244
2026-09-17 21:12:42,831 INFO SendInput scan=0x2A down=False accepted=1 error=0 target_pid=26244
2026-09-17 21:12:43,007 INFO SendInput scan=0x2A down=True accepted=1 error=0 target_pid=26244
2026-09-17 21:12:43,209 INFO SendInput scan=0x2A down=False accepted=1 error=0 target_pid=26244
2026-09-17 21:12:43,441 INFO SendInput scan=0x2A down=True accepted=1 error=0 target_pid=26244
2026-09-17 21:12:44,270 INFO SendInput scan=0x2A down=False accepted=1 error=0 target_pid=26244
2026-09-17 21:12:45,558 INFO SendInput scan=0x2A down=True accepted=1 error=0 target_pid=26244
2026-09-17 21:12:45,621 INFO SendInput scan=0x2A down=False accepted=1 error=0 target_pid=26244
2026-09-17 21:12:46,176 INFO SendInput scan=0x2A down=True accepted=1 error=0 target_pid=26244
2026-09-17 21:12:47,697 INFO SendInput scan=0x39 down=True accepted=1 error=0 target_pid=26244
2026-09-17 21:12:47,770 INFO SendInput scan=0x39 down=False accepted=1 error=0 target_pid=26244
2026-09-17 21:12:49,093 INFO SendInput scan=0x2A down=False accepted=1 error=0 target_pid=26244
2026-09-17 21:12:50,963 INFO SendInput scan=0x2A down=True accepted=1 error=0 target_pid=26244
2026-09-17 21:12:51,375 INFO SendInput scan=0x2A down=False accepted=1 error=0 target_pid=26244
2026-09-17 21:12:51,660 INFO SendInput scan=0x39 down=True accepted=1 error=0 target_pid=26244
2026-09-17 21:12:51,737 INFO SendInput scan=0x39 down=False accepted=1 error=0 target_pid=26244
2026-09-17 21:12:51,869 INFO SendInput scan=0x2A down=True accepted=1 error=0 target_pid=26244
2026-09-17 21:12:52,770 INFO SendInput scan=0x2A down=False accepted=1 error=0 target_pid=26244
2026-09-17 21:12:53,206 INFO SendInput scan=0x2A down=True accepted=1 error=0 target_pid=26244
2026-09-17 21:12:53,553 INFO SendInput scan=0x2A down=False accepted=1 error=0 target_pid=26244
2026-09-17 21:12:53,773 INFO SendInput scan=0x39 down=True accepted=1 error=0 target_pid=26244
2026-09-17 21:12:53,844 INFO SendInput scan=0x39 down=False accepted=1 error=0 target_pid=26244
2026-09-17 21:12:55,952 INFO SendInput scan=0x2A down=True accepted=1 error=0 target_pid=26244
2026-09-17 21:12:56,552 INFO SendInput scan=0x2A down=False accepted=1 error=0 target_pid=26244
2026-09-17 21:12:56,604 INFO SendInput scan=0x39 down=True accepted=1 error=0 target_pid=26244
2026-09-17 21:12:56,690 INFO SendInput scan=0x39 down=False accepted=1 error=0 target_pid=26244
2026-09-17 21:12:56,920 INFO SendInput scan=0x2A down=True accepted=1 error=0 target_pid=26244
2026-09-17 21:12:59,400 INFO SendInput scan=0x2A down=False accepted=1 error=0 target_pid=26244
2026-09-17 21:12:59,477 INFO SendInput scan=0x39 down=True accepted=1 error=0 target_pid=26244
2026-09-17 21:12:59,553 INFO SendInput scan=0x39 down=False accepted=1 error=0 target_pid=26244
2026-09-17 21:13:00,209 INFO SendInput scan=0x2A down=True accepted=1 error=0 target_pid=26244
2026-09-17 21:13:02,170 INFO SendInput scan=0x2A down=False accepted=1 error=0 target_pid=26244
2026-09-17 21:13:02,241 INFO SendInput scan=0x39 down=True accepted=1 error=0 target_pid=26244
2026-09-17 21:13:02,310 INFO SendInput scan=0x39 down=False accepted=1 error=0 target_pid=26244
2026-09-17 21:13:03,711 INFO SendInput scan=0x2A down=True accepted=1 error=0 target_pid=26244
2026-09-17 21:13:04,441 INFO SendInput scan=0x2A down=False accepted=1 error=0 target_pid=26244
2026-09-17 21:13:04,650 INFO SendInput scan=0x2A down=True accepted=1 error=0 target_pid=26244
2026-09-17 21:13:06,178 INFO SendInput scan=0x2A down=False accepted=1 error=0 target_pid=26244
2026-09-17 21:13:06,280 INFO SendInput scan=0x39 down=True accepted=1 error=0 target_pid=26244
2026-09-17 21:13:06,358 INFO SendInput scan=0x39 down=False accepted=1 error=0 target_pid=26244
2026-09-17 21:13:06,547 INFO SendInput scan=0x2A down=True accepted=1 error=0 target_pid=26244
2026-09-17 21:13:09,052 INFO SendInput scan=0x39 down=True accepted=1 error=0 target_pid=26244
2026-09-17 21:13:09,121 INFO SendInput scan=0x39 down=False accepted=1 error=0 target_pid=26244
2026-09-17 21:13:10,315 INFO SendInput scan=0x2A down=False accepted=1 error=0 target_pid=26244
2026-09-17 21:13:10,569 INFO SendInput scan=0x2A down=True accepted=1 error=0 target_pid=26244
2026-09-17 21:13:11,285 INFO SendInput scan=0x2A down=False accepted=1 error=0 target_pid=26244
2026-09-17 21:13:12,138 INFO SendInput scan=0x2A down=True accepted=1 error=0 target_pid=26244
2026-09-17 21:13:12,505 INFO SendInput scan=0x2A down=False accepted=1 error=0 target_pid=26244
2026-09-17 21:13:14,187 INFO SendInput scan=0x2A down=True accepted=1 error=0 target_pid=26244
2026-09-17 21:13:14,684 INFO SendInput scan=0x2A down=False accepted=1 error=0 target_pid=26244
2026-09-17 21:13:15,069 INFO SendInput scan=0x2A down=True accepted=1 error=0 target_pid=26244
2026-09-17 21:13:15,214 INFO SendInput scan=0x2A down=False accepted=1 error=0 target_pid=26244
2026-09-17 21:13:15,284 INFO SendInput scan=0x39 down=True accepted=1 error=0 target_pid=26244
2026-09-17 21:13:15,366 INFO SendInput scan=0x39 down=False accepted=1 error=0 target_pid=26244
2026-09-17 21:13:18,215 INFO SendInput scan=0x2A down=True accepted=1 error=0 target_pid=26244
2026-09-17 21:13:18,527 INFO SendInput scan=0x2A down=False accepted=1 error=0 target_pid=26244
2026-09-17 21:13:18,693 INFO SendInput scan=0x2A down=True accepted=1 error=0 target_pid=26244
2026-09-17 21:13:19,276 INFO SendInput scan=0x2A down=False accepted=1 error=0 target_pid=26244
2026-09-17 21:13:22,946 INFO SendInput scan=0x39 down=True accepted=1 error=0 target_pid=26244
2026-09-17 21:13:23,020 INFO SendInput scan=0x39 down=False accepted=1 error=0 target_pid=26244
2026-09-17 21:13:27,166 INFO SendInput scan=0x2A down=True accepted=1 error=0 target_pid=26244
2026-09-17 21:13:27,679 INFO SendInput scan=0x2A down=False accepted=1 error=0 target_pid=26244
2026-09-17 21:13:31,399 INFO SendInput scan=0x2A down=True accepted=1 error=0 target_pid=26244
2026-09-17 21:13:32,120 INFO SendInput scan=0x2A down=False accepted=1 error=0 target_pid=26244
2026-09-17 21:13:32,468 INFO SendInput scan=0x2A down=True accepted=1 error=0 target_pid=26244
2026-09-17 21:13:32,850 INFO SendInput scan=0x2A down=False accepted=1 error=0 target_pid=26244
2026-09-17 21:13:33,415 INFO SendInput scan=0x2A down=True accepted=1 error=0 target_pid=26244
2026-09-17 21:13:33,989 INFO SendInput scan=0x2A down=False accepted=1 error=0 target_pid=26244
2026-09-17 21:13:34,239 INFO SendInput scan=0x2A down=True accepted=1 error=0 target_pid=26244
2026-09-17 21:13:34,554 INFO SendInput scan=0x2A down=False accepted=1 error=0 target_pid=26244
2026-09-17 21:13:35,067 INFO SendInput scan=0x2A down=True accepted=1 error=0 target_pid=26244
2026-09-17 21:13:35,189 INFO SendInput scan=0x2A down=False accepted=1 error=0 target_pid=26244
2026-09-17 21:13:35,754 INFO SendInput scan=0x2A down=True accepted=1 error=0 target_pid=26244
2026-09-17 21:13:37,615 INFO SendInput scan=0x2A down=False accepted=1 error=0 target_pid=26244
2026-09-17 21:13:38,135 INFO SendInput scan=0x2A down=True accepted=1 error=0 target_pid=26244
2026-09-17 21:13:38,378 INFO SendInput scan=0x2A down=False accepted=1 error=0 target_pid=26244
2026-09-17 21:13:38,718 INFO SendInput scan=0x2A down=True accepted=1 error=0 target_pid=26244
2026-09-17 21:13:38,781 INFO SendInput scan=0x2A down=False accepted=1 error=0 target_pid=26244
2026-09-17 21:13:39,127 INFO SendInput scan=0x39 down=True accepted=1 error=0 target_pid=26244
2026-09-17 21:13:39,202 INFO SendInput scan=0x39 down=False accepted=1 error=0 target_pid=26244
2026-09-17 21:13:41,626 INFO SendInput scan=0x2A down=True accepted=1 error=0 target_pid=26244
2026-09-17 21:13:41,704 INFO SendInput scan=0x2A down=False accepted=1 error=0 target_pid=26244
2026-09-17 21:13:41,946 INFO SendInput scan=0x2A down=True accepted=1 error=0 target_pid=26244
2026-09-17 21:13:42,999 INFO SendInput scan=0x2A down=False accepted=1 error=0 target_pid=26244
2026-09-17 21:13:43,219 INFO SendInput scan=0x2A down=True accepted=1 error=0 target_pid=26244
2026-09-17 21:13:43,354 INFO SendInput scan=0x2A down=False accepted=1 error=0 target_pid=26244
2026-09-17 21:13:43,989 INFO SendInput scan=0x2A down=True accepted=1 error=0 target_pid=26244
2026-09-17 21:13:44,550 INFO SendInput scan=0x2A down=False accepted=1 error=0 target_pid=26244
2026-09-17 21:13:44,980 INFO SendInput scan=0x2A down=True accepted=1 error=0 target_pid=26244
2026-09-17 21:13:46,313 INFO SendInput scan=0x2A down=False accepted=1 error=0 target_pid=26244
2026-09-17 21:13:48,188 INFO SendInput scan=0x2A down=True accepted=1 error=0 target_pid=26244
2026-09-17 21:13:48,696 INFO SendInput scan=0x2A down=False accepted=1 error=0 target_pid=26244
2026-09-17 21:13:50,243 INFO SendInput scan=0x2A down=True accepted=1 error=0 target_pid=26244
2026-09-17 21:13:52,604 INFO SendInput scan=0x2A down=False accepted=1 error=0 target_pid=26244
2026-09-17 21:13:52,915 INFO SendInput scan=0x2A down=True accepted=1 error=0 target_pid=26244
2026-09-17 21:13:55,207 INFO SendInput scan=0x2A down=False accepted=1 error=0 target_pid=26244
2026-09-17 21:13:56,256 INFO SendInput scan=0x2A down=True accepted=1 error=0 target_pid=26244
2026-09-17 21:13:56,738 INFO SendInput scan=0x2A down=False accepted=1 error=0 target_pid=26244
2026-09-17 21:13:57,645 INFO SendInput scan=0x2A down=True accepted=1 error=0 target_pid=26244
2026-09-17 21:13:58,617 INFO SendInput scan=0x2A down=False accepted=1 error=0 target_pid=26244
2026-09-17 21:13:58,860 INFO SendInput scan=0x2A down=True accepted=1 error=0 target_pid=26244
2026-09-17 21:14:00,286 INFO SendInput scan=0x2A down=False accepted=1 error=0 target_pid=26244
2026-09-17 21:14:00,506 INFO SendInput scan=0x2A down=True accepted=1 error=0 target_pid=26244
2026-09-17 21:14:01,189 INFO SendInput scan=0x2A down=False accepted=1 error=0 target_pid=26244
2026-09-17 21:14:03,320 INFO SendInput scan=0x2A down=True accepted=1 error=0 target_pid=26244
2026-09-17 21:14:04,036 INFO SendInput scan=0x2A down=False accepted=1 error=0 target_pid=26244
2026-09-17 21:14:04,208 INFO SendInput scan=0x2A down=True accepted=1 error=0 target_pid=26244
2026-09-17 21:14:06,147 INFO SendInput scan=0x2A down=False accepted=1 error=0 target_pid=26244
2026-09-17 21:14:06,336 INFO SendInput scan=0x2A down=True accepted=1 error=0 target_pid=26244
2026-09-17 21:14:06,516 INFO SendInput scan=0x2A down=False accepted=1 error=0 target_pid=26244
2026-09-17 21:14:07,071 INFO SendInput scan=0x2A down=True accepted=1 error=0 target_pid=26244
2026-09-17 21:14:07,961 INFO SendInput scan=0x2A down=False accepted=1 error=0 target_pid=26244
2026-09-17 21:14:08,197 INFO SendInput scan=0x2A down=True accepted=1 error=0 target_pid=26244
2026-09-17 21:14:08,312 INFO SendInput scan=0x2A down=False accepted=1 error=0 target_pid=26244
2026-09-17 21:14:08,879 INFO SendInput scan=0x2A down=True accepted=1 error=0 target_pid=26244
2026-09-17 21:14:09,189 INFO SendInput scan=0x2A down=False accepted=1 error=0 target_pid=26244
2026-09-17 21:14:09,577 INFO SendInput scan=0x2A down=True accepted=1 error=0 target_pid=26244
2026-09-17 21:14:09,875 INFO SendInput scan=0x2A down=False accepted=1 error=0 target_pid=26244
2026-09-17 21:14:10,084 INFO SendInput scan=0x2A down=True accepted=1 error=0 target_pid=26244
2026-09-17 21:14:11,016 INFO SendInput scan=0x2A down=False accepted=1 error=0 target_pid=26244
2026-09-17 21:14:11,253 INFO SendInput scan=0x2A down=True accepted=1 error=0 target_pid=26244
2026-09-17 21:14:11,317 INFO SendInput scan=0x2A down=False accepted=1 error=0 target_pid=26244
2026-09-17 21:14:11,506 INFO SendInput scan=0x2A down=True accepted=1 error=0 target_pid=26244
2026-09-17 21:14:11,557 INFO SendInput scan=0x2A down=False accepted=1 error=0 target_pid=26244
2026-09-17 21:14:12,632 INFO SendInput scan=0x2A down=True accepted=1 error=0 target_pid=26244
2026-09-17 21:14:12,758 INFO SendInput scan=0x2A down=False accepted=1 error=0 target_pid=26244
2026-09-17 21:14:13,077 INFO SendInput scan=0x2A down=True accepted=1 error=0 target_pid=26244
2026-09-17 21:14:13,769 INFO SendInput scan=0x2A down=False accepted=1 error=0 target_pid=26244
2026-09-17 21:14:14,521 INFO SendInput scan=0x2A down=True accepted=1 error=0 target_pid=26244
2026-09-17 21:14:15,090 INFO SendInput scan=0x2A down=False accepted=1 error=0 target_pid=26244
2026-09-17 21:14:17,187 INFO SendInput scan=0x2A down=True accepted=1 error=0 target_pid=26244
2026-09-17 21:14:17,327 INFO SendInput scan=0x2A down=False accepted=1 error=0 target_pid=26244
2026-09-17 21:14:17,800 INFO SendInput scan=0x2A down=True accepted=1 error=0 target_pid=26244
2026-09-17 21:14:18,217 INFO SendInput scan=0x2A down=False accepted=1 error=0 target_pid=26244
2026-09-17 21:14:18,392 INFO SendInput scan=0x2A down=True accepted=1 error=0 target_pid=26244
2026-09-17 21:14:19,293 INFO SendInput scan=0x2A down=False accepted=1 error=0 target_pid=26244
2026-09-17 21:14:19,686 INFO SendInput scan=0x2A down=True accepted=1 error=0 target_pid=26244
2026-09-17 21:14:20,251 INFO SendInput scan=0x2A down=False accepted=1 error=0 target_pid=26244
2026-09-17 21:14:20,504 INFO SendInput scan=0x2A down=True accepted=1 error=0 target_pid=26244
2026-09-17 21:14:21,449 INFO SendInput scan=0x2A down=False accepted=1 error=0 target_pid=26244
2026-09-17 21:14:21,646 INFO SendInput scan=0x2A down=True accepted=1 error=0 target_pid=26244
2026-09-17 21:14:21,756 INFO SendInput scan=0x2A down=False accepted=1 error=0 target_pid=26244
2026-09-17 21:14:28,144 INFO SendInput scan=0x2A down=True accepted=1 error=0 target_pid=26244
2026-09-17 21:14:28,762 INFO SendInput scan=0x2A down=False accepted=1 error=0 target_pid=26244
2026-09-17 21:14:33,278 INFO SendInput scan=0x39 down=True accepted=1 error=0 target_pid=26244
2026-09-17 21:14:33,364 INFO SendInput scan=0x39 down=False accepted=1 error=0 target_pid=26244
2026-09-17 21:14:34,459 INFO SendInput scan=0x39 down=True accepted=1 error=0 target_pid=26244
2026-09-17 21:14:34,535 INFO SendInput scan=0x39 down=False accepted=1 error=0 target_pid=26244
2026-09-17 21:14:35,138 INFO SendInput scan=0x2A down=True accepted=1 error=0 target_pid=26244
2026-09-17 21:14:36,638 INFO SendInput scan=0x2A down=False accepted=1 error=0 target_pid=26244
2026-09-17 21:14:39,040 INFO SendInput scan=0x39 down=True accepted=1 error=0 target_pid=26244
2026-09-17 21:14:39,104 INFO SendInput scan=0x39 down=False accepted=1 error=0 target_pid=26244
2026-09-17 21:14:42,874 INFO SendInput scan=0x39 down=True accepted=1 error=0 target_pid=26244
2026-09-17 21:14:42,948 INFO SendInput scan=0x39 down=False accepted=1 error=0 target_pid=26244
2026-09-17 21:14:51,149 INFO SendInput scan=0x39 down=True accepted=1 error=0 target_pid=26244
2026-09-17 21:14:51,218 INFO SendInput scan=0x39 down=False accepted=1 error=0 target_pid=26244
2026-09-17 21:14:54,080 INFO SendInput scan=0x2A down=True accepted=1 error=0 target_pid=26244
2026-09-17 21:14:54,877 INFO SendInput scan=0x2A down=False accepted=1 error=0 target_pid=26244
2026-09-17 21:15:01,104 INFO SendInput scan=0x2A down=True accepted=1 error=0 target_pid=26244
2026-09-17 21:15:01,232 INFO SendInput scan=0x2A down=False accepted=1 error=0 target_pid=26244
2026-09-17 21:15:01,362 INFO SendInput scan=0x39 down=True accepted=1 error=0 target_pid=26244
2026-09-17 21:15:01,440 INFO SendInput scan=0x39 down=False accepted=1 error=0 target_pid=26244
2026-09-17 21:15:13,318 INFO SendInput scan=0x39 down=True accepted=1 error=0 target_pid=26244
2026-09-17 21:15:13,396 INFO SendInput scan=0x39 down=False accepted=1 error=0 target_pid=26244
2026-09-17 21:15:15,297 INFO SendInput scan=0x2A down=True accepted=1 error=0 target_pid=26244
2026-09-17 21:15:16,146 INFO SendInput scan=0x2A down=False accepted=1 error=0 target_pid=26244
2026-09-17 21:15:16,708 INFO SendInput scan=0x39 down=True accepted=1 error=0 target_pid=26244
2026-09-17 21:15:16,785 INFO SendInput scan=0x39 down=False accepted=1 error=0 target_pid=26244
2026-09-17 21:15:19,166 INFO SendInput scan=0x2A down=True accepted=1 error=0 target_pid=26244
2026-09-17 21:15:19,236 INFO SendInput scan=0x2A down=False accepted=1 error=0 target_pid=26244
2026-09-17 21:15:19,715 INFO SendInput scan=0x2A down=True accepted=1 error=0 target_pid=26244
2026-09-17 21:15:19,846 INFO SendInput scan=0x2A down=False accepted=1 error=0 target_pid=26244
2026-09-17 21:15:20,558 INFO SendInput scan=0x39 down=True accepted=1 error=0 target_pid=26244
2026-09-17 21:15:20,626 INFO SendInput scan=0x39 down=False accepted=1 error=0 target_pid=26244
2026-09-17 21:15:21,494 INFO SendInput scan=0x2A down=True accepted=1 error=0 target_pid=26244
2026-09-17 21:15:22,173 INFO SendInput scan=0x2A down=False accepted=1 error=0 target_pid=26244
2026-09-17 21:15:22,526 INFO SendInput scan=0x2A down=True accepted=1 error=0 target_pid=26244
2026-09-17 21:15:23,223 INFO SendInput scan=0x2A down=False accepted=1 error=0 target_pid=26244
2026-09-17 21:15:27,474 INFO SendInput scan=0x2A down=True accepted=1 error=0 target_pid=26244
2026-09-17 21:15:27,934 INFO SendInput scan=0x2A down=False accepted=1 error=0 target_pid=26244
2026-09-17 21:15:29,056 INFO SendInput scan=0x2A down=True accepted=1 error=0 target_pid=26244
2026-09-17 21:15:32,731 INFO SendInput scan=0x2A down=False accepted=1 error=0 target_pid=26244
2026-09-17 21:15:33,464 INFO SendInput scan=0x2A down=True accepted=1 error=0 target_pid=26244
2026-09-17 21:15:34,338 INFO SendInput scan=0x2A down=False accepted=1 error=0 target_pid=26244
2026-09-17 21:15:35,056 INFO SendInput scan=0x2A down=True accepted=1 error=0 target_pid=26244
2026-09-17 21:15:35,696 INFO SendInput scan=0x2A down=False accepted=1 error=0 target_pid=26244
2026-09-17 21:15:36,439 INFO SendInput scan=0x2A down=True accepted=1 error=0 target_pid=26244
2026-09-17 21:15:37,541 INFO SendInput scan=0x2A down=False accepted=1 error=0 target_pid=26244
2026-09-17 21:15:37,935 INFO SendInput scan=0x2A down=True accepted=1 error=0 target_pid=26244
2026-09-17 21:15:39,637 INFO SendInput scan=0x2A down=False accepted=1 error=0 target_pid=26244
2026-09-17 21:15:42,455 INFO SendInput scan=0x2A down=True accepted=1 error=0 target_pid=26244
2026-09-17 21:15:42,585 INFO SendInput scan=0x2A down=False accepted=1 error=0 target_pid=26244
2026-09-17 21:15:43,380 INFO SendInput scan=0x2A down=True accepted=1 error=0 target_pid=26244
2026-09-17 21:15:43,698 INFO SendInput scan=0x2A down=False accepted=1 error=0 target_pid=26244
2026-09-17 21:15:45,753 INFO SendInput scan=0x2A down=True accepted=1 error=0 target_pid=26244
2026-09-17 21:15:46,192 INFO SendInput scan=0x2A down=False accepted=1 error=0 target_pid=26244
2026-09-17 21:16:22,372 INFO SendInput scan=0x2A down=True accepted=1 error=0 target_pid=26244
2026-09-17 21:16:23,903 INFO SendInput scan=0x2A down=False accepted=1 error=0 target_pid=26244
2026-09-17 21:16:24,157 INFO SendInput scan=0x2A down=True accepted=1 error=0 target_pid=26244
2026-09-17 21:16:24,252 INFO SendInput scan=0x2A down=False accepted=1 error=0 target_pid=26244
2026-09-17 21:16:25,075 INFO SendInput scan=0x2A down=True accepted=1 error=0 target_pid=26244
2026-09-17 21:16:25,339 INFO SendInput scan=0x2A down=False accepted=1 error=0 target_pid=26244
2026-09-17 21:16:25,700 INFO SendInput scan=0x2A down=True accepted=1 error=0 target_pid=26244
2026-09-17 21:16:25,810 INFO SendInput scan=0x2A down=False accepted=1 error=0 target_pid=26244
2026-09-17 21:16:26,169 INFO SendInput scan=0x2A down=True accepted=1 error=0 target_pid=26244
2026-09-17 21:16:26,981 INFO SendInput scan=0x2A down=False accepted=1 error=0 target_pid=26244
2026-09-17 21:16:27,505 INFO SendInput scan=0x2A down=True accepted=1 error=0 target_pid=26244
2026-09-17 21:16:28,302 INFO SendInput scan=0x2A down=False accepted=1 error=0 target_pid=26244
2026-09-17 21:16:28,947 INFO SendInput scan=0x2A down=True accepted=1 error=0 target_pid=26244
2026-09-17 21:16:29,849 INFO SendInput scan=0x2A down=False accepted=1 error=0 target_pid=26244
2026-09-17 21:16:30,480 INFO SendInput scan=0x2A down=True accepted=1 error=0 target_pid=26244
2026-09-17 21:16:31,113 INFO SendInput scan=0x2A down=False accepted=1 error=0 target_pid=26244
2026-09-17 21:16:31,678 INFO SendInput scan=0x2A down=True accepted=1 error=0 target_pid=26244
2026-09-17 21:16:32,303 INFO SendInput scan=0x2A down=False accepted=1 error=0 target_pid=26244
2026-09-17 21:16:32,663 INFO SendInput scan=0x2A down=True accepted=1 error=0 target_pid=26244
2026-09-17 21:16:32,739 INFO SendInput scan=0x2A down=False accepted=1 error=0 target_pid=26244
2026-09-17 21:16:33,072 INFO SendInput scan=0x39 down=True accepted=1 error=0 target_pid=26244
2026-09-17 21:16:33,136 INFO SendInput scan=0x39 down=False accepted=1 error=0 target_pid=26244
2026-09-17 21:16:33,289 INFO SendInput scan=0x2A down=True accepted=1 error=0 target_pid=26244
2026-09-17 21:16:34,980 INFO SendInput scan=0x2A down=False accepted=1 error=0 target_pid=26244
2026-09-17 21:16:36,841 INFO SendInput scan=0x2A down=True accepted=1 error=0 target_pid=26244
2026-09-17 21:16:37,420 INFO SendInput scan=0x2A down=False accepted=1 error=0 target_pid=26244
2026-09-17 21:16:37,763 INFO SendInput scan=0x2A down=True accepted=1 error=0 target_pid=26244
2026-09-17 21:16:38,443 INFO SendInput scan=0x2A down=False accepted=1 error=0 target_pid=26244
2026-09-17 21:16:39,317 INFO SendInput scan=0x2A down=True accepted=1 error=0 target_pid=26244
2026-09-17 21:16:39,454 INFO SendInput scan=0x2A down=False accepted=1 error=0 target_pid=26244
2026-09-17 21:16:40,263 INFO SendInput scan=0x2A down=True accepted=1 error=0 target_pid=26244
2026-09-17 21:16:40,268 INFO SendInput scan=0x39 down=True accepted=1 error=0 target_pid=26244
2026-09-17 21:16:40,352 INFO SendInput scan=0x39 down=False accepted=1 error=0 target_pid=26244
2026-09-17 21:16:43,520 INFO SendInput scan=0x2A down=False accepted=1 error=0 target_pid=26244
2026-09-17 21:16:54,195 INFO SendInput scan=0x39 down=True accepted=1 error=0 target_pid=26244
2026-09-17 21:16:54,265 INFO SendInput scan=0x39 down=False accepted=1 error=0 target_pid=26244
2026-09-17 21:16:57,653 INFO SendInput scan=0x39 down=True accepted=1 error=0 target_pid=26244
2026-09-17 21:16:57,718 INFO SendInput scan=0x39 down=False accepted=1 error=0 target_pid=26244
2026-09-17 21:16:58,139 INFO SendInput scan=0x2A down=True accepted=1 error=0 target_pid=26244
2026-09-17 21:17:00,466 INFO SendInput scan=0x2A down=False accepted=1 error=0 target_pid=26244
2026-09-17 21:17:00,705 INFO SendInput scan=0x39 down=True accepted=1 error=0 target_pid=26244
2026-09-17 21:17:00,787 INFO SendInput scan=0x39 down=False accepted=1 error=0 target_pid=26244
2026-09-17 21:17:02,030 INFO SendInput scan=0x2A down=True accepted=1 error=0 target_pid=26244
2026-09-17 21:17:03,545 INFO SendInput scan=0x2A down=False accepted=1 error=0 target_pid=26244
2026-09-17 21:17:03,914 INFO SendInput scan=0x39 down=True accepted=1 error=0 target_pid=26244
2026-09-17 21:17:03,980 INFO SendInput scan=0x39 down=False accepted=1 error=0 target_pid=26244
2026-09-17 21:17:04,527 INFO SendInput scan=0x2A down=True accepted=1 error=0 target_pid=26244
2026-09-17 21:17:05,419 INFO SendInput scan=0x2A down=False accepted=1 error=0 target_pid=26244
2026-09-17 21:17:06,727 INFO SendInput scan=0x39 down=True accepted=1 error=0 target_pid=26244
2026-09-17 21:17:06,804 INFO SendInput scan=0x39 down=False accepted=1 error=0 target_pid=26244
2026-09-17 21:17:28,309 INFO SendInput scan=0x39 down=True accepted=1 error=0 target_pid=26244
2026-09-17 21:17:28,393 INFO SendInput scan=0x39 down=False accepted=1 error=0 target_pid=26244
2026-09-17 21:17:38,275 INFO SendInput scan=0x39 down=True accepted=1 error=0 target_pid=26244
2026-09-17 21:17:38,339 INFO SendInput scan=0x39 down=False accepted=1 error=0 target_pid=26244
2026-09-17 21:17:40,381 INFO SendInput scan=0x39 down=True accepted=1 error=0 target_pid=26244
2026-09-17 21:17:40,458 INFO SendInput scan=0x39 down=False accepted=1 error=0 target_pid=26244
2026-09-17 21:17:41,597 INFO SendInput scan=0x2A down=True accepted=1 error=0 target_pid=26244
2026-09-17 21:17:41,721 INFO SendInput scan=0x2A down=False accepted=1 error=0 target_pid=26244
2026-09-17 21:17:41,915 INFO SendInput scan=0x2A down=True accepted=1 error=0 target_pid=26244
2026-09-17 21:17:42,235 INFO SendInput scan=0x2A down=False accepted=1 error=0 target_pid=26244
2026-09-17 21:17:42,648 INFO SendInput scan=0x39 down=True accepted=1 error=0 target_pid=26244
2026-09-17 21:17:42,720 INFO SendInput scan=0x39 down=False accepted=1 error=0 target_pid=26244
2026-09-17 21:17:42,774 INFO SendInput scan=0x2A down=True accepted=1 error=0 target_pid=26244
2026-09-17 21:17:44,030 INFO SendInput scan=0x2A down=False accepted=1 error=0 target_pid=26244
2026-09-17 21:17:44,226 INFO SendInput scan=0x2A down=True accepted=1 error=0 target_pid=26244
2026-09-17 21:17:44,964 INFO SendInput scan=0x2A down=False accepted=1 error=0 target_pid=26244
2026-09-17 21:17:45,885 INFO SendInput scan=0x2A down=True accepted=1 error=0 target_pid=26244
2026-09-17 21:17:46,505 INFO SendInput scan=0x2A down=False accepted=1 error=0 target_pid=26244
2026-09-17 21:17:47,769 INFO SendInput scan=0x39 down=True accepted=1 error=0 target_pid=26244
2026-09-17 21:17:47,841 INFO SendInput scan=0x39 down=False accepted=1 error=0 target_pid=26244
2026-09-17 21:17:47,897 INFO SendInput scan=0x2A down=True accepted=1 error=0 target_pid=26244
2026-09-17 21:17:50,325 INFO SendInput scan=0x2A down=False accepted=1 error=0 target_pid=26244
2026-09-17 21:17:50,429 INFO SendInput scan=0x39 down=True accepted=1 error=0 target_pid=26244
2026-09-17 21:17:50,499 INFO SendInput scan=0x39 down=False accepted=1 error=0 target_pid=26244
2026-09-17 21:17:50,590 INFO SendInput scan=0x2A down=True accepted=1 error=0 target_pid=26244
2026-09-17 21:17:50,659 INFO SendInput scan=0x2A down=False accepted=1 error=0 target_pid=26244
2026-09-17 21:17:52,228 INFO SendInput scan=0x2A down=True accepted=1 error=0 target_pid=26244
2026-09-17 21:17:53,661 INFO SendInput scan=0x2A down=False accepted=1 error=0 target_pid=26244
2026-09-17 21:17:53,798 INFO SendInput scan=0x39 down=True accepted=1 error=0 target_pid=26244
2026-09-17 21:17:53,871 INFO SendInput scan=0x39 down=False accepted=1 error=0 target_pid=26244
2026-09-17 21:17:54,481 INFO SendInput scan=0x2A down=True accepted=1 error=0 target_pid=26244
2026-09-17 21:17:55,805 INFO SendInput scan=0x2A down=False accepted=1 error=0 target_pid=26244
2026-09-17 21:17:56,172 INFO SendInput scan=0x39 down=True accepted=1 error=0 target_pid=26244
2026-09-17 21:17:56,245 INFO SendInput scan=0x39 down=False accepted=1 error=0 target_pid=26244
2026-09-17 21:18:01,837 INFO SendInput scan=0x39 down=True accepted=1 error=0 target_pid=26244
2026-09-17 21:18:01,910 INFO SendInput scan=0x39 down=False accepted=1 error=0 target_pid=26244
2026-09-17 21:18:10,506 INFO SendInput scan=0x39 down=True accepted=1 error=0 target_pid=26244
2026-09-17 21:18:10,579 INFO SendInput scan=0x39 down=False accepted=1 error=0 target_pid=26244
2026-09-17 21:18:13,385 INFO SendInput scan=0x39 down=True accepted=1 error=0 target_pid=26244
2026-09-17 21:18:13,468 INFO SendInput scan=0x39 down=False accepted=1 error=0 target_pid=26244
2026-09-17 21:18:18,417 INFO SendInput scan=0x39 down=True accepted=1 error=0 target_pid=26244
2026-09-17 21:18:18,502 INFO SendInput scan=0x39 down=False accepted=1 error=0 target_pid=26244
2026-09-17 22:22:40,117 INFO WebMotion starting integrity={'rid': 12288, 'name': 'High', 'error': 0}
2026-09-17 22:56:12,994 INFO Tracking camera_fps=0.1 inference_fps=0.0 model_ms=0.0 age_ms=16.0 hands=0 pose=False mode=Gövde görünmüyor
2026-09-17 22:56:16,076 INFO Tracking camera_fps=3.8 inference_fps=3.8 model_ms=16.0 age_ms=16.0 hands=0 pose=False mode=Gövde görünmüyor
2026-09-17 22:58:35,352 INFO Tracking camera_fps=0.1 inference_fps=0.0 model_ms=0.0 age_ms=0.0 hands=0 pose=False mode=Gövde görünmüyor
2026-09-17 22:58:38,378 INFO Tracking camera_fps=27.8 inference_fps=27.5 model_ms=16.0 age_ms=16.0 hands=0 pose=False mode=Gövde görünmüyor
2026-09-17 22:58:41,399 INFO Tracking camera_fps=29.9 inference_fps=31.1 model_ms=0.0 age_ms=0.0 hands=0 pose=False mode=Gövde görünmüyor
2026-09-17 22:58:44,423 INFO Tracking camera_fps=26.7 inference_fps=26.6 model_ms=16.0 age_ms=16.0 hands=0 pose=False mode=Gövde görünmüyor
2026-09-17 22:58:47,465 INFO Tracking camera_fps=26.4 inference_fps=26.7 model_ms=0.0 age_ms=0.0 hands=0 pose=False mode=Gövde görünmüyor
2026-09-17 22:58:50,476 INFO Tracking camera_fps=26.0 inference_fps=26.1 model_ms=15.0 age_ms=15.0 hands=0 pose=False mode=Gövde görünmüyor
2026-09-17 22:58:53,483 INFO Tracking camera_fps=26.2 inference_fps=29.9 model_ms=31.0 age_ms=31.0 hands=0 pose=False mode=Gövde görünmüyor
2026-09-17 22:58:56,523 INFO Tracking camera_fps=26.8 inference_fps=30.4 model_ms=15.0 age_ms=31.0 hands=0 pose=False mode=Gövde görünmüyor
2026-09-17 22:58:59,533 INFO Tracking camera_fps=26.9 inference_fps=28.3 model_ms=31.0 age_ms=31.0 hands=0 pose=False mode=Gövde görünmüyor
2026-09-17 22:59:02,588 INFO Tracking camera_fps=17.5 inference_fps=18.9 model_ms=16.0 age_ms=16.0 hands=0 pose=True mode=Kalibrasyon
2026-09-17 22:59:05,608 INFO Tracking camera_fps=25.8 inference_fps=24.8 model_ms=47.0 age_ms=62.0 hands=1 pose=True mode=Kalibrasyon
2026-09-17 22:59:08,635 INFO Tracking camera_fps=19.6 inference_fps=20.6 model_ms=16.0 age_ms=16.0 hands=0 pose=False mode=Gövde görünmüyor
2026-09-17 22:59:11,667 INFO Tracking camera_fps=30.1 inference_fps=30.6 model_ms=31.0 age_ms=31.0 hands=0 pose=True mode=Kalibrasyon
2026-09-17 22:59:14,673 INFO Tracking camera_fps=33.4 inference_fps=29.6 model_ms=32.0 age_ms=47.0 hands=0 pose=True mode=Serbest
2026-09-17 22:59:16,476 INFO SendInput scan=0x1E down=True accepted=1 error=0 target_pid=8572
2026-09-17 22:59:17,278 INFO SendInput scan=0x2A down=True accepted=1 error=0 target_pid=8572
2026-09-17 22:59:17,278 INFO SendInput scan=0x1E down=False accepted=1 error=0 target_pid=8572
2026-09-17 22:59:17,574 INFO SendInput scan=0x2A down=False accepted=1 error=0 target_pid=8572
2026-09-17 22:59:17,690 INFO Tracking camera_fps=39.4 inference_fps=25.1 model_ms=31.0 age_ms=47.0 hands=1 pose=True mode=Serbest
2026-09-17 22:59:17,781 INFO SendInput scan=0x1E down=True accepted=1 error=0 target_pid=8572
2026-09-17 22:59:19,253 INFO SendInput scan=0x1E down=False accepted=1 error=0 target_pid=8572
2026-09-17 22:59:20,715 INFO Tracking camera_fps=30.8 inference_fps=30.5 model_ms=31.0 age_ms=31.0 hands=1 pose=True mode=Serbest
2026-09-17 22:59:23,729 INFO Tracking camera_fps=31.1 inference_fps=30.8 model_ms=31.0 age_ms=62.0 hands=2 pose=True mode=Serbest
2026-09-17 22:59:24,686 INFO SendInput scan=0x20 down=True accepted=1 error=0 target_pid=8572
2026-09-17 22:59:26,574 INFO SendInput scan=0x20 down=False accepted=1 error=0 target_pid=8572
2026-09-17 22:59:26,733 INFO Tracking camera_fps=33.8 inference_fps=24.2 model_ms=31.0 age_ms=47.0 hands=2 pose=True mode=Serbest
2026-09-17 22:59:26,833 INFO SendInput scan=0x1E down=True accepted=1 error=0 target_pid=8572
2026-09-17 22:59:27,886 INFO SendInput scan=0x1E down=False accepted=1 error=0 target_pid=8572
2026-09-17 22:59:28,157 INFO SendInput scan=0x20 down=True accepted=1 error=0 target_pid=8572
2026-09-17 22:59:29,120 INFO SendInput scan=0x20 down=False accepted=1 error=0 target_pid=8572
2026-09-17 22:59:29,772 INFO Tracking camera_fps=31.5 inference_fps=32.3 model_ms=15.0 age_ms=31.0 hands=2 pose=True mode=Serbest
2026-09-17 22:59:31,004 INFO SendInput scan=0x20 down=True accepted=1 error=0 target_pid=8572
2026-09-17 22:59:32,805 INFO Tracking camera_fps=31.9 inference_fps=32.2 model_ms=32.0 age_ms=32.0 hands=2 pose=True mode=Serbest
2026-09-17 22:59:33,273 INFO SendInput scan=0x20 down=False accepted=1 error=0 target_pid=8572
2026-09-17 22:59:33,970 INFO SendInput scan=0x20 down=True accepted=1 error=0 target_pid=8572
2026-09-17 22:59:34,522 INFO SendInput scan=0x20 down=False accepted=1 error=0 target_pid=8572
2026-09-17 22:59:34,840 INFO SendInput scan=0x20 down=True accepted=1 error=0 target_pid=8572
2026-09-17 22:59:35,380 INFO SendInput scan=0x2A down=True accepted=1 error=0 target_pid=8572
2026-09-17 22:59:35,712 INFO SendInput scan=0x2A down=False accepted=1 error=0 target_pid=8572
2026-09-17 22:59:35,817 INFO Tracking camera_fps=41.6 inference_fps=25.8 model_ms=31.0 age_ms=62.0 hands=2 pose=True mode=Serbest
2026-09-17 22:59:36,344 INFO SendInput scan=0x2A down=True accepted=1 error=0 target_pid=8572
2026-09-17 22:59:36,556 INFO SendInput scan=0x2A down=False accepted=1 error=0 target_pid=8572
2026-09-17 22:59:36,669 INFO SendInput scan=0x2A down=True accepted=1 error=0 target_pid=8572
2026-09-17 22:59:36,710 INFO SendInput scan=0x2A down=False accepted=1 error=0 target_pid=8572
2026-09-17 22:59:37,011 INFO SendInput scan=0x2A down=True accepted=1 error=0 target_pid=8572
2026-09-17 22:59:38,000 INFO SendInput scan=0x2A down=False accepted=1 error=0 target_pid=8572
2026-09-17 22:59:38,531 INFO SendInput scan=0x2A down=True accepted=1 error=0 target_pid=8572
2026-09-17 22:59:38,836 INFO Tracking camera_fps=31.6 inference_fps=26.1 model_ms=31.0 age_ms=47.0 hands=2 pose=True mode=Swing
2026-09-17 22:59:39,219 INFO SendInput scan=0x2A down=False accepted=1 error=0 target_pid=8572
2026-09-17 22:59:39,500 INFO SendInput scan=0x2A down=True accepted=1 error=0 target_pid=8572
2026-09-17 22:59:41,023 INFO SendInput scan=0x2A down=False accepted=1 error=0 target_pid=8572
2026-09-17 22:59:41,180 INFO SendInput scan=0x20 down=False accepted=1 error=0 target_pid=8572
2026-09-17 22:59:41,273 INFO SendInput scan=0x20 down=True accepted=1 error=0 target_pid=8572
2026-09-17 22:59:41,454 INFO SendInput scan=0x2A down=True accepted=1 error=0 target_pid=8572
2026-09-17 22:59:41,819 INFO SendInput scan=0x2A down=False accepted=1 error=0 target_pid=8572
2026-09-17 22:59:41,819 INFO SendInput scan=0x20 down=False accepted=1 error=0 target_pid=8572
2026-09-17 22:59:41,848 INFO Tracking camera_fps=31.3 inference_fps=29.8 model_ms=31.0 age_ms=46.0 hands=2 pose=True mode=Eğilme
2026-09-17 22:59:44,868 INFO Tracking camera_fps=30.7 inference_fps=32.4 model_ms=16.0 age_ms=31.0 hands=2 pose=True mode=Serbest
2026-09-17 22:59:45,610 INFO SendInput scan=0x39 down=True accepted=1 error=0 target_pid=8572
2026-09-17 22:59:45,694 INFO SendInput scan=0x39 down=False accepted=1 error=0 target_pid=8572
2026-09-17 22:59:46,312 INFO SendInput scan=0x20 down=True accepted=1 error=0 target_pid=8572
2026-09-17 22:59:46,835 INFO SendInput scan=0x20 down=False accepted=1 error=0 target_pid=8572
2026-09-17 22:59:47,889 INFO Tracking camera_fps=32.0 inference_fps=33.0 model_ms=31.0 age_ms=47.0 hands=2 pose=True mode=Serbest
2026-09-17 22:59:48,094 INFO SendInput scan=0x20 down=True accepted=1 error=0 target_pid=8572
2026-09-17 22:59:48,973 INFO SendInput scan=0x20 down=False accepted=1 error=0 target_pid=8572
2026-09-17 22:59:50,912 INFO Tracking camera_fps=30.8 inference_fps=34.0 model_ms=31.0 age_ms=31.0 hands=2 pose=True mode=Serbest
2026-09-17 22:59:52,694 INFO SendInput scan=0x39 down=True accepted=1 error=0 target_pid=8572
2026-09-17 22:59:52,768 INFO SendInput scan=0x39 down=False accepted=1 error=0 target_pid=8572
2026-09-17 22:59:53,937 INFO Tracking camera_fps=32.2 inference_fps=31.8 model_ms=31.0 age_ms=31.0 hands=2 pose=True mode=Serbest
2026-09-17 22:59:56,986 INFO Tracking camera_fps=35.6 inference_fps=28.3 model_ms=47.0 age_ms=47.0 hands=2 pose=True mode=Serbest
2026-09-17 23:00:00,027 INFO Tracking camera_fps=33.1 inference_fps=29.9 model_ms=31.0 age_ms=31.0 hands=2 pose=True mode=Serbest
2026-09-17 23:00:02,696 INFO SendInput scan=0x2A down=True accepted=1 error=0 target_pid=8572
2026-09-17 23:00:03,048 INFO Tracking camera_fps=33.2 inference_fps=28.9 model_ms=32.0 age_ms=47.0 hands=2 pose=True mode=Swing
2026-09-17 23:00:03,450 INFO SendInput scan=0x2A down=False accepted=1 error=0 target_pid=8572
2026-09-17 23:00:06,094 INFO Tracking camera_fps=32.4 inference_fps=28.9 model_ms=46.0 age_ms=62.0 hands=2 pose=True mode=Serbest
2026-09-17 23:00:09,107 INFO SendInput scan=0x20 down=True accepted=1 error=0 target_pid=8572
2026-09-17 23:00:09,153 INFO Tracking camera_fps=30.2 inference_fps=29.0 model_ms=63.0 age_ms=63.0 hands=2 pose=True mode=Serbest
2026-09-17 23:00:09,594 INFO Mouse button=left down=True accepted=1
2026-09-17 23:00:09,701 INFO Mouse button=left down=False accepted=1
2026-09-17 23:00:10,098 INFO SendInput scan=0x39 down=True accepted=1 error=0 target_pid=8572
2026-09-17 23:00:10,173 INFO SendInput scan=0x39 down=False accepted=1 error=0 target_pid=8572
2026-09-17 23:00:10,801 INFO SendInput scan=0x20 down=False accepted=1 error=0 target_pid=8572
2026-09-17 23:00:10,822 INFO SendInput scan=0x1E down=True accepted=1 error=0 target_pid=8572
2026-09-17 23:00:11,274 INFO SendInput scan=0x1E down=False accepted=1 error=0 target_pid=8572
2026-09-17 23:00:11,367 INFO SendInput scan=0x20 down=True accepted=1 error=0 target_pid=8572
2026-09-17 23:00:11,497 INFO SendInput scan=0x20 down=False accepted=1 error=0 target_pid=8572
2026-09-17 23:00:11,595 INFO SendInput scan=0x1E down=True accepted=1 error=0 target_pid=8572
2026-09-17 23:00:11,752 INFO SendInput scan=0x1E down=False accepted=1 error=0 target_pid=8572
2026-09-17 23:00:11,854 INFO SendInput scan=0x1E down=True accepted=1 error=0 target_pid=8572
2026-09-17 23:00:11,876 INFO SendInput scan=0x1E down=False accepted=1 error=0 target_pid=8572
2026-09-17 23:00:12,183 INFO Tracking camera_fps=31.0 inference_fps=36.0 model_ms=16.0 age_ms=16.0 hands=0 pose=False mode=Gövde görünmüyor
2026-09-17 23:00:12,942 INFO SendInput scan=0x20 down=True accepted=1 error=0 target_pid=8572
2026-09-17 23:00:14,419 INFO SendInput scan=0x20 down=False accepted=1 error=0 target_pid=8572
2026-09-17 23:00:14,728 INFO SendInput scan=0x1E down=True accepted=1 error=0 target_pid=8572
2026-09-17 23:00:15,209 INFO Tracking camera_fps=31.4 inference_fps=34.7 model_ms=16.0 age_ms=31.0 hands=0 pose=True mode=Eğilme
2026-09-17 23:00:15,519 INFO SendInput scan=0x1E down=False accepted=1 error=0 target_pid=8572
2026-09-17 23:00:16,453 INFO SendInput scan=0x20 down=True accepted=1 error=0 target_pid=8572
2026-09-17 23:00:18,239 INFO Tracking camera_fps=30.9 inference_fps=33.4 model_ms=31.0 age_ms=31.0 hands=0 pose=True mode=Eğilme
2026-09-17 23:00:21,276 INFO Tracking camera_fps=30.3 inference_fps=30.4 model_ms=31.0 age_ms=31.0 hands=2 pose=True mode=Eğilme
2026-09-17 23:00:22,378 INFO SendInput scan=0x20 down=False accepted=1 error=0 target_pid=8572
2026-09-17 23:00:24,280 INFO Tracking camera_fps=31.2 inference_fps=22.9 model_ms=31.0 age_ms=63.0 hands=2 pose=True mode=Eğilme
2026-09-17 23:00:25,598 INFO SendInput scan=0x2A down=True accepted=1 error=0 target_pid=8572
2026-09-17 23:00:25,672 INFO SendInput scan=0x2A down=False accepted=1 error=0 target_pid=8572
2026-09-17 23:00:25,953 INFO SendInput scan=0x2A down=True accepted=1 error=0 target_pid=8572
2026-09-17 23:00:25,985 INFO SendInput scan=0x2A down=False accepted=1 error=0 target_pid=8572
2026-09-17 23:00:26,216 INFO SendInput scan=0x1E down=True accepted=1 error=0 target_pid=8572
2026-09-17 23:00:26,314 INFO SendInput scan=0x2A down=True accepted=1 error=0 target_pid=8572
2026-09-17 23:00:26,359 INFO SendInput scan=0x2A down=False accepted=1 error=0 target_pid=8572
2026-09-17 23:00:27,343 INFO Tracking camera_fps=30.6 inference_fps=19.7 model_ms=62.0 age_ms=62.0 hands=1 pose=True mode=Eğilme
2026-09-17 23:00:27,770 INFO SendInput scan=0x1E down=False accepted=1 error=0 target_pid=8572
2026-09-17 23:00:27,812 INFO Mouse button=left down=True accepted=1
2026-09-17 23:00:27,928 INFO Mouse button=left down=False accepted=1
2026-09-17 23:00:30,382 INFO Tracking camera_fps=30.9 inference_fps=29.4 model_ms=32.0 age_ms=47.0 hands=0 pose=True mode=Eğilme
2026-09-17 23:00:30,918 INFO Mouse button=left down=True accepted=1
2026-09-17 23:00:30,919 INFO SendInput scan=0x1E down=True accepted=1 error=0 target_pid=8572
2026-09-17 23:00:31,013 INFO Mouse button=left down=False accepted=1
2026-09-17 23:00:31,276 INFO SendInput scan=0x1E down=False accepted=1 error=0 target_pid=8572
2026-09-17 23:00:31,319 INFO Mouse button=left down=True accepted=1
2026-09-17 23:00:31,423 INFO Mouse button=left down=False accepted=1
2026-09-17 23:00:31,978 INFO SendInput scan=0x1E down=True accepted=1 error=0 target_pid=8572
2026-09-17 23:00:32,288 INFO Mouse button=left down=True accepted=1
2026-09-17 23:00:32,288 INFO SendInput scan=0x1E down=False accepted=1 error=0 target_pid=8572
2026-09-17 23:00:32,395 INFO Mouse button=left down=False accepted=1
2026-09-17 23:00:33,443 INFO Tracking camera_fps=30.4 inference_fps=18.8 model_ms=62.0 age_ms=78.0 hands=1 pose=True mode=Eğilme
2026-09-17 23:00:33,683 INFO SendInput scan=0x1E down=True accepted=1 error=0 target_pid=8572
2026-09-17 23:00:34,101 INFO SendInput scan=0x1E down=False accepted=1 error=0 target_pid=8572
2026-09-17 23:00:34,595 INFO Mouse button=left down=True accepted=1
2026-09-17 23:00:34,712 INFO Mouse button=left down=False accepted=1
2026-09-17 23:00:34,872 INFO SendInput scan=0x1E down=True accepted=1 error=0 target_pid=8572
2026-09-17 23:00:36,297 INFO SendInput scan=0x1E down=False accepted=1 error=0 target_pid=8572
2026-09-17 23:00:36,469 INFO Tracking camera_fps=33.9 inference_fps=21.8 model_ms=46.0 age_ms=62.0 hands=1 pose=True mode=Eğilme
2026-09-17 23:00:38,313 INFO SendInput scan=0x1E down=True accepted=1 error=0 target_pid=8572
2026-09-17 23:00:38,579 INFO SendInput scan=0x1E down=False accepted=1 error=0 target_pid=8572
2026-09-17 23:00:38,736 INFO SendInput scan=0x20 down=True accepted=1 error=0 target_pid=8572
2026-09-17 23:00:39,487 INFO Tracking camera_fps=31.6 inference_fps=34.3 model_ms=31.0 age_ms=47.0 hands=0 pose=True mode=Eğilme
2026-09-17 23:00:39,903 INFO SendInput scan=0x20 down=False accepted=1 error=0 target_pid=8572
2026-09-17 23:00:42,571 INFO Tracking camera_fps=27.0 inference_fps=28.6 model_ms=15.0 age_ms=15.0 hands=0 pose=False mode=Gövde görünmüyor
2026-09-17 23:00:44,547 ERROR Kamera akışı kesildi. Yenile ile kamerayı yeniden seçin.
2026-09-17 23:01:18,570 INFO Tracking camera_fps=0.1 inference_fps=0.0 model_ms=0.0 age_ms=15.0 hands=0 pose=False mode=Gövde görünmüyor
2026-09-17 23:01:21,609 INFO Tracking camera_fps=3.7 inference_fps=3.6 model_ms=16.0 age_ms=16.0 hands=0 pose=False mode=Gövde görünmüyor
2026-09-17 23:01:24,684 INFO Tracking camera_fps=9.0 inference_fps=9.3 model_ms=0.0 age_ms=0.0 hands=0 pose=True mode=Kalibrasyon
2026-09-17 23:01:27,692 INFO Tracking camera_fps=16.9 inference_fps=16.9 model_ms=15.0 age_ms=15.0 hands=0 pose=True mode=Kalibrasyon
2026-09-17 23:01:30,746 INFO Tracking camera_fps=16.8 inference_fps=17.4 model_ms=0.0 age_ms=0.0 hands=0 pose=True mode=Serbest
2026-09-17 23:01:33,755 INFO Tracking camera_fps=16.8 inference_fps=16.9 model_ms=16.0 age_ms=16.0 hands=0 pose=True mode=Eğilme
2026-09-17 23:01:36,811 INFO Tracking camera_fps=16.7 inference_fps=16.9 model_ms=15.0 age_ms=15.0 hands=0 pose=True mode=Serbest
2026-09-17 23:01:39,963 INFO Tracking camera_fps=9.4 inference_fps=9.4 model_ms=0.0 age_ms=16.0 hands=0 pose=True mode=Serbest
2026-09-17 23:01:42,972 INFO Tracking camera_fps=20.0 inference_fps=19.7 model_ms=15.0 age_ms=15.0 hands=0 pose=True mode=Eğilme
2026-09-17 23:01:46,010 INFO Tracking camera_fps=25.7 inference_fps=26.2 model_ms=0.0 age_ms=0.0 hands=0 pose=True mode=Kalibrasyon
2026-09-17 23:01:49,051 INFO Tracking camera_fps=25.9 inference_fps=26.0 model_ms=16.0 age_ms=16.0 hands=0 pose=True mode=Serbest
2026-09-17 23:01:52,092 INFO Tracking camera_fps=25.8 inference_fps=25.7 model_ms=15.0 age_ms=15.0 hands=0 pose=True mode=Kalibrasyon
2026-09-17 23:01:55,131 INFO Tracking camera_fps=26.0 inference_fps=26.1 model_ms=16.0 age_ms=16.0 hands=0 pose=True mode=Serbest
2026-09-17 23:01:58,172 INFO Tracking camera_fps=25.9 inference_fps=25.4 model_ms=16.0 age_ms=16.0 hands=0 pose=True mode=Serbest
2026-09-17 23:02:01,211 INFO Tracking camera_fps=26.3 inference_fps=26.0 model_ms=16.0 age_ms=16.0 hands=0 pose=True mode=Serbest
2026-09-17 23:02:04,253 INFO Tracking camera_fps=26.1 inference_fps=25.9 model_ms=16.0 age_ms=16.0 hands=1 pose=True mode=Serbest
2026-09-17 23:02:07,294 INFO Tracking camera_fps=25.8 inference_fps=28.5 model_ms=16.0 age_ms=16.0 hands=1 pose=True mode=Serbest
2026-09-17 23:02:10,332 INFO Tracking camera_fps=26.1 inference_fps=27.2 model_ms=16.0 age_ms=16.0 hands=2 pose=True mode=Serbest
2026-09-17 23:02:13,373 INFO Tracking camera_fps=25.9 inference_fps=25.4 model_ms=16.0 age_ms=16.0 hands=2 pose=True mode=Serbest
2026-09-17 23:02:16,421 INFO Tracking camera_fps=26.2 inference_fps=26.4 model_ms=32.0 age_ms=32.0 hands=2 pose=True mode=Serbest
2026-09-17 23:02:19,455 INFO Tracking camera_fps=26.0 inference_fps=26.1 model_ms=16.0 age_ms=16.0 hands=1 pose=True mode=Serbest
2026-09-17 23:02:22,491 INFO Tracking camera_fps=26.1 inference_fps=26.2 model_ms=16.0 age_ms=16.0 hands=0 pose=True mode=Eğilme
2026-09-17 23:02:24,475 INFO SendInput scan=0x1E down=True accepted=1 error=0 target_pid=8572
2026-09-17 23:02:25,150 INFO SendInput scan=0x1E down=False accepted=1 error=0 target_pid=8572
2026-09-17 23:02:25,546 INFO Tracking camera_fps=27.5 inference_fps=28.1 model_ms=32.0 age_ms=32.0 hands=0 pose=True mode=Serbest
2026-09-17 23:02:28,589 INFO Tracking camera_fps=25.6 inference_fps=26.4 model_ms=16.0 age_ms=16.0 hands=0 pose=True mode=Serbest
2026-09-17 23:02:29,394 INFO SendInput scan=0x1E down=True accepted=1 error=0 target_pid=8572
2026-09-17 23:02:29,595 INFO SendInput scan=0x1E down=False accepted=1 error=0 target_pid=8572
2026-09-17 23:02:31,632 INFO Tracking camera_fps=27.4 inference_fps=26.0 model_ms=32.0 age_ms=32.0 hands=0 pose=True mode=Serbest
2026-09-17 23:02:34,665 INFO Tracking camera_fps=25.8 inference_fps=26.7 model_ms=16.0 age_ms=16.0 hands=0 pose=True mode=Serbest
2026-09-17 23:02:37,709 INFO Tracking camera_fps=26.1 inference_fps=26.7 model_ms=31.0 age_ms=31.0 hands=0 pose=True mode=Serbest
2026-09-17 23:02:40,728 INFO Tracking camera_fps=26.9 inference_fps=26.3 model_ms=31.0 age_ms=46.0 hands=0 pose=True mode=Serbest
2026-09-17 23:02:41,790 INFO SendInput scan=0x2A down=True accepted=1 error=0 target_pid=8572
2026-09-17 23:02:42,178 INFO SendInput scan=0x2A down=False accepted=1 error=0 target_pid=8572
2026-09-17 23:02:42,494 INFO SendInput scan=0x2A down=True accepted=1 error=0 target_pid=8572
2026-09-17 23:02:43,778 INFO Tracking camera_fps=32.9 inference_fps=21.8 model_ms=47.0 age_ms=47.0 hands=1 pose=True mode=Swing
2026-09-17 23:02:45,312 INFO SendInput scan=0x2A down=False accepted=1 error=0 target_pid=8572
2026-09-17 23:02:45,827 INFO SendInput scan=0x39 down=True accepted=1 error=0 target_pid=8572
2026-09-17 23:02:45,910 INFO SendInput scan=0x39 down=False accepted=1 error=0 target_pid=8572
2026-09-17 23:02:46,498 INFO SendInput scan=0x2A down=True accepted=1 error=0 target_pid=8572
2026-09-17 23:02:46,793 INFO Tracking camera_fps=26.9 inference_fps=21.2 model_ms=31.0 age_ms=78.0 hands=2 pose=True mode=Swing
2026-09-17 23:02:47,046 INFO SendInput scan=0x2A down=False accepted=1 error=0 target_pid=8572
2026-09-17 23:02:47,551 INFO SendInput scan=0x2A down=True accepted=1 error=0 target_pid=8572
2026-09-17 23:02:47,647 INFO SendInput scan=0x2A down=False accepted=1 error=0 target_pid=8572
2026-09-17 23:02:48,331 INFO Mouse button=left down=True accepted=1
2026-09-17 23:02:48,439 INFO Mouse button=left down=False accepted=1
2026-09-17 23:02:48,759 INFO SendInput scan=0x2A down=True accepted=1 error=0 target_pid=8572
2026-09-17 23:02:49,625 INFO SendInput scan=0x2A down=False accepted=1 error=0 target_pid=8572
2026-09-17 23:02:49,837 INFO Tracking camera_fps=27.1 inference_fps=21.2 model_ms=47.0 age_ms=94.0 hands=1 pose=True mode=Serbest
2026-09-17 23:02:51,599 INFO SendInput scan=0x2A down=True accepted=1 error=0 target_pid=8572
2026-09-17 23:02:51,856 INFO SendInput scan=0x2A down=False accepted=1 error=0 target_pid=8572
2026-09-17 23:02:52,684 INFO SendInput scan=0x39 down=True accepted=1 error=0 target_pid=8572
2026-09-17 23:02:52,751 INFO SendInput scan=0x39 down=False accepted=1 error=0 target_pid=8572
2026-09-17 23:02:52,848 INFO Tracking camera_fps=26.0 inference_fps=23.0 model_ms=46.0 age_ms=62.0 hands=1 pose=True mode=Serbest
2026-09-17 23:02:53,619 INFO SendInput scan=0x2A down=True accepted=1 error=0 target_pid=8572
2026-09-17 23:02:54,053 INFO SendInput scan=0x2A down=False accepted=1 error=0 target_pid=8572
2026-09-17 23:02:54,736 INFO SendInput scan=0x39 down=True accepted=1 error=0 target_pid=8572
2026-09-17 23:02:54,816 INFO SendInput scan=0x39 down=False accepted=1 error=0 target_pid=8572
2026-09-17 23:02:55,325 INFO SendInput scan=0x2A down=True accepted=1 error=0 target_pid=8572
2026-09-17 23:02:55,881 INFO Tracking camera_fps=34.4 inference_fps=23.7 model_ms=32.0 age_ms=63.0 hands=2 pose=True mode=Swing
2026-09-17 23:02:56,596 INFO SendInput scan=0x1E down=True accepted=1 error=0 target_pid=8572
2026-09-17 23:02:57,114 INFO SendInput scan=0x2A down=False accepted=1 error=0 target_pid=8572
2026-09-17 23:02:57,171 INFO SendInput scan=0x1E down=False accepted=1 error=0 target_pid=8572
2026-09-17 23:02:57,838 INFO SendInput scan=0x2A down=True accepted=1 error=0 target_pid=8572
2026-09-17 23:02:58,904 INFO Tracking camera_fps=26.5 inference_fps=25.9 model_ms=31.0 age_ms=47.0 hands=2 pose=True mode=Swing
2026-09-17 23:02:59,239 INFO SendInput scan=0x2A down=False accepted=1 error=0 target_pid=8572
2026-09-17 23:02:59,802 INFO SendInput scan=0x1E down=True accepted=1 error=0 target_pid=8572
2026-09-17 23:02:59,897 INFO SendInput scan=0x2A down=True accepted=1 error=0 target_pid=8572
2026-09-17 23:03:00,407 INFO SendInput scan=0x2A down=False accepted=1 error=0 target_pid=8572
2026-09-17 23:03:00,898 INFO SendInput scan=0x1E down=False accepted=1 error=0 target_pid=8572
2026-09-17 23:03:01,024 INFO SendInput scan=0x2A down=True accepted=1 error=0 target_pid=8572
2026-09-17 23:03:01,457 INFO SendInput scan=0x2A down=False accepted=1 error=0 target_pid=8572
2026-09-17 23:03:01,933 INFO Tracking camera_fps=25.8 inference_fps=28.3 model_ms=16.0 age_ms=16.0 hands=0 pose=True mode=Serbest
2026-09-17 23:03:03,704 INFO SendInput scan=0x2A down=True accepted=1 error=0 target_pid=8572
2026-09-17 23:03:03,859 INFO SendInput scan=0x2A down=False accepted=1 error=0 target_pid=8572
2026-09-17 23:03:04,476 INFO SendInput scan=0x2A down=True accepted=1 error=0 target_pid=8572
2026-09-17 23:03:04,521 INFO SendInput scan=0x2A down=False accepted=1 error=0 target_pid=8572
2026-09-17 23:03:04,948 INFO Tracking camera_fps=26.7 inference_fps=27.9 model_ms=15.0 age_ms=31.0 hands=1 pose=True mode=Serbest
2026-09-17 23:03:04,996 INFO Mouse button=left down=True accepted=1
2026-09-17 23:03:05,093 INFO Mouse button=left down=False accepted=1
2026-09-17 23:03:06,170 INFO SendInput scan=0x20 down=True accepted=1 error=0 target_pid=8572
2026-09-17 23:03:06,448 INFO SendInput scan=0x20 down=False accepted=1 error=0 target_pid=8572
2026-09-17 23:03:07,261 INFO SendInput scan=0x39 down=True accepted=1 error=0 target_pid=8572
2026-09-17 23:03:07,336 INFO SendInput scan=0x39 down=False accepted=1 error=0 target_pid=8572
2026-09-17 23:03:07,944 INFO Mouse button=left down=True accepted=1
2026-09-17 23:03:07,980 INFO Tracking camera_fps=25.3 inference_fps=28.2 model_ms=15.0 age_ms=15.0 hands=2 pose=True mode=Serbest
2026-09-17 23:03:08,049 INFO Mouse button=left down=False accepted=1
2026-09-17 23:03:08,444 INFO SendInput scan=0x2A down=True accepted=1 error=0 target_pid=8572
2026-09-17 23:03:09,943 INFO SendInput scan=0x2A down=False accepted=1 error=0 target_pid=8572
2026-09-17 23:03:11,020 INFO Tracking camera_fps=26.7 inference_fps=26.5 model_ms=31.0 age_ms=31.0 hands=2 pose=True mode=Serbest
2026-09-17 23:03:11,262 INFO SendInput scan=0x2A down=True accepted=1 error=0 target_pid=8572
2026-09-17 23:03:11,664 INFO SendInput scan=0x2A down=False accepted=1 error=0 target_pid=8572
2026-09-17 23:03:11,982 INFO SendInput scan=0x2A down=True accepted=1 error=0 target_pid=8572
2026-09-17 23:03:12,351 INFO SendInput scan=0x2A down=False accepted=1 error=0 target_pid=8572
2026-09-17 23:03:12,782 INFO SendInput scan=0x1E down=True accepted=1 error=0 target_pid=8572
2026-09-17 23:03:14,068 INFO Tracking camera_fps=26.6 inference_fps=26.3 model_ms=31.0 age_ms=31.0 hands=0 pose=True mode=Eğilme
2026-09-17 23:03:17,116 INFO Tracking camera_fps=35.8 inference_fps=26.2 model_ms=31.0 age_ms=31.0 hands=0 pose=True mode=Eğilme
2026-09-17 23:03:19,144 INFO SendInput scan=0x1E down=False accepted=1 error=0 target_pid=8408
2026-09-17 23:03:20,127 INFO Tracking camera_fps=26.3 inference_fps=26.2 model_ms=16.0 age_ms=16.0 hands=0 pose=True mode=Eğilme
2026-09-17 23:03:23,138 INFO Tracking camera_fps=26.7 inference_fps=26.7 model_ms=47.0 age_ms=47.0 hands=0 pose=True mode=Eğilme
2026-09-17 23:03:26,157 INFO Tracking camera_fps=26.7 inference_fps=27.3 model_ms=16.0 age_ms=16.0 hands=0 pose=True mode=Eğilme
2026-09-17 23:03:29,196 INFO Tracking camera_fps=26.7 inference_fps=26.8 model_ms=0.0 age_ms=15.0 hands=0 pose=True mode=Kalibrasyon
2026-09-17 23:03:32,205 INFO Tracking camera_fps=26.2 inference_fps=27.8 model_ms=16.0 age_ms=16.0 hands=0 pose=True mode=Eğilme
2026-09-17 23:03:33,519 INFO SendInput scan=0x1E down=True accepted=1 error=0 target_pid=8572
2026-09-17 23:03:34,069 INFO SendInput scan=0x1E down=False accepted=1 error=0 target_pid=8572
2026-09-17 23:03:35,261 INFO Tracking camera_fps=25.7 inference_fps=29.2 model_ms=16.0 age_ms=16.0 hands=0 pose=True mode=Serbest
2026-09-17 23:03:35,344 INFO SendInput scan=0x20 down=True accepted=1 error=0 target_pid=8572
2026-09-17 23:03:35,779 INFO SendInput scan=0x20 down=False accepted=1 error=0 target_pid=8572
2026-09-17 23:03:38,268 INFO Tracking camera_fps=26.8 inference_fps=27.6 model_ms=31.0 age_ms=47.0 hands=1 pose=True mode=Serbest
2026-09-17 23:03:38,464 INFO SendInput scan=0x1D down=True accepted=1 error=0 target_pid=8572
2026-09-17 23:03:38,561 INFO SendInput scan=0x1D down=False accepted=1 error=0 target_pid=8572
2026-09-17 23:03:40,340 INFO SendInput scan=0x39 down=True accepted=1 error=0 target_pid=8572
2026-09-17 23:03:40,403 INFO SendInput scan=0x39 down=False accepted=1 error=0 target_pid=8572
2026-09-17 23:03:41,309 INFO Tracking camera_fps=27.5 inference_fps=22.6 model_ms=32.0 age_ms=63.0 hands=1 pose=True mode=Serbest
2026-09-17 23:03:42,395 INFO SendInput scan=0x39 down=True accepted=1 error=0 target_pid=8572
2026-09-17 23:03:42,470 INFO SendInput scan=0x39 down=False accepted=1 error=0 target_pid=8572
2026-09-17 23:03:43,188 INFO SendInput scan=0x2A down=True accepted=1 error=0 target_pid=8572
2026-09-17 23:03:43,866 INFO SendInput scan=0x2A down=False accepted=1 error=0 target_pid=8572
2026-09-17 23:03:44,144 INFO SendInput scan=0x1E down=True accepted=1 error=0 target_pid=8572
2026-09-17 23:03:44,318 INFO Tracking camera_fps=141.4 inference_fps=19.7 model_ms=47.0 age_ms=94.0 hands=1 pose=True mode=Serbest
2026-09-17 23:03:44,966 INFO SendInput scan=0x1E down=False accepted=1 error=0 target_pid=8572
2026-09-17 23:03:45,058 INFO Mouse button=left down=True accepted=1
2026-09-17 23:03:45,161 INFO Mouse button=left down=False accepted=1
2026-09-17 23:03:46,038 INFO SendInput scan=0x20 down=True accepted=1 error=0 target_pid=8572
2026-09-17 23:03:46,847 INFO SendInput scan=0x20 down=False accepted=1 error=0 target_pid=8572
2026-09-17 23:03:47,352 INFO Tracking camera_fps=26.5 inference_fps=29.8 model_ms=31.0 age_ms=31.0 hands=0 pose=True mode=Serbest
2026-09-17 23:03:49,638 INFO SendInput scan=0x2A down=True accepted=1 error=0 target_pid=8572
2026-09-17 23:03:50,388 INFO Tracking camera_fps=28.4 inference_fps=22.4 model_ms=62.0 age_ms=78.0 hands=1 pose=True mode=Swing
2026-09-17 23:03:51,276 INFO SendInput scan=0x2A down=False accepted=1 error=0 target_pid=8572
2026-09-17 23:03:52,294 INFO SendInput scan=0x1E down=True accepted=1 error=0 target_pid=8572
2026-09-17 23:03:52,492 INFO SendInput scan=0x1E down=False accepted=1 error=0 target_pid=8572
2026-09-17 23:03:52,774 INFO SendInput scan=0x2A down=True accepted=1 error=0 target_pid=8572
2026-09-17 23:03:53,416 INFO Tracking camera_fps=26.3 inference_fps=27.1 model_ms=31.0 age_ms=31.0 hands=1 pose=True mode=Swing
2026-09-17 23:03:53,503 INFO SendInput scan=0x2A down=False accepted=1 error=0 target_pid=8572
2026-09-17 23:03:54,424 INFO SendInput scan=0x1D down=True accepted=1 error=0 target_pid=8572
2026-09-17 23:03:54,532 INFO SendInput scan=0x1D down=False accepted=1 error=0 target_pid=8572
2026-09-17 23:03:54,647 INFO SendInput scan=0x2A down=True accepted=1 error=0 target_pid=8572
2026-09-17 23:03:56,456 INFO Tracking camera_fps=26.2 inference_fps=19.0 model_ms=63.0 age_ms=78.0 hands=1 pose=True mode=Swing
2026-09-17 23:03:57,555 INFO SendInput scan=0x2A down=False accepted=1 error=0 target_pid=8572
2026-09-17 23:03:58,735 INFO SendInput scan=0x2A down=True accepted=1 error=0 target_pid=8572
2026-09-17 23:03:58,945 INFO SendInput scan=0x2A down=False accepted=1 error=0 target_pid=8572
2026-09-17 23:03:59,104 INFO SendInput scan=0x2A down=True accepted=1 error=0 target_pid=8572
2026-09-17 23:03:59,148 INFO SendInput scan=0x2A down=False accepted=1 error=0 target_pid=8572
2026-09-17 23:03:59,494 INFO Tracking camera_fps=26.5 inference_fps=26.7 model_ms=31.0 age_ms=31.0 hands=1 pose=True mode=Serbest
2026-09-17 23:03:59,576 INFO SendInput scan=0x2A down=True accepted=1 error=0 target_pid=8572
2026-09-17 23:03:59,741 INFO SendInput scan=0x2A down=False accepted=1 error=0 target_pid=8572
2026-09-17 23:04:00,924 INFO SendInput scan=0x39 down=True accepted=1 error=0 target_pid=8572
2026-09-17 23:04:00,999 INFO SendInput scan=0x39 down=False accepted=1 error=0 target_pid=8572
2026-09-17 23:04:01,722 INFO SendInput scan=0x2A down=True accepted=1 error=0 target_pid=8572
2026-09-17 23:04:02,241 INFO SendInput scan=0x2A down=False accepted=1 error=0 target_pid=8572
2026-09-17 23:04:02,520 INFO Tracking camera_fps=21.3 inference_fps=21.0 model_ms=31.0 age_ms=47.0 hands=2 pose=True mode=Serbest
2026-09-17 23:04:02,756 INFO SendInput scan=0x39 down=True accepted=1 error=0 target_pid=8572
2026-09-17 23:04:02,829 INFO SendInput scan=0x39 down=False accepted=1 error=0 target_pid=8572
2026-09-17 23:04:03,572 INFO SendInput scan=0x2A down=True accepted=1 error=0 target_pid=8572
2026-09-17 23:04:03,699 INFO SendInput scan=0x2A down=False accepted=1 error=0 target_pid=8572
2026-09-17 23:04:03,819 INFO SendInput scan=0x2A down=True accepted=1 error=0 target_pid=8572
2026-09-17 23:04:04,125 INFO SendInput scan=0x2A down=False accepted=1 error=0 target_pid=8572
2026-09-17 23:04:04,683 INFO SendInput scan=0x1E down=True accepted=1 error=0 target_pid=8572
2026-09-17 23:04:04,963 INFO SendInput scan=0x1E down=False accepted=1 error=0 target_pid=8572
2026-09-17 23:04:05,559 INFO Tracking camera_fps=27.7 inference_fps=26.4 model_ms=32.0 age_ms=32.0 hands=0 pose=True mode=Eğilme
2026-09-17 23:04:05,883 INFO SendInput scan=0x1E down=True accepted=1 error=0 target_pid=8572
2026-09-17 23:04:08,588 INFO Tracking camera_fps=29.2 inference_fps=26.4 model_ms=31.0 age_ms=47.0 hands=0 pose=True mode=Eğilme
2026-09-17 23:04:11,612 INFO Tracking camera_fps=31.4 inference_fps=25.1 model_ms=47.0 age_ms=47.0 hands=0 pose=True mode=Eğilme
2026-09-17 23:04:13,102 INFO SendInput scan=0x1E down=False accepted=1 error=0 target_pid=8572
2026-09-17 23:04:13,226 INFO SendInput scan=0x20 down=True accepted=1 error=0 target_pid=8572
2026-09-17 23:04:14,506 INFO SendInput scan=0x20 down=False accepted=1 error=0 target_pid=8572
2026-09-17 23:04:14,624 INFO Tracking camera_fps=27.2 inference_fps=25.5 model_ms=32.0 age_ms=63.0 hands=0 pose=True mode=Eğilme
2026-09-17 23:04:14,773 INFO SendInput scan=0x1E down=True accepted=1 error=0 target_pid=8572
2026-09-17 23:04:15,291 INFO SendInput scan=0x1E down=False accepted=1 error=0 target_pid=8572
2026-09-17 23:04:17,221 INFO SendInput scan=0x20 down=True accepted=1 error=0 target_pid=8572
2026-09-17 23:04:17,307 INFO SendInput scan=0x20 down=False accepted=1 error=0 target_pid=8572
2026-09-17 23:04:17,640 INFO Tracking camera_fps=27.4 inference_fps=26.2 model_ms=31.0 age_ms=47.0 hands=0 pose=True mode=Eğilme
2026-09-17 23:04:20,656 INFO Tracking camera_fps=26.4 inference_fps=26.2 model_ms=47.0 age_ms=47.0 hands=0 pose=True mode=Eğilme
2026-09-17 23:04:21,059 INFO SendInput scan=0x1E down=True accepted=1 error=0 target_pid=8572
2026-09-17 23:04:21,400 INFO SendInput scan=0x1E down=False accepted=1 error=0 target_pid=8572
2026-09-17 23:04:23,689 INFO Tracking camera_fps=27.3 inference_fps=25.4 model_ms=47.0 age_ms=47.0 hands=0 pose=True mode=Eğilme
2026-09-17 23:04:26,724 INFO Tracking camera_fps=26.0 inference_fps=25.9 model_ms=31.0 age_ms=31.0 hands=0 pose=True mode=Eğilme
2026-09-17 23:04:28,427 INFO SendInput scan=0x2A down=True accepted=1 error=0 target_pid=8572
2026-09-17 23:04:28,619 INFO SendInput scan=0x2A down=False accepted=1 error=0 target_pid=8572
2026-09-17 23:04:29,765 INFO Tracking camera_fps=26.1 inference_fps=25.5 model_ms=47.0 age_ms=47.0 hands=0 pose=True mode=Serbest
2026-09-17 23:04:32,135 INFO SendInput scan=0x1D down=True accepted=1 error=0 target_pid=8572
2026-09-17 23:04:32,232 INFO SendInput scan=0x1D down=False accepted=1 error=0 target_pid=8572
2026-09-17 23:04:32,796 INFO Tracking camera_fps=28.7 inference_fps=28.0 model_ms=47.0 age_ms=47.0 hands=0 pose=True mode=Serbest
2026-09-17 23:04:34,365 INFO SendInput scan=0x39 down=True accepted=1 error=0 target_pid=8572
2026-09-17 23:04:34,442 INFO SendInput scan=0x39 down=False accepted=1 error=0 target_pid=8572
2026-09-17 23:04:35,484 INFO SendInput scan=0x2A down=True accepted=1 error=0 target_pid=8572
2026-09-17 23:04:35,728 INFO SendInput scan=0x2A down=False accepted=1 error=0 target_pid=8572
2026-09-17 23:04:35,814 INFO Tracking camera_fps=26.0 inference_fps=23.1 model_ms=47.0 age_ms=62.0 hands=1 pose=True mode=Serbest
2026-09-17 23:04:36,274 INFO SendInput scan=0x39 down=True accepted=1 error=0 target_pid=8572
2026-09-17 23:04:36,350 INFO SendInput scan=0x39 down=False accepted=1 error=0 target_pid=8572
2026-09-17 23:04:36,874 INFO SendInput scan=0x2A down=True accepted=1 error=0 target_pid=8572
2026-09-17 23:04:38,843 INFO Tracking camera_fps=26.7 inference_fps=27.4 model_ms=46.0 age_ms=46.0 hands=2 pose=True mode=Swing
2026-09-17 23:04:39,124 INFO SendInput scan=0x39 down=True accepted=1 error=0 target_pid=8572
2026-09-17 23:04:39,208 INFO SendInput scan=0x39 down=False accepted=1 error=0 target_pid=8572
2026-09-17 23:04:39,324 INFO SendInput scan=0x2A down=False accepted=1 error=0 target_pid=8572
2026-09-17 23:04:40,100 INFO SendInput scan=0x2A down=True accepted=1 error=0 target_pid=8572
2026-09-17 23:04:41,254 INFO SendInput scan=0x2A down=False accepted=1 error=0 target_pid=8572
2026-09-17 23:04:41,439 INFO SendInput scan=0x1E down=True accepted=1 error=0 target_pid=8572
2026-09-17 23:04:41,815 INFO SendInput scan=0x1E down=False accepted=1 error=0 target_pid=8572
2026-09-17 23:04:41,882 INFO Tracking camera_fps=26.5 inference_fps=24.7 model_ms=32.0 age_ms=32.0 hands=1 pose=True mode=Serbest
2026-09-17 23:04:41,960 INFO SendInput scan=0x39 down=True accepted=1 error=0 target_pid=8572
2026-09-17 23:04:41,960 INFO SendInput scan=0x1E down=True accepted=1 error=0 target_pid=8572
2026-09-17 23:04:42,032 INFO SendInput scan=0x39 down=False accepted=1 error=0 target_pid=8572
2026-09-17 23:04:42,738 INFO SendInput scan=0x1E down=False accepted=1 error=0 target_pid=8572
2026-09-17 23:04:42,889 INFO SendInput scan=0x2A down=True accepted=1 error=0 target_pid=8572
2026-09-17 23:04:43,762 INFO SendInput scan=0x20 down=True accepted=1 error=0 target_pid=8572
2026-09-17 23:04:44,208 INFO SendInput scan=0x20 down=False accepted=1 error=0 target_pid=8572
2026-09-17 23:04:44,889 INFO Tracking camera_fps=26.7 inference_fps=25.4 model_ms=47.0 age_ms=62.0 hands=2 pose=True mode=Swing
2026-09-17 23:04:45,275 INFO SendInput scan=0x2A down=False accepted=1 error=0 target_pid=8572
2026-09-17 23:04:46,285 INFO SendInput scan=0x39 down=True accepted=1 error=0 target_pid=8572
2026-09-17 23:04:46,359 INFO SendInput scan=0x39 down=False accepted=1 error=0 target_pid=8572
2026-09-17 23:04:46,943 INFO SendInput scan=0x2A down=True accepted=1 error=0 target_pid=8572
2026-09-17 23:04:47,959 INFO Tracking camera_fps=17.7 inference_fps=18.2 model_ms=31.0 age_ms=31.0 hands=2 pose=True mode=Serbest
2026-09-17 23:04:47,968 INFO SendInput scan=0x2A down=False accepted=1 error=0 target_pid=8572
2026-09-17 23:04:48,463 INFO SendInput scan=0x1E down=True accepted=1 error=0 target_pid=8572
2026-09-17 23:04:48,554 INFO SendInput scan=0x2A down=True accepted=1 error=0 target_pid=8572
2026-09-17 23:04:49,264 INFO SendInput scan=0x1E down=False accepted=1 error=0 target_pid=8572
2026-09-17 23:04:49,486 INFO SendInput scan=0x2A down=False accepted=1 error=0 target_pid=8572
2026-09-17 23:04:49,697 INFO SendInput scan=0x2A down=True accepted=1 error=0 target_pid=8572
2026-09-17 23:04:49,924 INFO SendInput scan=0x20 down=True accepted=1 error=0 target_pid=8572
2026-09-17 23:04:50,203 INFO SendInput scan=0x2A down=False accepted=1 error=0 target_pid=8572
2026-09-17 23:04:50,548 INFO SendInput scan=0x20 down=False accepted=1 error=0 target_pid=8572
2026-09-17 23:04:50,853 INFO SendInput scan=0x2A down=True accepted=1 error=0 target_pid=8572
2026-09-17 23:04:51,008 INFO Tracking camera_fps=20.3 inference_fps=20.9 model_ms=32.0 age_ms=32.0 hands=2 pose=True mode=Swing
2026-09-17 23:04:51,209 INFO SendInput scan=0x1E down=True accepted=1 error=0 target_pid=8572
2026-09-17 23:04:51,657 INFO SendInput scan=0x2A down=False accepted=1 error=0 target_pid=8572
2026-09-17 23:04:53,222 INFO SendInput scan=0x1E down=False accepted=1 error=0 target_pid=8572
2026-09-17 23:04:53,798 INFO SendInput scan=0x20 down=True accepted=1 error=0 target_pid=8572
2026-09-17 23:04:54,020 INFO Tracking camera_fps=25.8 inference_fps=26.3 model_ms=31.0 age_ms=31.0 hands=0 pose=True mode=Eğilme
2026-09-17 23:04:54,904 INFO SendInput scan=0x20 down=False accepted=1 error=0 target_pid=8572
2026-09-17 23:04:55,067 INFO SendInput scan=0x1E down=True accepted=1 error=0 target_pid=8572
2026-09-17 23:04:55,144 INFO SendInput scan=0x1E down=False accepted=1 error=0 target_pid=8572
2026-09-17 23:04:55,176 INFO SendInput scan=0x20 down=True accepted=1 error=0 target_pid=8572
2026-09-17 23:04:55,230 INFO SendInput scan=0x20 down=False accepted=1 error=0 target_pid=8572
2026-09-17 23:04:55,483 INFO SendInput scan=0x1E down=True accepted=1 error=0 target_pid=8572
2026-09-17 23:04:55,594 INFO SendInput scan=0x1E down=False accepted=1 error=0 target_pid=8572
2026-09-17 23:04:55,677 INFO SendInput scan=0x20 down=True accepted=1 error=0 target_pid=8572
2026-09-17 23:04:56,191 INFO SendInput scan=0x20 down=False accepted=1 error=0 target_pid=8572
2026-09-17 23:04:56,277 INFO SendInput scan=0x1E down=True accepted=1 error=0 target_pid=8572
2026-09-17 23:04:57,056 INFO Tracking camera_fps=20.9 inference_fps=21.7 model_ms=16.0 age_ms=16.0 hands=0 pose=True mode=Eğilme
2026-09-17 23:04:57,609 INFO SendInput scan=0x1E down=False accepted=1 error=0 target_pid=8408
2026-09-17 23:05:00,077 INFO Tracking camera_fps=25.8 inference_fps=25.5 model_ms=16.0 age_ms=16.0 hands=0 pose=False mode=Gövde görünmüyor
2026-09-17 23:05:03,117 INFO Tracking camera_fps=25.7 inference_fps=26.7 model_ms=0.0 age_ms=0.0 hands=0 pose=False mode=Gövde görünmüyor
2026-09-17 23:05:06,144 INFO Tracking camera_fps=26.4 inference_fps=28.9 model_ms=15.0 age_ms=15.0 hands=0 pose=True mode=Serbest
2026-09-17 23:05:09,184 INFO Tracking camera_fps=28.3 inference_fps=26.2 model_ms=15.0 age_ms=15.0 hands=0 pose=True mode=Serbest
2026-09-17 23:05:12,223 INFO Tracking camera_fps=26.7 inference_fps=26.7 model_ms=15.0 age_ms=15.0 hands=0 pose=True mode=Serbest
2026-09-17 23:05:15,234 INFO Tracking camera_fps=25.5 inference_fps=25.9 model_ms=16.0 age_ms=16.0 hands=2 pose=True mode=Serbest
2026-09-17 23:05:18,271 INFO Tracking camera_fps=26.2 inference_fps=26.2 model_ms=15.0 age_ms=15.0 hands=0 pose=True mode=Serbest
2026-09-17 23:05:21,314 INFO Tracking camera_fps=25.5 inference_fps=27.8 model_ms=15.0 age_ms=15.0 hands=0 pose=True mode=Serbest
2026-09-17 23:05:24,366 INFO Tracking camera_fps=26.2 inference_fps=25.8 model_ms=16.0 age_ms=31.0 hands=0 pose=True mode=Serbest
2026-09-17 23:05:27,404 INFO Tracking camera_fps=25.8 inference_fps=26.1 model_ms=31.0 age_ms=31.0 hands=0 pose=True mode=Serbest
2026-09-17 23:05:27,578 INFO SendInput scan=0x1E down=True accepted=1 error=0 target_pid=8572
2026-09-17 23:05:28,242 INFO SendInput scan=0x1E down=False accepted=1 error=0 target_pid=8572
2026-09-17 23:05:30,456 INFO Tracking camera_fps=25.6 inference_fps=26.4 model_ms=31.0 age_ms=31.0 hands=0 pose=True mode=Serbest
2026-09-17 23:05:33,486 INFO Tracking camera_fps=26.7 inference_fps=27.1 model_ms=31.0 age_ms=31.0 hands=0 pose=True mode=Serbest
2026-09-17 23:05:36,529 INFO Tracking camera_fps=25.5 inference_fps=25.7 model_ms=31.0 age_ms=31.0 hands=0 pose=True mode=Serbest
2026-09-17 23:05:36,970 INFO SendInput scan=0x1E down=True accepted=1 error=0 target_pid=8572
2026-09-17 23:05:37,170 INFO SendInput scan=0x39 down=True accepted=1 error=0 target_pid=8572
2026-09-17 23:05:37,171 INFO SendInput scan=0x1E down=False accepted=1 error=0 target_pid=8572
2026-09-17 23:05:37,257 INFO SendInput scan=0x39 down=False accepted=1 error=0 target_pid=8572
2026-09-17 23:05:38,532 INFO SendInput scan=0x1E down=True accepted=1 error=0 target_pid=8572
2026-09-17 23:05:39,352 INFO SendInput scan=0x1E down=False accepted=1 error=0 target_pid=8572
2026-09-17 23:05:39,576 INFO Tracking camera_fps=26.8 inference_fps=27.1 model_ms=47.0 age_ms=47.0 hands=0 pose=True mode=Serbest
2026-09-17 23:05:42,010 INFO SendInput scan=0x39 down=True accepted=1 error=0 target_pid=8572
2026-09-17 23:05:42,082 INFO SendInput scan=0x39 down=False accepted=1 error=0 target_pid=8572
2026-09-17 23:05:42,538 INFO SendInput scan=0x2A down=True accepted=1 error=0 target_pid=8572
2026-09-17 23:05:42,617 INFO Tracking camera_fps=26.7 inference_fps=25.9 model_ms=31.0 age_ms=31.0 hands=1 pose=True mode=Swing
2026-09-17 23:05:44,090 INFO SendInput scan=0x2A down=False accepted=1 error=0 target_pid=8572
2026-09-17 23:05:44,381 INFO SendInput scan=0x39 down=True accepted=1 error=0 target_pid=8572
2026-09-17 23:05:44,460 INFO SendInput scan=0x39 down=False accepted=1 error=0 target_pid=8572
2026-09-17 23:05:44,498 INFO SendInput scan=0x20 down=True accepted=1 error=0 target_pid=8572
2026-09-17 23:05:44,926 INFO SendInput scan=0x20 down=False accepted=1 error=0 target_pid=8572
2026-09-17 23:05:45,123 INFO SendInput scan=0x2A down=True accepted=1 error=0 target_pid=8572
2026-09-17 23:05:45,237 INFO SendInput scan=0x2A down=False accepted=1 error=0 target_pid=8572
2026-09-17 23:05:45,372 INFO SendInput scan=0x2A down=True accepted=1 error=0 target_pid=8572
2026-09-17 23:05:45,498 INFO SendInput scan=0x2A down=False accepted=1 error=0 target_pid=8572
2026-09-17 23:05:45,664 INFO Tracking camera_fps=25.9 inference_fps=26.7 model_ms=31.0 age_ms=47.0 hands=1 pose=True mode=Serbest
2026-09-17 23:05:46,225 INFO SendInput scan=0x39 down=True accepted=1 error=0 target_pid=8572
2026-09-17 23:05:46,301 INFO SendInput scan=0x39 down=False accepted=1 error=0 target_pid=8572
2026-09-17 23:05:47,149 INFO SendInput scan=0x2A down=True accepted=1 error=0 target_pid=8572
2026-09-17 23:05:47,774 INFO SendInput scan=0x2A down=False accepted=1 error=0 target_pid=8572
2026-09-17 23:05:47,965 INFO SendInput scan=0x39 down=True accepted=1 error=0 target_pid=8572
2026-09-17 23:05:48,033 INFO SendInput scan=0x39 down=False accepted=1 error=0 target_pid=8572
2026-09-17 23:05:48,329 INFO SendInput scan=0x2A down=True accepted=1 error=0 target_pid=8572
2026-09-17 23:05:48,417 INFO SendInput scan=0x2A down=False accepted=1 error=0 target_pid=8572
2026-09-17 23:05:48,690 INFO Tracking camera_fps=26.1 inference_fps=21.7 model_ms=47.0 age_ms=78.0 hands=1 pose=True mode=Serbest
2026-09-17 23:05:50,357 INFO SendInput scan=0x2A down=True accepted=1 error=0 target_pid=8572
2026-09-17 23:05:50,861 INFO SendInput scan=0x2A down=False accepted=1 error=0 target_pid=8572
2026-09-17 23:05:51,675 INFO SendInput scan=0x39 down=True accepted=1 error=0 target_pid=8572
2026-09-17 23:05:51,705 INFO Tracking camera_fps=28.5 inference_fps=26.0 model_ms=31.0 age_ms=63.0 hands=0 pose=True mode=Serbest
2026-09-17 23:05:51,750 INFO SendInput scan=0x39 down=False accepted=1 error=0 target_pid=8572
2026-09-17 23:05:52,191 INFO SendInput scan=0x2A down=True accepted=1 error=0 target_pid=8572
2026-09-17 23:05:53,908 INFO SendInput scan=0x2A down=False accepted=1 error=0 target_pid=8572
2026-09-17 23:05:54,629 INFO SendInput scan=0x2A down=True accepted=1 error=0 target_pid=8572
2026-09-17 23:05:54,740 INFO Tracking camera_fps=27.9 inference_fps=25.7 model_ms=31.0 age_ms=47.0 hands=1 pose=True mode=Swing
2026-09-17 23:05:55,272 INFO SendInput scan=0x2A down=False accepted=1 error=0 target_pid=8572
2026-09-17 23:05:55,906 INFO SendInput scan=0x39 down=True accepted=1 error=0 target_pid=8572
2026-09-17 23:05:55,990 INFO SendInput scan=0x39 down=False accepted=1 error=0 target_pid=8572
2026-09-17 23:05:56,816 INFO SendInput scan=0x2A down=True accepted=1 error=0 target_pid=8572
2026-09-17 23:05:57,274 INFO SendInput scan=0x2A down=False accepted=1 error=0 target_pid=8572
2026-09-17 23:05:57,755 INFO Tracking camera_fps=26.4 inference_fps=27.8 model_ms=16.0 age_ms=16.0 hands=0 pose=True mode=Serbest
2026-09-17 23:05:57,970 INFO SendInput scan=0x39 down=True accepted=1 error=0 target_pid=8572
2026-09-17 23:05:58,044 INFO SendInput scan=0x39 down=False accepted=1 error=0 target_pid=8572
2026-09-17 23:05:59,811 INFO SendInput scan=0x39 down=True accepted=1 error=0 target_pid=8572
2026-09-17 23:05:59,895 INFO SendInput scan=0x39 down=False accepted=1 error=0 target_pid=8572
2026-09-17 23:06:00,330 INFO SendInput scan=0x2A down=True accepted=1 error=0 target_pid=8572
2026-09-17 23:06:00,781 INFO Tracking camera_fps=29.6 inference_fps=22.5 model_ms=63.0 age_ms=94.0 hands=1 pose=True mode=Swing
2026-09-17 23:06:01,947 INFO SendInput scan=0x2A down=False accepted=1 error=0 target_pid=8572
2026-09-17 23:06:02,446 INFO SendInput scan=0x2A down=True accepted=1 error=0 target_pid=8572
2026-09-17 23:06:03,282 INFO SendInput scan=0x2A down=False accepted=1 error=0 target_pid=8572
2026-09-17 23:06:03,811 INFO Tracking camera_fps=28.0 inference_fps=28.8 model_ms=31.0 age_ms=31.0 hands=0 pose=True mode=Serbest
2026-09-17 23:06:06,856 INFO Tracking camera_fps=27.0 inference_fps=26.2 model_ms=31.0 age_ms=31.0 hands=0 pose=True mode=Eğilme
2026-09-17 23:06:09,670 INFO SendInput scan=0x39 down=True accepted=1 error=0 target_pid=8572
2026-09-17 23:06:09,753 INFO SendInput scan=0x39 down=False accepted=1 error=0 target_pid=8572
2026-09-17 23:06:09,890 INFO Tracking camera_fps=25.8 inference_fps=28.4 model_ms=31.0 age_ms=31.0 hands=0 pose=True mode=Serbest
2026-09-17 23:06:10,478 INFO SendInput scan=0x2A down=True accepted=1 error=0 target_pid=8572
2026-09-17 23:06:10,888 INFO SendInput scan=0x2A down=False accepted=1 error=0 target_pid=8572
2026-09-17 23:06:11,426 INFO SendInput scan=0x39 down=True accepted=1 error=0 target_pid=8572
2026-09-17 23:06:11,502 INFO SendInput scan=0x39 down=False accepted=1 error=0 target_pid=8572
2026-09-17 23:06:11,865 INFO SendInput scan=0x2A down=True accepted=1 error=0 target_pid=8572
2026-09-17 23:06:12,941 INFO Tracking camera_fps=91.9 inference_fps=22.5 model_ms=47.0 age_ms=94.0 hands=1 pose=True mode=Swing
2026-09-17 23:06:13,724 INFO SendInput scan=0x2A down=False accepted=1 error=0 target_pid=8572
2026-09-17 23:06:14,669 INFO SendInput scan=0x2A down=True accepted=1 error=0 target_pid=8572
2026-09-17 23:06:15,552 INFO SendInput scan=0x2A down=False accepted=1 error=0 target_pid=8572
2026-09-17 23:06:15,966 INFO Tracking camera_fps=27.8 inference_fps=23.2 model_ms=46.0 age_ms=78.0 hands=0 pose=True mode=Serbest
2026-09-17 23:06:16,578 INFO SendInput scan=0x39 down=True accepted=1 error=0 target_pid=8572
2026-09-17 23:06:16,663 INFO SendInput scan=0x39 down=False accepted=1 error=0 target_pid=8572
2026-09-17 23:06:17,637 INFO SendInput scan=0x2A down=True accepted=1 error=0 target_pid=8572
2026-09-17 23:06:17,724 INFO SendInput scan=0x2A down=False accepted=1 error=0 target_pid=8572
2026-09-17 23:06:17,946 INFO SendInput scan=0x1E down=True accepted=1 error=0 target_pid=8572
2026-09-17 23:06:18,892 INFO SendInput scan=0x1E down=False accepted=1 error=0 target_pid=8572
2026-09-17 23:06:18,996 INFO Tracking camera_fps=28.9 inference_fps=26.0 model_ms=31.0 age_ms=47.0 hands=0 pose=True mode=Serbest
2026-09-17 23:06:19,006 INFO SendInput scan=0x20 down=True accepted=1 error=0 target_pid=8572
2026-09-17 23:06:19,295 INFO SendInput scan=0x20 down=False accepted=1 error=0 target_pid=8572
2026-09-17 23:06:20,536 INFO SendInput scan=0x20 down=True accepted=1 error=0 target_pid=8572
2026-09-17 23:06:21,139 INFO SendInput scan=0x20 down=False accepted=1 error=0 target_pid=8572
2026-09-17 23:06:22,027 INFO Tracking camera_fps=32.5 inference_fps=32.0 model_ms=31.0 age_ms=47.0 hands=0 pose=True mode=Eğilme
2026-09-17 23:06:25,071 INFO Tracking camera_fps=33.2 inference_fps=33.1 model_ms=31.0 age_ms=31.0 hands=0 pose=True mode=Serbest
2026-09-17 23:06:28,104 INFO Tracking camera_fps=31.9 inference_fps=29.6 model_ms=31.0 age_ms=46.0 hands=2 pose=True mode=Eğilme
2026-09-17 23:06:30,364 INFO Mouse button=left down=True accepted=1
2026-09-17 23:06:30,468 INFO Mouse button=left down=False accepted=1
2026-09-17 23:06:31,113 INFO Tracking camera_fps=33.3 inference_fps=31.4 model_ms=31.0 age_ms=31.0 hands=0 pose=True mode=Serbest
2026-09-17 23:06:32,141 INFO SendInput scan=0x1E down=True accepted=1 error=0 target_pid=8572
2026-09-17 23:06:32,271 INFO SendInput scan=0x1E down=False accepted=1 error=0 target_pid=8572
2026-09-17 23:06:32,572 INFO SendInput scan=0x1D down=True accepted=1 error=0 target_pid=8572
2026-09-17 23:06:32,677 INFO SendInput scan=0x1D down=False accepted=1 error=0 target_pid=8572
2026-09-17 23:06:34,145 INFO Tracking camera_fps=31.6 inference_fps=31.6 model_ms=31.0 age_ms=47.0 hands=0 pose=True mode=Serbest
2026-09-17 23:06:35,648 INFO SendInput scan=0x1D down=True accepted=1 error=0 target_pid=8572
2026-09-17 23:06:35,747 INFO SendInput scan=0x1D down=False accepted=1 error=0 target_pid=8572
2026-09-17 23:06:37,162 INFO Tracking camera_fps=65.2 inference_fps=30.9 model_ms=31.0 age_ms=31.0 hands=0 pose=True mode=Eğilme
2026-09-17 23:06:38,193 INFO SendInput scan=0x1D down=True accepted=1 error=0 target_pid=8572
2026-09-17 23:06:38,298 INFO SendInput scan=0x1D down=False accepted=1 error=0 target_pid=8572
2026-09-17 23:06:39,129 INFO SendInput scan=0x1D down=True accepted=1 error=0 target_pid=8572
2026-09-17 23:06:39,236 INFO SendInput scan=0x1D down=False accepted=1 error=0 target_pid=8572
2026-09-17 23:06:40,178 INFO Tracking camera_fps=32.1 inference_fps=30.9 model_ms=32.0 age_ms=32.0 hands=0 pose=True mode=Eğilme
2026-09-17 23:06:40,300 INFO SendInput scan=0x1D down=True accepted=1 error=0 target_pid=8572
2026-09-17 23:06:40,407 INFO SendInput scan=0x1D down=False accepted=1 error=0 target_pid=8572
2026-09-17 23:06:43,101 INFO SendInput scan=0x1E down=True accepted=1 error=0 target_pid=8572
2026-09-17 23:06:43,190 INFO Tracking camera_fps=32.8 inference_fps=29.8 model_ms=31.0 age_ms=47.0 hands=0 pose=True mode=Eğilme
2026-09-17 23:06:43,221 INFO SendInput scan=0x1E down=False accepted=1 error=0 target_pid=8408
2026-09-17 23:06:46,210 INFO Tracking camera_fps=31.1 inference_fps=31.4 model_ms=16.0 age_ms=16.0 hands=0 pose=True mode=Eğilme
2026-09-17 23:07:50,789 INFO WebMotion starting integrity={'rid': 12288, 'name': 'High', 'error': 0}
2026-09-17 23:21:48,989 INFO WebMotion starting integrity={'rid': 12288, 'name': 'High', 'error': 0}
2026-09-18 01:23:53,517 INFO Tracking camera_fps=0.1 inference_fps=0.0 model_ms=15.0 age_ms=15.0 hands=0 pose=False mode=Gövde görünmüyor
2026-09-18 01:23:56,553 INFO Tracking camera_fps=26.6 inference_fps=26.3 model_ms=16.0 age_ms=16.0 hands=0 pose=False mode=Gövde görünmüyor
2026-09-18 01:23:59,641 INFO Tracking camera_fps=14.5 inference_fps=14.1 model_ms=31.0 age_ms=31.0 hands=2 pose=True mode=Kalibrasyon
2026-09-18 01:24:02,722 INFO Tracking camera_fps=10.0 inference_fps=10.1 model_ms=15.0 age_ms=15.0 hands=2 pose=True mode=Kalibrasyon
2026-09-18 01:24:05,840 INFO Tracking camera_fps=8.5 inference_fps=8.4 model_ms=16.0 age_ms=31.0 hands=2 pose=True mode=Eğilme
2026-09-18 01:24:08,961 INFO Tracking camera_fps=8.4 inference_fps=8.4 model_ms=16.0 age_ms=16.0 hands=2 pose=True mode=Serbest
2026-09-18 01:24:12,080 INFO Tracking camera_fps=8.3 inference_fps=8.4 model_ms=16.0 age_ms=16.0 hands=2 pose=True mode=Eğilme
2026-09-18 01:24:15,200 INFO Tracking camera_fps=8.4 inference_fps=8.4 model_ms=15.0 age_ms=31.0 hands=2 pose=True mode=Eğilme
2026-09-18 01:24:18,321 INFO Tracking camera_fps=8.4 inference_fps=8.4 model_ms=15.0 age_ms=15.0 hands=2 pose=True mode=Eğilme
2026-09-18 01:24:21,440 INFO Tracking camera_fps=8.3 inference_fps=8.3 model_ms=15.0 age_ms=15.0 hands=2 pose=True mode=Eğilme
2026-09-18 01:24:24,562 INFO Tracking camera_fps=8.4 inference_fps=8.3 model_ms=15.0 age_ms=31.0 hands=2 pose=True mode=Eğilme
2026-09-18 01:24:27,680 INFO Tracking camera_fps=8.4 inference_fps=8.4 model_ms=16.0 age_ms=16.0 hands=2 pose=True mode=Eğilme
2026-09-18 01:24:30,800 INFO Tracking camera_fps=8.3 inference_fps=8.4 model_ms=16.0 age_ms=16.0 hands=2 pose=True mode=Eğilme
2026-09-18 01:24:33,923 INFO Tracking camera_fps=8.3 inference_fps=8.3 model_ms=16.0 age_ms=16.0 hands=2 pose=True mode=Eğilme
2026-09-18 01:24:37,042 INFO Tracking camera_fps=8.4 inference_fps=8.4 model_ms=16.0 age_ms=16.0 hands=2 pose=True mode=Eğilme
2026-09-18 01:24:40,163 INFO Tracking camera_fps=8.4 inference_fps=8.4 model_ms=16.0 age_ms=16.0 hands=2 pose=True mode=Eğilme
2026-09-18 01:24:43,280 INFO Tracking camera_fps=8.3 inference_fps=8.4 model_ms=16.0 age_ms=16.0 hands=2 pose=True mode=Eğilme
2026-09-18 01:24:46,402 INFO Tracking camera_fps=8.4 inference_fps=8.4 model_ms=15.0 age_ms=15.0 hands=2 pose=True mode=Eğilme
2026-09-18 01:24:49,523 INFO Tracking camera_fps=8.4 inference_fps=8.4 model_ms=15.0 age_ms=15.0 hands=2 pose=True mode=Eğilme
2026-09-18 01:24:52,643 INFO Tracking camera_fps=8.3 inference_fps=8.4 model_ms=15.0 age_ms=15.0 hands=2 pose=True mode=Eğilme
2026-09-18 01:24:55,761 INFO Tracking camera_fps=8.4 inference_fps=8.4 model_ms=16.0 age_ms=16.0 hands=2 pose=True mode=Eğilme
2026-09-18 01:24:58,884 INFO Tracking camera_fps=8.4 inference_fps=8.4 model_ms=16.0 age_ms=16.0 hands=2 pose=True mode=Eğilme
2026-09-18 01:25:02,004 INFO Tracking camera_fps=8.3 inference_fps=8.4 model_ms=16.0 age_ms=16.0 hands=1 pose=True mode=Eğilme
2026-09-18 01:25:05,122 INFO Tracking camera_fps=8.4 inference_fps=8.3 model_ms=16.0 age_ms=32.0 hands=1 pose=True mode=Eğilme
2026-09-18 01:25:08,241 INFO Tracking camera_fps=8.4 inference_fps=8.4 model_ms=16.0 age_ms=16.0 hands=2 pose=True mode=Eğilme
2026-09-18 01:25:11,348 INFO Tracking camera_fps=8.4 inference_fps=8.4 model_ms=15.0 age_ms=15.0 hands=1 pose=True mode=Eğilme
2026-09-18 01:25:14,469 INFO Tracking camera_fps=8.5 inference_fps=8.4 model_ms=15.0 age_ms=31.0 hands=1 pose=True mode=Eğilme
2026-09-18 01:25:17,588 INFO Tracking camera_fps=8.4 inference_fps=8.4 model_ms=16.0 age_ms=16.0 hands=2 pose=True mode=Eğilme
2026-09-18 01:25:20,595 INFO Tracking camera_fps=8.3 inference_fps=8.4 model_ms=15.0 age_ms=15.0 hands=2 pose=True mode=Eğilme
2026-09-18 01:25:23,713 INFO Tracking camera_fps=8.4 inference_fps=8.4 model_ms=16.0 age_ms=16.0 hands=2 pose=True mode=Eğilme
2026-09-18 01:25:26,836 INFO Tracking camera_fps=8.4 inference_fps=8.4 model_ms=16.0 age_ms=16.0 hands=2 pose=True mode=Eğilme
2026-09-18 01:25:29,918 INFO Tracking camera_fps=7.9 inference_fps=8.0 model_ms=0.0 age_ms=0.0 hands=0 pose=False mode=Gövde görünmüyor
2026-09-18 01:25:32,972 INFO Tracking camera_fps=6.0 inference_fps=6.0 model_ms=15.0 age_ms=15.0 hands=0 pose=False mode=Gövde görünmüyor
2026-09-18 01:25:36,174 INFO Tracking camera_fps=5.2 inference_fps=5.2 model_ms=16.0 age_ms=16.0 hands=0 pose=False mode=Gövde görünmüyor
2026-09-18 01:25:39,186 INFO Tracking camera_fps=13.6 inference_fps=13.9 model_ms=15.0 age_ms=15.0 hands=1 pose=True mode=Eğilme
2026-09-18 01:25:42,225 INFO Tracking camera_fps=20.5 inference_fps=20.6 model_ms=15.0 age_ms=15.0 hands=2 pose=True mode=Eğilme
2026-09-18 01:25:45,231 INFO Tracking camera_fps=20.0 inference_fps=20.4 model_ms=16.0 age_ms=16.0 hands=2 pose=True mode=Eğilme
2026-09-18 01:25:48,269 INFO Tracking camera_fps=20.5 inference_fps=20.5 model_ms=15.0 age_ms=15.0 hands=0 pose=False mode=Gövde görünmüyor
2026-09-18 01:25:51,282 INFO Tracking camera_fps=20.2 inference_fps=20.2 model_ms=16.0 age_ms=16.0 hands=2 pose=True mode=Eğilme
2026-09-18 01:25:54,324 INFO Tracking camera_fps=20.6 inference_fps=20.7 model_ms=15.0 age_ms=15.0 hands=1 pose=True mode=Eğilme
2026-09-18 01:25:57,331 INFO Tracking camera_fps=20.3 inference_fps=20.3 model_ms=16.0 age_ms=16.0 hands=1 pose=True mode=Eğilme
2026-09-18 01:26:00,382 INFO Tracking camera_fps=20.2 inference_fps=20.2 model_ms=16.0 age_ms=16.0 hands=0 pose=True mode=Eğilme
2026-09-18 01:26:03,422 INFO Tracking camera_fps=20.5 inference_fps=20.3 model_ms=16.0 age_ms=16.0 hands=0 pose=True mode=Eğilme
2026-09-18 01:26:06,481 INFO Tracking camera_fps=17.9 inference_fps=18.0 model_ms=0.0 age_ms=15.0 hands=0 pose=True mode=Eğilme
2026-09-18 01:26:09,601 INFO Tracking camera_fps=8.5 inference_fps=8.5 model_ms=15.0 age_ms=15.0 hands=0 pose=True mode=Eğilme
2026-09-18 01:26:12,607 INFO Tracking camera_fps=24.0 inference_fps=24.2 model_ms=0.0 age_ms=16.0 hands=0 pose=True mode=Eğilme
2026-09-18 01:26:15,647 INFO Tracking camera_fps=21.0 inference_fps=21.1 model_ms=15.0 age_ms=15.0 hands=0 pose=True mode=Eğilme
2026-09-18 01:26:18,687 INFO Tracking camera_fps=25.2 inference_fps=27.4 model_ms=15.0 age_ms=15.0 hands=0 pose=True mode=Eğilme
2026-09-18 01:26:21,726 INFO Tracking camera_fps=26.2 inference_fps=27.0 model_ms=15.0 age_ms=15.0 hands=0 pose=True mode=Eğilme
2026-09-18 01:26:24,769 INFO Tracking camera_fps=20.7 inference_fps=20.6 model_ms=15.0 age_ms=15.0 hands=0 pose=True mode=Eğilme
2026-09-18 01:26:27,824 INFO Tracking camera_fps=20.0 inference_fps=20.5 model_ms=0.0 age_ms=0.0 hands=0 pose=True mode=Eğilme
2026-09-18 01:26:30,879 INFO Tracking camera_fps=20.2 inference_fps=20.1 model_ms=16.0 age_ms=16.0 hands=0 pose=True mode=Eğilme
2026-09-18 01:26:33,920 INFO Tracking camera_fps=20.3 inference_fps=20.1 model_ms=16.0 age_ms=16.0 hands=0 pose=True mode=Eğilme
2026-09-18 01:26:36,978 INFO Tracking camera_fps=20.4 inference_fps=20.3 model_ms=15.0 age_ms=15.0 hands=0 pose=True mode=Eğilme
2026-09-18 01:26:40,015 INFO Tracking camera_fps=20.4 inference_fps=20.4 model_ms=15.0 age_ms=15.0 hands=0 pose=True mode=Eğilme
2026-09-18 01:26:43,073 INFO Tracking camera_fps=20.4 inference_fps=20.5 model_ms=0.0 age_ms=15.0 hands=0 pose=True mode=Eğilme
2026-09-18 01:26:46,127 INFO Tracking camera_fps=20.1 inference_fps=20.0 model_ms=16.0 age_ms=16.0 hands=0 pose=True mode=Eğilme
2026-09-18 01:26:49,168 INFO Tracking camera_fps=20.1 inference_fps=20.6 model_ms=0.0 age_ms=0.0 hands=0 pose=True mode=Serbest
2026-09-18 01:26:52,176 INFO Tracking camera_fps=20.2 inference_fps=20.1 model_ms=16.0 age_ms=16.0 hands=0 pose=True mode=Serbest
2026-09-18 01:26:55,216 INFO Tracking camera_fps=20.3 inference_fps=20.8 model_ms=0.0 age_ms=15.0 hands=0 pose=True mode=Serbest
2026-09-18 01:26:58,272 INFO Tracking camera_fps=20.4 inference_fps=20.3 model_ms=15.0 age_ms=15.0 hands=0 pose=True mode=Serbest
2026-09-18 01:27:01,312 INFO Tracking camera_fps=20.5 inference_fps=20.8 model_ms=15.0 age_ms=15.0 hands=0 pose=True mode=Serbest
2026-09-18 01:27:04,370 INFO Tracking camera_fps=20.6 inference_fps=20.6 model_ms=0.0 age_ms=16.0 hands=0 pose=True mode=Serbest
2026-09-18 01:27:07,378 INFO Tracking camera_fps=20.0 inference_fps=19.9 model_ms=16.0 age_ms=16.0 hands=0 pose=True mode=Serbest
2026-09-18 01:27:10,417 INFO Tracking camera_fps=20.1 inference_fps=20.7 model_ms=0.0 age_ms=0.0 hands=0 pose=True mode=Serbest
2026-09-18 01:27:13,426 INFO Tracking camera_fps=20.1 inference_fps=20.4 model_ms=16.0 age_ms=16.0 hands=0 pose=True mode=Serbest
2026-09-18 01:27:16,464 INFO Tracking camera_fps=20.2 inference_fps=20.6 model_ms=0.0 age_ms=0.0 hands=0 pose=True mode=Serbest
2026-09-18 01:27:19,472 INFO Tracking camera_fps=20.2 inference_fps=20.2 model_ms=15.0 age_ms=15.0 hands=0 pose=True mode=Serbest
2026-09-18 01:27:22,514 INFO Tracking camera_fps=20.7 inference_fps=20.2 model_ms=15.0 age_ms=15.0 hands=0 pose=True mode=Serbest
2026-09-18 01:27:25,570 INFO Tracking camera_fps=20.4 inference_fps=20.4 model_ms=15.0 age_ms=15.0 hands=0 pose=True mode=Serbest
2026-09-18 01:27:28,627 INFO Tracking camera_fps=20.0 inference_fps=19.9 model_ms=16.0 age_ms=16.0 hands=0 pose=True mode=Serbest
2026-09-18 01:27:31,665 INFO Tracking camera_fps=20.7 inference_fps=20.5 model_ms=0.0 age_ms=16.0 hands=0 pose=True mode=Serbest
2026-09-18 01:27:34,673 INFO Tracking camera_fps=20.0 inference_fps=20.0 model_ms=16.0 age_ms=16.0 hands=0 pose=True mode=Serbest
2026-09-18 01:27:37,715 INFO Tracking camera_fps=20.1 inference_fps=20.8 model_ms=0.0 age_ms=0.0 hands=0 pose=True mode=Serbest
2026-09-18 01:27:40,721 INFO Tracking camera_fps=20.2 inference_fps=20.5 model_ms=15.0 age_ms=15.0 hands=0 pose=True mode=Serbest
2026-09-18 01:27:43,763 INFO Tracking camera_fps=20.2 inference_fps=20.1 model_ms=15.0 age_ms=15.0 hands=0 pose=True mode=Serbest
2026-09-18 01:27:46,779 INFO Tracking camera_fps=20.3 inference_fps=19.8 model_ms=31.0 age_ms=31.0 hands=1 pose=True mode=Swing
2026-09-18 01:27:49,815 INFO Tracking camera_fps=20.4 inference_fps=20.4 model_ms=15.0 age_ms=15.0 hands=1 pose=True mode=Swing
2026-09-18 01:27:52,865 INFO Tracking camera_fps=20.5 inference_fps=20.4 model_ms=16.0 age_ms=16.0 hands=0 pose=True mode=Serbest
2026-09-18 01:27:55,923 INFO Tracking camera_fps=20.1 inference_fps=19.9 model_ms=16.0 age_ms=16.0 hands=0 pose=True mode=Serbest
2026-09-18 01:27:58,965 INFO Tracking camera_fps=20.6 inference_fps=21.1 model_ms=16.0 age_ms=16.0 hands=2 pose=True mode=Serbest
2026-09-18 01:28:01,970 INFO Tracking camera_fps=20.1 inference_fps=20.1 model_ms=15.0 age_ms=15.0 hands=0 pose=True mode=Serbest
2026-09-18 01:28:05,010 INFO Tracking camera_fps=20.1 inference_fps=20.6 model_ms=0.0 age_ms=0.0 hands=0 pose=True mode=Serbest
2026-09-18 01:28:08,021 INFO Tracking camera_fps=20.2 inference_fps=20.3 model_ms=15.0 age_ms=15.0 hands=2 pose=True mode=Serbest
2026-09-18 01:28:11,060 INFO Tracking camera_fps=20.3 inference_fps=20.2 model_ms=0.0 age_ms=15.0 hands=0 pose=True mode=Serbest
2026-09-18 01:28:14,118 INFO Tracking camera_fps=20.4 inference_fps=21.2 model_ms=16.0 age_ms=16.0 hands=2 pose=True mode=Serbest
2026-09-18 01:28:17,172 INFO Tracking camera_fps=19.9 inference_fps=19.9 model_ms=16.0 age_ms=16.0 hands=2 pose=True mode=Serbest
2026-09-18 01:28:20,210 INFO Tracking camera_fps=20.6 inference_fps=20.5 model_ms=16.0 age_ms=16.0 hands=0 pose=True mode=Eğilme
2026-09-18 01:28:23,220 INFO Tracking camera_fps=20.0 inference_fps=20.0 model_ms=15.0 age_ms=15.0 hands=0 pose=True mode=Eğilme
2026-09-18 01:28:26,260 INFO Tracking camera_fps=20.7 inference_fps=20.6 model_ms=0.0 age_ms=16.0 hands=0 pose=True mode=Eğilme
2026-09-18 01:28:29,266 INFO Tracking camera_fps=20.1 inference_fps=20.1 model_ms=15.0 age_ms=15.0 hands=0 pose=True mode=Serbest
2026-09-18 01:28:32,308 INFO Tracking camera_fps=20.1 inference_fps=20.6 model_ms=0.0 age_ms=0.0 hands=0 pose=True mode=Serbest
2026-09-18 01:28:35,315 INFO Tracking camera_fps=20.2 inference_fps=20.6 model_ms=15.0 age_ms=15.0 hands=0 pose=True mode=Serbest
2026-09-18 01:28:38,360 INFO Tracking camera_fps=20.3 inference_fps=20.7 model_ms=16.0 age_ms=16.0 hands=1 pose=True mode=Serbest
2026-09-18 01:28:41,415 INFO Tracking camera_fps=20.5 inference_fps=21.1 model_ms=16.0 age_ms=16.0 hands=1 pose=True mode=Serbest
2026-09-18 01:28:44,424 INFO Tracking camera_fps=19.9 inference_fps=20.1 model_ms=16.0 age_ms=16.0 hands=0 pose=True mode=Serbest
2026-09-18 01:28:47,463 INFO Tracking camera_fps=20.5 inference_fps=20.9 model_ms=16.0 age_ms=16.0 hands=0 pose=True mode=Serbest
2026-09-18 01:28:50,473 INFO Tracking camera_fps=19.9 inference_fps=19.8 model_ms=15.0 age_ms=15.0 hands=0 pose=True mode=Serbest
2026-09-18 01:28:53,512 INFO Tracking camera_fps=20.6 inference_fps=20.3 model_ms=31.0 age_ms=31.0 hands=0 pose=True mode=Serbest
2026-09-18 01:28:56,569 INFO Tracking camera_fps=20.2 inference_fps=20.7 model_ms=15.0 age_ms=15.0 hands=0 pose=True mode=Serbest
2026-09-18 01:28:59,605 INFO Tracking camera_fps=20.7 inference_fps=21.0 model_ms=0.0 age_ms=15.0 hands=0 pose=True mode=Serbest
2026-09-18 01:29:02,615 INFO Tracking camera_fps=20.3 inference_fps=20.3 model_ms=16.0 age_ms=16.0 hands=0 pose=True mode=Serbest
2026-09-18 01:29:05,656 INFO Tracking camera_fps=20.3 inference_fps=20.3 model_ms=16.0 age_ms=16.0 hands=1 pose=True mode=Serbest
2026-09-18 01:29:08,708 INFO Tracking camera_fps=20.5 inference_fps=20.4 model_ms=16.0 age_ms=16.0 hands=0 pose=True mode=Serbest
2026-09-18 01:29:11,720 INFO Tracking camera_fps=19.9 inference_fps=19.9 model_ms=15.0 age_ms=15.0 hands=1 pose=True mode=Serbest
2026-09-18 01:29:14,759 INFO Tracking camera_fps=20.5 inference_fps=20.8 model_ms=16.0 age_ms=16.0 hands=0 pose=True mode=Serbest
2026-09-18 01:29:17,769 INFO Tracking camera_fps=20.0 inference_fps=20.2 model_ms=15.0 age_ms=15.0 hands=0 pose=True mode=Serbest
2026-09-18 01:29:20,805 INFO Tracking camera_fps=20.6 inference_fps=20.5 model_ms=16.0 age_ms=16.0 hands=0 pose=True mode=Serbest
2026-09-18 01:29:23,819 INFO Tracking camera_fps=20.1 inference_fps=20.4 model_ms=15.0 age_ms=15.0 hands=1 pose=True mode=Serbest
2026-09-18 01:29:26,853 INFO Tracking camera_fps=20.6 inference_fps=20.8 model_ms=0.0 age_ms=15.0 hands=0 pose=True mode=Serbest
2026-09-18 01:29:28,811 INFO SendInput scan=0x1E down=True accepted=1 error=0 target_pid=8572
2026-09-18 01:29:29,212 INFO SendInput scan=0x1E down=False accepted=1 error=0 target_pid=8572
2026-09-18 01:29:29,527 INFO SendInput scan=0x1D down=True accepted=1 error=0 target_pid=8572
2026-09-18 01:29:29,631 INFO SendInput scan=0x1D down=False accepted=1 error=0 target_pid=8572
2026-09-18 01:29:29,880 INFO Tracking camera_fps=20.5 inference_fps=20.7 model_ms=32.0 age_ms=32.0 hands=0 pose=True mode=Serbest
2026-09-18 01:29:32,530 INFO SendInput scan=0x39 down=True accepted=1 error=0 target_pid=8572
2026-09-18 01:29:32,646 INFO SendInput scan=0x39 down=False accepted=1 error=0 target_pid=8572
2026-09-18 01:29:32,702 INFO SendInput scan=0x2A down=True accepted=1 error=0 target_pid=8572
2026-09-18 01:29:32,898 INFO Tracking camera_fps=20.4 inference_fps=20.9 model_ms=47.0 age_ms=47.0 hands=1 pose=True mode=Swing
2026-09-18 01:29:35,011 INFO SendInput scan=0x2A down=False accepted=1 error=0 target_pid=8572
2026-09-18 01:29:35,716 INFO SendInput scan=0x39 down=True accepted=1 error=0 target_pid=8572
2026-09-18 01:29:35,809 INFO SendInput scan=0x39 down=False accepted=1 error=0 target_pid=8572
2026-09-18 01:29:35,872 INFO SendInput scan=0x2A down=True accepted=1 error=0 target_pid=8572
2026-09-18 01:29:35,934 INFO Tracking camera_fps=20.4 inference_fps=20.7 model_ms=47.0 age_ms=47.0 hands=1 pose=True mode=Swing
2026-09-18 01:29:38,198 INFO SendInput scan=0x2A down=False accepted=1 error=0 target_pid=8572
2026-09-18 01:29:38,590 INFO SendInput scan=0x39 down=True accepted=1 error=0 target_pid=8572
2026-09-18 01:29:38,693 INFO SendInput scan=0x39 down=False accepted=1 error=0 target_pid=8572
2026-09-18 01:29:38,758 INFO SendInput scan=0x2A down=True accepted=1 error=0 target_pid=8572
2026-09-18 01:29:38,982 INFO Tracking camera_fps=19.8 inference_fps=20.3 model_ms=15.0 age_ms=31.0 hands=2 pose=True mode=Swing
2026-09-18 01:29:39,484 INFO SendInput scan=0x2A down=False accepted=1 error=0 target_pid=8572
2026-09-18 01:29:39,976 INFO SendInput scan=0x39 down=True accepted=1 error=0 target_pid=8572
2026-09-18 01:29:40,081 INFO SendInput scan=0x39 down=False accepted=1 error=0 target_pid=8572
2026-09-18 01:29:40,143 INFO SendInput scan=0x2A down=True accepted=1 error=0 target_pid=8572
2026-09-18 01:29:40,793 INFO SendInput scan=0x1E down=True accepted=1 error=0 target_pid=8572
2026-09-18 01:29:41,650 INFO SendInput scan=0x2A down=False accepted=1 error=0 target_pid=8572
2026-09-18 01:29:41,737 INFO SendInput scan=0x1E down=False accepted=1 error=0 target_pid=8572
2026-09-18 01:29:42,038 INFO Tracking camera_fps=20.5 inference_fps=20.8 model_ms=31.0 age_ms=47.0 hands=0 pose=True mode=Serbest
2026-09-18 01:29:42,848 INFO SendInput scan=0x39 down=True accepted=1 error=0 target_pid=8572
2026-09-18 01:29:42,954 INFO SendInput scan=0x39 down=False accepted=1 error=0 target_pid=8572
2026-09-18 01:29:43,016 INFO SendInput scan=0x2A down=True accepted=1 error=0 target_pid=8572
2026-09-18 01:29:44,136 INFO SendInput scan=0x2A down=False accepted=1 error=0 target_pid=8572
2026-09-18 01:29:44,496 INFO SendInput scan=0x39 down=True accepted=1 error=0 target_pid=8572
2026-09-18 01:29:44,601 INFO SendInput scan=0x39 down=False accepted=1 error=0 target_pid=8572
2026-09-18 01:29:44,655 INFO SendInput scan=0x2A down=True accepted=1 error=0 target_pid=8572
2026-09-18 01:29:45,092 INFO Tracking camera_fps=20.0 inference_fps=18.5 model_ms=78.0 age_ms=93.0 hands=1 pose=True mode=Swing
2026-09-18 01:29:45,544 INFO SendInput scan=0x20 down=True accepted=1 error=0 target_pid=8572
2026-09-18 01:29:45,749 INFO SendInput scan=0x2A down=False accepted=1 error=0 target_pid=8572
2026-09-18 01:29:45,898 INFO SendInput scan=0x20 down=False accepted=1 error=0 target_pid=8572
2026-09-18 01:29:46,661 INFO SendInput scan=0x39 down=True accepted=1 error=0 target_pid=8572
2026-09-18 01:29:46,735 INFO SendInput scan=0x39 down=False accepted=1 error=0 target_pid=8572
2026-09-18 01:29:46,812 INFO SendInput scan=0x39 down=True accepted=1 error=0 target_pid=8572
2026-09-18 01:29:46,930 INFO SendInput scan=0x39 down=False accepted=1 error=0 target_pid=8572
2026-09-18 01:29:46,982 INFO SendInput scan=0x2A down=True accepted=1 error=0 target_pid=8572
2026-09-18 01:29:48,139 INFO Tracking camera_fps=21.3 inference_fps=20.6 model_ms=47.0 age_ms=47.0 hands=2 pose=True mode=Swing
2026-09-18 01:29:49,106 INFO SendInput scan=0x20 down=True accepted=1 error=0 target_pid=8572
2026-09-18 01:29:49,389 INFO SendInput scan=0x2A down=False accepted=1 error=0 target_pid=8572
2026-09-18 01:29:50,049 INFO SendInput scan=0x20 down=False accepted=1 error=0 target_pid=8572
2026-09-18 01:29:50,437 INFO SendInput scan=0x39 down=True accepted=1 error=0 target_pid=8572
2026-09-18 01:29:50,477 INFO SendInput scan=0x39 down=False accepted=1 error=0 target_pid=8572
2026-09-18 01:29:50,481 INFO SendInput scan=0x39 down=True accepted=1 error=0 target_pid=8572
2026-09-18 01:29:50,577 INFO SendInput scan=0x39 down=False accepted=1 error=0 target_pid=8572
2026-09-18 01:29:50,640 INFO SendInput scan=0x2A down=True accepted=1 error=0 target_pid=8572
2026-09-18 01:29:51,176 INFO Tracking camera_fps=20.4 inference_fps=21.0 model_ms=32.0 age_ms=32.0 hands=2 pose=True mode=Swing
2026-09-18 01:29:51,232 INFO SendInput scan=0x1E down=True accepted=1 error=0 target_pid=8572
2026-09-18 01:29:51,885 INFO SendInput scan=0x1E down=False accepted=1 error=0 target_pid=8572
2026-09-18 01:29:51,941 INFO SendInput scan=0x2A down=False accepted=1 error=0 target_pid=8572
2026-09-18 01:29:52,540 INFO SendInput scan=0x20 down=True accepted=1 error=0 target_pid=8572
2026-09-18 01:29:53,200 INFO SendInput scan=0x20 down=False accepted=1 error=0 target_pid=8572
2026-09-18 01:29:54,235 INFO Tracking camera_fps=20.2 inference_fps=21.1 model_ms=31.0 age_ms=31.0 hands=0 pose=True mode=Serbest
2026-09-18 01:29:57,248 INFO Tracking camera_fps=20.6 inference_fps=20.7 model_ms=31.0 age_ms=63.0 hands=2 pose=True mode=Serbest
2026-09-18 01:29:59,444 INFO Mouse button=right down=True accepted=1
2026-09-18 01:30:00,279 INFO Tracking camera_fps=19.8 inference_fps=20.2 model_ms=31.0 age_ms=31.0 hands=2 pose=True mode=Nişan
2026-09-18 01:30:01,621 INFO Mouse button=right down=False accepted=1
2026-09-18 01:30:01,725 INFO SendInput scan=0x39 down=True accepted=1 error=0 target_pid=8572
2026-09-18 01:30:01,832 INFO SendInput scan=0x39 down=False accepted=1 error=0 target_pid=8572
2026-09-18 01:30:01,897 INFO SendInput scan=0x2A down=True accepted=1 error=0 target_pid=8572
2026-09-18 01:30:02,128 INFO SendInput scan=0x1D down=True accepted=1 error=0 target_pid=8572
2026-09-18 01:30:02,233 INFO SendInput scan=0x1D down=False accepted=1 error=0 target_pid=8572
2026-09-18 01:30:02,695 INFO SendInput scan=0x39 down=True accepted=1 error=0 target_pid=8572
2026-09-18 01:30:02,696 INFO SendInput scan=0x2A down=False accepted=1 error=0 target_pid=8572
2026-09-18 01:30:02,771 INFO SendInput scan=0x39 down=False accepted=1 error=0 target_pid=8572
2026-09-18 01:30:02,853 INFO Mouse button=left down=True accepted=1
2026-09-18 01:30:02,960 INFO Mouse button=left down=False accepted=1
2026-09-18 01:30:02,971 INFO SendInput scan=0x39 down=True accepted=1 error=0 target_pid=8572
2026-09-18 01:30:03,078 INFO SendInput scan=0x39 down=False accepted=1 error=0 target_pid=8572
2026-09-18 01:30:03,090 INFO SendInput scan=0x1E down=True accepted=1 error=0 target_pid=8572
2026-09-18 01:30:03,143 INFO SendInput scan=0x2A down=True accepted=1 error=0 target_pid=8572
2026-09-18 01:30:03,321 INFO Tracking camera_fps=20.5 inference_fps=21.5 model_ms=31.0 age_ms=31.0 hands=1 pose=True mode=Swing
2026-09-18 01:30:03,636 INFO SendInput scan=0x2A down=False accepted=1 error=0 target_pid=8572
2026-09-18 01:30:03,637 INFO SendInput scan=0x1E down=False accepted=1 error=0 target_pid=8572
2026-09-18 01:30:03,882 INFO SendInput scan=0x1E down=True accepted=1 error=0 target_pid=8572
2026-09-18 01:30:04,206 INFO SendInput scan=0x39 down=True accepted=1 error=0 target_pid=8572
2026-09-18 01:30:04,303 INFO SendInput scan=0x39 down=False accepted=1 error=0 target_pid=8572
2026-09-18 01:30:04,303 INFO SendInput scan=0x1E down=False accepted=1 error=0 target_pid=8572
2026-09-18 01:30:04,700 INFO SendInput scan=0x39 down=True accepted=1 error=0 target_pid=8572
2026-09-18 01:30:04,818 INFO SendInput scan=0x39 down=False accepted=1 error=0 target_pid=8572
2026-09-18 01:30:04,873 INFO SendInput scan=0x2A down=True accepted=1 error=0 target_pid=8572
2026-09-18 01:30:05,434 INFO SendInput scan=0x2A down=False accepted=1 error=0 target_pid=8572
2026-09-18 01:30:05,943 INFO SendInput scan=0x39 down=True accepted=1 error=0 target_pid=8572
2026-09-18 01:30:06,054 INFO SendInput scan=0x39 down=False accepted=1 error=0 target_pid=8572
2026-09-18 01:30:06,117 INFO SendInput scan=0x2A down=True accepted=1 error=0 target_pid=8572
2026-09-18 01:30:06,234 INFO SendInput scan=0x2A down=False accepted=1 error=0 target_pid=8572
2026-09-18 01:30:06,339 INFO Tracking camera_fps=20.0 inference_fps=21.8 model_ms=31.0 age_ms=31.0 hands=0 pose=True mode=Serbest
2026-09-18 01:30:09,378 INFO Tracking camera_fps=20.6 inference_fps=20.9 model_ms=47.0 age_ms=47.0 hands=0 pose=True mode=Serbest
2026-09-18 01:30:11,395 INFO SendInput scan=0x39 down=True accepted=1 error=0 target_pid=8572
2026-09-18 01:30:11,504 INFO SendInput scan=0x39 down=False accepted=1 error=0 target_pid=8572
2026-09-18 01:30:11,569 INFO SendInput scan=0x2A down=True accepted=1 error=0 target_pid=8572
2026-09-18 01:30:12,396 INFO Tracking camera_fps=20.4 inference_fps=17.0 model_ms=47.0 age_ms=93.0 hands=1 pose=True mode=Swing
2026-09-18 01:30:12,556 INFO SendInput scan=0x2A down=False accepted=1 error=0 target_pid=8572
2026-09-18 01:30:13,165 INFO SendInput scan=0x39 down=True accepted=1 error=0 target_pid=8572
2026-09-18 01:30:13,271 INFO SendInput scan=0x39 down=False accepted=1 error=0 target_pid=8572
2026-09-18 01:30:13,326 INFO SendInput scan=0x2A down=True accepted=1 error=0 target_pid=8572
2026-09-18 01:30:14,246 INFO SendInput scan=0x2A down=False accepted=1 error=0 target_pid=8572
2026-09-18 01:30:15,036 INFO SendInput scan=0x39 down=True accepted=1 error=0 target_pid=8572
2026-09-18 01:30:15,115 INFO SendInput scan=0x39 down=False accepted=1 error=0 target_pid=8572
2026-09-18 01:30:15,453 INFO Tracking camera_fps=20.3 inference_fps=18.7 model_ms=63.0 age_ms=78.0 hands=1 pose=True mode=Serbest
2026-09-18 01:30:15,604 INFO SendInput scan=0x39 down=True accepted=1 error=0 target_pid=8572
2026-09-18 01:30:15,709 INFO SendInput scan=0x39 down=False accepted=1 error=0 target_pid=8572
2026-09-18 01:30:15,764 INFO SendInput scan=0x2A down=True accepted=1 error=0 target_pid=8572
2026-09-18 01:30:16,018 INFO SendInput scan=0x1E down=True accepted=1 error=0 target_pid=8572
2026-09-18 01:30:16,593 INFO SendInput scan=0x1E down=False accepted=1 error=0 target_pid=8572
2026-09-18 01:30:16,971 INFO SendInput scan=0x1E down=True accepted=1 error=0 target_pid=8572
2026-09-18 01:30:17,153 INFO SendInput scan=0x1E down=False accepted=1 error=0 target_pid=8572
2026-09-18 01:30:18,500 INFO Tracking camera_fps=20.2 inference_fps=17.2 model_ms=63.0 age_ms=63.0 hands=1 pose=True mode=Swing
2026-09-18 01:30:18,605 INFO SendInput scan=0x2A down=False accepted=1 error=0 target_pid=8572
2026-09-18 01:30:19,777 INFO SendInput scan=0x39 down=True accepted=1 error=0 target_pid=8572
2026-09-18 01:30:19,843 INFO SendInput scan=0x39 down=False accepted=1 error=0 target_pid=8572
2026-09-18 01:30:20,689 INFO SendInput scan=0x39 down=True accepted=1 error=0 target_pid=8572
2026-09-18 01:30:20,804 INFO SendInput scan=0x39 down=False accepted=1 error=0 target_pid=8572
2026-09-18 01:30:20,867 INFO SendInput scan=0x2A down=True accepted=1 error=0 target_pid=8572
2026-09-18 01:30:21,046 INFO SendInput scan=0x20 down=True accepted=1 error=0 target_pid=8572
2026-09-18 01:30:21,387 INFO SendInput scan=0x20 down=False accepted=1 error=0 target_pid=8572
2026-09-18 01:30:21,541 INFO Tracking camera_fps=20.4 inference_fps=19.8 model_ms=63.0 age_ms=109.0 hands=1 pose=True mode=Swing
2026-09-18 01:30:21,719 INFO SendInput scan=0x2A down=False accepted=1 error=0 target_pid=8572
2026-09-18 01:30:21,898 INFO SendInput scan=0x39 down=True accepted=1 error=0 target_pid=8572
2026-09-18 01:30:21,963 INFO SendInput scan=0x39 down=False accepted=1 error=0 target_pid=8572
2026-09-18 01:30:23,025 INFO SendInput scan=0x39 down=True accepted=1 error=0 target_pid=8572
2026-09-18 01:30:23,129 INFO SendInput scan=0x39 down=False accepted=1 error=0 target_pid=8572
2026-09-18 01:30:23,185 INFO SendInput scan=0x2A down=True accepted=1 error=0 target_pid=8572
2026-09-18 01:30:24,574 INFO Tracking camera_fps=21.0 inference_fps=21.7 model_ms=31.0 age_ms=31.0 hands=1 pose=True mode=Swing
2026-09-18 01:30:25,931 INFO SendInput scan=0x2A down=False accepted=1 error=0 target_pid=8572
2026-09-18 01:30:26,606 INFO SendInput scan=0x39 down=True accepted=1 error=0 target_pid=8572
2026-09-18 01:30:26,709 INFO SendInput scan=0x39 down=False accepted=1 error=0 target_pid=8572
2026-09-18 01:30:26,764 INFO SendInput scan=0x2A down=True accepted=1 error=0 target_pid=8572
2026-09-18 01:30:27,620 INFO Tracking camera_fps=20.3 inference_fps=20.7 model_ms=16.0 age_ms=16.0 hands=2 pose=True mode=Swing
2026-09-18 01:30:27,865 INFO SendInput scan=0x2A down=False accepted=1 error=0 target_pid=8572
2026-09-18 01:30:28,387 INFO SendInput scan=0x20 down=True accepted=1 error=0 target_pid=8572
2026-09-18 01:30:29,586 INFO SendInput scan=0x20 down=False accepted=1 error=0 target_pid=8572
2026-09-18 01:30:29,929 INFO SendInput scan=0x39 down=True accepted=1 error=0 target_pid=8572
2026-09-18 01:30:30,036 INFO SendInput scan=0x39 down=False accepted=1 error=0 target_pid=8572
2026-09-18 01:30:30,100 INFO SendInput scan=0x2A down=True accepted=1 error=0 target_pid=8572
2026-09-18 01:30:30,133 INFO SendInput scan=0x2A down=False accepted=1 error=0 target_pid=8572
2026-09-18 01:30:30,134 INFO Mouse button=right down=True accepted=1
2026-09-18 01:30:30,673 INFO Tracking camera_fps=20.7 inference_fps=21.0 model_ms=31.0 age_ms=47.0 hands=2 pose=True mode=Nişan
2026-09-18 01:30:30,966 INFO Mouse button=right down=False accepted=1
2026-09-18 01:30:31,073 INFO SendInput scan=0x39 down=True accepted=1 error=0 target_pid=8572
2026-09-18 01:30:31,172 INFO SendInput scan=0x39 down=False accepted=1 error=0 target_pid=8572
2026-09-18 01:30:31,236 INFO SendInput scan=0x2A down=True accepted=1 error=0 target_pid=8572
2026-09-18 01:30:31,829 INFO SendInput scan=0x2A down=False accepted=1 error=0 target_pid=8572
2026-09-18 01:30:32,830 INFO SendInput scan=0x39 down=True accepted=1 error=0 target_pid=8572
2026-09-18 01:30:32,930 INFO SendInput scan=0x39 down=False accepted=1 error=0 target_pid=8572
2026-09-18 01:30:33,094 INFO SendInput scan=0x39 down=True accepted=1 error=0 target_pid=8572
2026-09-18 01:30:33,210 INFO SendInput scan=0x39 down=False accepted=1 error=0 target_pid=8572
2026-09-18 01:30:33,263 INFO SendInput scan=0x2A down=True accepted=1 error=0 target_pid=8572
2026-09-18 01:30:33,725 INFO Tracking camera_fps=20.7 inference_fps=21.6 model_ms=31.0 age_ms=31.0 hands=1 pose=True mode=Swing
2026-09-18 01:30:35,501 INFO SendInput scan=0x2A down=False accepted=1 error=0 target_pid=8572
2026-09-18 01:30:36,326 INFO SendInput scan=0x39 down=True accepted=1 error=0 target_pid=8572
2026-09-18 01:30:36,434 INFO SendInput scan=0x39 down=False accepted=1 error=0 target_pid=8572
2026-09-18 01:30:36,509 INFO SendInput scan=0x2A down=True accepted=1 error=0 target_pid=8572
2026-09-18 01:30:36,720 INFO SendInput scan=0x20 down=True accepted=1 error=0 target_pid=8572
2026-09-18 01:30:36,784 INFO Tracking camera_fps=20.2 inference_fps=20.8 model_ms=31.0 age_ms=47.0 hands=1 pose=True mode=Swing
2026-09-18 01:30:37,138 INFO SendInput scan=0x20 down=False accepted=1 error=0 target_pid=8572
2026-09-18 01:30:37,260 INFO SendInput scan=0x20 down=True accepted=1 error=0 target_pid=8572
2026-09-18 01:30:37,602 INFO SendInput scan=0x20 down=False accepted=1 error=0 target_pid=8572
2026-09-18 01:30:37,887 INFO SendInput scan=0x2A down=False accepted=1 error=0 target_pid=8572
2026-09-18 01:30:39,828 INFO Tracking camera_fps=20.5 inference_fps=20.1 model_ms=47.0 age_ms=47.0 hands=0 pose=True mode=Serbest
2026-09-18 01:30:40,217 INFO SendInput scan=0x20 down=True accepted=1 error=0 target_pid=8572
2026-09-18 01:30:41,223 INFO SendInput scan=0x20 down=False accepted=1 error=0 target_pid=8572
2026-09-18 01:30:41,326 INFO SendInput scan=0x1E down=True accepted=1 error=0 target_pid=8572
2026-09-18 01:30:42,315 INFO SendInput scan=0x1E down=False accepted=1 error=0 target_pid=8572
2026-09-18 01:30:42,433 INFO SendInput scan=0x20 down=True accepted=1 error=0 target_pid=8572
2026-09-18 01:30:42,864 INFO Tracking camera_fps=20.1 inference_fps=20.5 model_ms=16.0 age_ms=16.0 hands=0 pose=True mode=Serbest
2026-09-18 01:30:43,015 INFO SendInput scan=0x20 down=False accepted=1 error=0 target_pid=8572
2026-09-18 01:30:45,907 INFO Tracking camera_fps=20.6 inference_fps=20.7 model_ms=31.0 age_ms=31.0 hands=0 pose=True mode=Serbest
2026-09-18 01:30:48,937 INFO Tracking camera_fps=20.2 inference_fps=19.7 model_ms=47.0 age_ms=47.0 hands=2 pose=True mode=Serbest
2026-09-18 01:30:49,119 INFO SendInput scan=0x39 down=True accepted=1 error=0 target_pid=8572
2026-09-18 01:30:49,194 INFO SendInput scan=0x39 down=False accepted=1 error=0 target_pid=8572
2026-09-18 01:30:50,222 INFO SendInput scan=0x39 down=True accepted=1 error=0 target_pid=8572
2026-09-18 01:30:50,330 INFO SendInput scan=0x39 down=False accepted=1 error=0 target_pid=8572
2026-09-18 01:30:50,393 INFO SendInput scan=0x2A down=True accepted=1 error=0 target_pid=8572
2026-09-18 01:30:50,479 INFO SendInput scan=0x2A down=False accepted=1 error=0 target_pid=8572
2026-09-18 01:30:51,825 INFO SendInput scan=0x39 down=True accepted=1 error=0 target_pid=8572
2026-09-18 01:30:51,896 INFO SendInput scan=0x39 down=False accepted=1 error=0 target_pid=8572
2026-09-18 01:30:51,976 INFO Tracking camera_fps=20.2 inference_fps=21.5 model_ms=31.0 age_ms=31.0 hands=0 pose=True mode=Serbest
2026-09-18 01:30:52,280 INFO SendInput scan=0x39 down=True accepted=1 error=0 target_pid=8572
2026-09-18 01:30:52,394 INFO SendInput scan=0x39 down=False accepted=1 error=0 target_pid=8572
2026-09-18 01:30:52,457 INFO SendInput scan=0x2A down=True accepted=1 error=0 target_pid=8572
2026-09-18 01:30:55,018 INFO Tracking camera_fps=20.4 inference_fps=21.4 model_ms=31.0 age_ms=31.0 hands=1 pose=True mode=Swing
2026-09-18 01:30:55,286 INFO SendInput scan=0x2A down=False accepted=1 error=0 target_pid=8572
2026-09-18 01:30:56,464 INFO SendInput scan=0x1E down=True accepted=1 error=0 target_pid=8572
2026-09-18 01:30:58,042 INFO Tracking camera_fps=20.2 inference_fps=20.3 model_ms=47.0 age_ms=47.0 hands=0 pose=True mode=Eğilme
2026-09-18 01:30:59,572 INFO SendInput scan=0x1E down=False accepted=1 error=0 target_pid=8572
2026-09-18 01:31:00,851 INFO SendInput scan=0x39 down=True accepted=1 error=0 target_pid=8572
2026-09-18 01:31:00,928 INFO SendInput scan=0x39 down=False accepted=1 error=0 target_pid=8572
2026-09-18 01:31:01,081 INFO Tracking camera_fps=20.5 inference_fps=21.5 model_ms=47.0 age_ms=47.0 hands=0 pose=True mode=Serbest
2026-09-18 01:31:01,533 INFO SendInput scan=0x39 down=True accepted=1 error=0 target_pid=8572
2026-09-18 01:31:01,638 INFO SendInput scan=0x39 down=False accepted=1 error=0 target_pid=8572
2026-09-18 01:31:01,706 INFO SendInput scan=0x2A down=True accepted=1 error=0 target_pid=8572
2026-09-18 01:31:03,971 INFO SendInput scan=0x2A down=False accepted=1 error=0 target_pid=8572
2026-09-18 01:31:04,149 INFO Tracking camera_fps=20.7 inference_fps=21.0 model_ms=47.0 age_ms=47.0 hands=1 pose=True mode=Serbest
2026-09-18 01:31:04,337 INFO SendInput scan=0x39 down=True accepted=1 error=0 target_pid=8572
2026-09-18 01:31:04,381 INFO SendInput scan=0x39 down=False accepted=1 error=0 target_pid=8572
2026-09-18 01:31:04,690 INFO SendInput scan=0x39 down=True accepted=1 error=0 target_pid=8572
2026-09-18 01:31:04,798 INFO SendInput scan=0x39 down=False accepted=1 error=0 target_pid=8572
2026-09-18 01:31:04,859 INFO SendInput scan=0x2A down=True accepted=1 error=0 target_pid=8572
2026-09-18 01:31:05,583 INFO SendInput scan=0x2A down=False accepted=1 error=0 target_pid=8572
2026-09-18 01:31:05,832 INFO SendInput scan=0x39 down=True accepted=1 error=0 target_pid=8572
2026-09-18 01:31:05,935 INFO SendInput scan=0x39 down=False accepted=1 error=0 target_pid=8572
2026-09-18 01:31:06,000 INFO SendInput scan=0x2A down=True accepted=1 error=0 target_pid=8572
2026-09-18 01:31:07,163 INFO Tracking camera_fps=20.9 inference_fps=22.6 model_ms=31.0 age_ms=31.0 hands=2 pose=True mode=Swing
2026-09-18 01:31:08,324 INFO SendInput scan=0x2A down=False accepted=1 error=0 target_pid=8572
2026-09-18 01:31:08,730 INFO SendInput scan=0x20 down=True accepted=1 error=0 target_pid=8572
2026-09-18 01:31:09,092 INFO SendInput scan=0x39 down=True accepted=1 error=0 target_pid=8572
2026-09-18 01:31:09,174 INFO SendInput scan=0x39 down=False accepted=1 error=0 target_pid=8572
2026-09-18 01:31:09,688 INFO SendInput scan=0x20 down=False accepted=1 error=0 target_pid=8572
2026-09-18 01:31:09,835 INFO SendInput scan=0x39 down=True accepted=1 error=0 target_pid=8572
2026-09-18 01:31:09,907 INFO SendInput scan=0x39 down=False accepted=1 error=0 target_pid=8572
2026-09-18 01:31:09,939 INFO SendInput scan=0x1E down=True accepted=1 error=0 target_pid=8572
2026-09-18 01:31:10,184 INFO Tracking camera_fps=20.0 inference_fps=20.8 model_ms=32.0 age_ms=47.0 hands=2 pose=True mode=Serbest
2026-09-18 01:31:10,773 INFO SendInput scan=0x1E down=False accepted=1 error=0 target_pid=8572
2026-09-18 01:31:11,912 INFO SendInput scan=0x39 down=True accepted=1 error=0 target_pid=8572
2026-09-18 01:31:12,016 INFO SendInput scan=0x39 down=False accepted=1 error=0 target_pid=8572
2026-09-18 01:31:12,079 INFO SendInput scan=0x2A down=True accepted=1 error=0 target_pid=8572
2026-09-18 01:31:12,529 INFO SendInput scan=0x2A down=False accepted=1 error=0 target_pid=8572
2026-09-18 01:31:12,679 INFO SendInput scan=0x39 down=True accepted=1 error=0 target_pid=8572
2026-09-18 01:31:12,788 INFO SendInput scan=0x39 down=False accepted=1 error=0 target_pid=8572
2026-09-18 01:31:13,041 INFO SendInput scan=0x39 down=True accepted=1 error=0 target_pid=8572
2026-09-18 01:31:13,113 INFO SendInput scan=0x39 down=False accepted=1 error=0 target_pid=8572
2026-09-18 01:31:13,148 INFO SendInput scan=0x39 down=True accepted=1 error=0 target_pid=8572
2026-09-18 01:31:13,220 INFO Tracking camera_fps=20.6 inference_fps=21.5 model_ms=46.0 age_ms=46.0 hands=2 pose=True mode=Swing
2026-09-18 01:31:13,256 INFO SendInput scan=0x39 down=False accepted=1 error=0 target_pid=8572
2026-09-18 01:31:13,314 INFO SendInput scan=0x2A down=True accepted=1 error=0 target_pid=8572
2026-09-18 01:31:13,626 INFO SendInput scan=0x2A down=False accepted=1 error=0 target_pid=8572
2026-09-18 01:31:13,628 INFO Mouse button=right down=True accepted=1
2026-09-18 01:31:14,941 INFO Mouse button=right down=False accepted=1
2026-09-18 01:31:15,050 INFO SendInput scan=0x39 down=True accepted=1 error=0 target_pid=8572
2026-09-18 01:31:15,157 INFO SendInput scan=0x39 down=False accepted=1 error=0 target_pid=8572
2026-09-18 01:31:15,221 INFO SendInput scan=0x2A down=True accepted=1 error=0 target_pid=8572
2026-09-18 01:31:15,284 INFO SendInput scan=0x2A down=False accepted=1 error=0 target_pid=8572
2026-09-18 01:31:15,284 INFO Mouse button=right down=True accepted=1
2026-09-18 01:31:16,272 INFO Tracking camera_fps=20.7 inference_fps=21.6 model_ms=31.0 age_ms=31.0 hands=2 pose=True mode=Nişan
2026-09-18 01:31:17,281 INFO Mouse button=right down=False accepted=1
2026-09-18 01:31:18,172 INFO SendInput scan=0x39 down=True accepted=1 error=0 target_pid=8572
2026-09-18 01:31:18,256 INFO SendInput scan=0x39 down=False accepted=1 error=0 target_pid=8572
2026-09-18 01:31:18,280 INFO Mouse button=left down=True accepted=1
2026-09-18 01:31:18,395 INFO Mouse button=left down=False accepted=1
2026-09-18 01:31:18,574 INFO Mouse button=right down=True accepted=1
2026-09-18 01:31:18,969 INFO Mouse button=right down=False accepted=1
2026-09-18 01:31:19,289 INFO Tracking camera_fps=20.2 inference_fps=21.3 model_ms=31.0 age_ms=47.0 hands=0 pose=True mode=Serbest
2026-09-18 01:31:19,829 INFO SendInput scan=0x39 down=True accepted=1 error=0 target_pid=8572
2026-09-18 01:31:19,905 INFO SendInput scan=0x39 down=False accepted=1 error=0 target_pid=8572
2026-09-18 01:31:21,574 INFO Mouse button=left down=True accepted=1
2026-09-18 01:31:21,670 INFO Mouse button=left down=False accepted=1
2026-09-18 01:31:21,821 INFO SendInput scan=0x39 down=True accepted=1 error=0 target_pid=8572
2026-09-18 01:31:21,896 INFO SendInput scan=0x39 down=False accepted=1 error=0 target_pid=8572
2026-09-18 01:31:22,316 INFO Tracking camera_fps=20.5 inference_fps=21.3 model_ms=31.0 age_ms=31.0 hands=2 pose=True mode=Serbest
2026-09-18 01:31:22,520 INFO SendInput scan=0x39 down=True accepted=1 error=0 target_pid=8572
2026-09-18 01:31:22,623 INFO SendInput scan=0x39 down=False accepted=1 error=0 target_pid=8572
2026-09-18 01:31:22,685 INFO SendInput scan=0x2A down=True accepted=1 error=0 target_pid=8572
2026-09-18 01:31:23,015 INFO SendInput scan=0x39 down=True accepted=1 error=0 target_pid=8572
2026-09-18 01:31:23,017 INFO SendInput scan=0x2A down=False accepted=1 error=0 target_pid=8572
2026-09-18 01:31:23,100 INFO SendInput scan=0x39 down=False accepted=1 error=0 target_pid=8572
2026-09-18 01:31:23,778 INFO Mouse button=left down=True accepted=1
2026-09-18 01:31:23,898 INFO Mouse button=left down=False accepted=1
2026-09-18 01:31:25,366 INFO Tracking camera_fps=20.4 inference_fps=21.4 model_ms=31.0 age_ms=31.0 hands=1 pose=True mode=Serbest
2026-09-18 01:31:28,220 INFO SendInput scan=0x20 down=True accepted=1 error=0 target_pid=8572
2026-09-18 01:31:28,374 INFO Tracking camera_fps=20.7 inference_fps=20.4 model_ms=47.0 age_ms=47.0 hands=0 pose=True mode=Serbest
2026-09-18 01:31:28,769 INFO SendInput scan=0x20 down=False accepted=1 error=0 target_pid=8572
2026-09-18 01:31:29,024 INFO SendInput scan=0x1E down=True accepted=1 error=0 target_pid=8572
2026-09-18 01:31:29,437 INFO SendInput scan=0x1E down=False accepted=1 error=0 target_pid=8572
2026-09-18 01:31:29,727 INFO SendInput scan=0x20 down=True accepted=1 error=0 target_pid=8572
2026-09-18 01:31:30,275 INFO SendInput scan=0x20 down=False accepted=1 error=0 target_pid=8572
2026-09-18 01:31:31,264 INFO SendInput scan=0x20 down=True accepted=1 error=0 target_pid=8572
2026-09-18 01:31:31,426 INFO Tracking camera_fps=21.0 inference_fps=20.4 model_ms=32.0 age_ms=47.0 hands=0 pose=True mode=Serbest
2026-09-18 01:31:31,611 INFO SendInput scan=0x20 down=False accepted=1 error=0 target_pid=8572
2026-09-18 01:31:32,406 INFO SendInput scan=0x20 down=True accepted=1 error=0 target_pid=8572
2026-09-18 01:31:33,968 INFO SendInput scan=0x20 down=False accepted=1 error=0 target_pid=8572
2026-09-18 01:31:34,461 INFO Tracking camera_fps=20.5 inference_fps=20.7 model_ms=31.0 age_ms=31.0 hands=0 pose=True mode=Eğilme
2026-09-18 01:31:36,722 INFO SendInput scan=0x39 down=True accepted=1 error=0 target_pid=8572
2026-09-18 01:31:36,828 INFO SendInput scan=0x39 down=False accepted=1 error=0 target_pid=8572
2026-09-18 01:31:37,356 INFO SendInput scan=0x39 down=True accepted=1 error=0 target_pid=8572
2026-09-18 01:31:37,454 INFO SendInput scan=0x39 down=False accepted=1 error=0 target_pid=8572
2026-09-18 01:31:37,481 INFO Tracking camera_fps=20.3 inference_fps=20.6 model_ms=47.0 age_ms=47.0 hands=1 pose=True mode=Swing
2026-09-18 01:31:37,519 INFO SendInput scan=0x2A down=True accepted=1 error=0 target_pid=8572
2026-09-18 01:31:40,072 INFO SendInput scan=0x2A down=False accepted=1 error=0 target_pid=8572
2026-09-18 01:31:40,201 INFO SendInput scan=0x39 down=True accepted=1 error=0 target_pid=8572
2026-09-18 01:31:40,285 INFO SendInput scan=0x39 down=False accepted=1 error=0 target_pid=8572
2026-09-18 01:31:40,545 INFO Tracking camera_fps=20.3 inference_fps=20.5 model_ms=63.0 age_ms=63.0 hands=1 pose=True mode=Serbest
2026-09-18 01:31:43,581 INFO Tracking camera_fps=20.3 inference_fps=20.6 model_ms=47.0 age_ms=47.0 hands=1 pose=True mode=Serbest
2026-09-18 01:31:44,538 INFO SendInput scan=0x39 down=True accepted=1 error=0 target_pid=8572
2026-09-18 01:31:44,581 INFO SendInput scan=0x39 down=False accepted=1 error=0 target_pid=8572
2026-09-18 01:31:44,936 INFO SendInput scan=0x39 down=True accepted=1 error=0 target_pid=8572
2026-09-18 01:31:45,053 INFO SendInput scan=0x39 down=False accepted=1 error=0 target_pid=8572
2026-09-18 01:31:45,116 INFO SendInput scan=0x2A down=True accepted=1 error=0 target_pid=8572
2026-09-18 01:31:45,580 INFO SendInput scan=0x2A down=False accepted=1 error=0 target_pid=8572
2026-09-18 01:31:46,186 INFO SendInput scan=0x39 down=True accepted=1 error=0 target_pid=8572
2026-09-18 01:31:46,303 INFO SendInput scan=0x39 down=False accepted=1 error=0 target_pid=8572
2026-09-18 01:31:46,365 INFO SendInput scan=0x2A down=True accepted=1 error=0 target_pid=8572
2026-09-18 01:31:46,623 INFO Tracking camera_fps=20.4 inference_fps=20.7 model_ms=47.0 age_ms=47.0 hands=1 pose=True mode=Swing
2026-09-18 01:31:49,032 INFO SendInput scan=0x2A down=False accepted=1 error=0 target_pid=8572
2026-09-18 01:31:49,638 INFO Tracking camera_fps=20.4 inference_fps=20.0 model_ms=47.0 age_ms=62.0 hands=1 pose=True mode=Serbest
2026-09-18 01:31:50,075 INFO SendInput scan=0x1E down=True accepted=1 error=0 target_pid=8572
2026-09-18 01:31:50,122 INFO SendInput scan=0x39 down=True accepted=1 error=0 target_pid=8572
2026-09-18 01:31:50,220 INFO SendInput scan=0x39 down=False accepted=1 error=0 target_pid=8572
2026-09-18 01:31:50,286 INFO SendInput scan=0x2A down=True accepted=1 error=0 target_pid=8572
2026-09-18 01:31:51,358 INFO SendInput scan=0x2A down=False accepted=1 error=0 target_pid=8572
2026-09-18 01:31:51,391 INFO SendInput scan=0x1E down=False accepted=1 error=0 target_pid=8572
2026-09-18 01:31:52,195 INFO SendInput scan=0x20 down=True accepted=1 error=0 target_pid=8572
2026-09-18 01:31:52,655 INFO Tracking camera_fps=19.9 inference_fps=20.2 model_ms=63.0 age_ms=63.0 hands=1 pose=True mode=Serbest
2026-09-18 01:31:52,667 INFO SendInput scan=0x20 down=False accepted=1 error=0 target_pid=8572
2026-09-18 01:31:53,173 INFO SendInput scan=0x1E down=True accepted=1 error=0 target_pid=8572
2026-09-18 01:31:53,914 INFO SendInput scan=0x1E down=False accepted=1 error=0 target_pid=8572
2026-09-18 01:31:53,962 INFO SendInput scan=0x1E down=True accepted=1 error=0 target_pid=8572
2026-09-18 01:31:54,028 INFO SendInput scan=0x1E down=False accepted=1 error=0 target_pid=8572
2026-09-18 01:31:55,634 INFO SendInput scan=0x1E down=True accepted=1 error=0 target_pid=8572
2026-09-18 01:31:55,692 INFO Tracking camera_fps=26.3 inference_fps=27.3 model_ms=31.0 age_ms=31.0 hands=0 pose=True mode=Eğilme
2026-09-18 01:31:58,425 INFO SendInput scan=0x1E down=False accepted=1 error=0 target_pid=8572
2026-09-18 01:31:58,730 INFO Tracking camera_fps=28.4 inference_fps=30.1 model_ms=15.0 age_ms=15.0 hands=0 pose=True mode=Eğilme
2026-09-18 01:32:00,333 INFO SendInput scan=0x1E down=True accepted=1 error=0 target_pid=8572
2026-09-18 01:32:00,407 INFO SendInput scan=0x1D down=True accepted=1 error=0 target_pid=8572
2026-09-18 01:32:00,520 INFO SendInput scan=0x1D down=False accepted=1 error=0 target_pid=8572
2026-09-18 01:32:00,542 INFO SendInput scan=0x1E down=False accepted=1 error=0 target_pid=8572
2026-09-18 01:32:01,734 INFO Tracking camera_fps=25.8 inference_fps=25.9 model_ms=31.0 age_ms=31.0 hands=0 pose=False mode=Gövde görünmüyor
2026-09-18 01:32:03,982 INFO SendInput scan=0x39 down=True accepted=1 error=0 target_pid=8572
2026-09-18 01:32:03,983 INFO SendInput scan=0x20 down=True accepted=1 error=0 target_pid=8572
2026-09-18 01:32:04,056 INFO SendInput scan=0x20 down=False accepted=1 error=0 target_pid=8572
2026-09-18 01:32:04,067 INFO SendInput scan=0x39 down=False accepted=1 error=0 target_pid=8572
2026-09-18 01:32:04,774 INFO Tracking camera_fps=21.7 inference_fps=22.0 model_ms=31.0 age_ms=31.0 hands=0 pose=True mode=Serbest
2026-09-18 01:32:04,828 INFO SendInput scan=0x20 down=True accepted=1 error=0 target_pid=8572
2026-09-18 01:32:04,903 INFO SendInput scan=0x20 down=False accepted=1 error=0 target_pid=8572
2026-09-18 01:32:07,807 INFO Tracking camera_fps=16.8 inference_fps=18.2 model_ms=16.0 age_ms=16.0 hands=0 pose=False mode=Gövde görünmüyor
2026-09-18 01:32:10,865 INFO Tracking camera_fps=17.0 inference_fps=17.7 model_ms=16.0 age_ms=16.0 hands=0 pose=False mode=Gövde görünmüyor
2026-09-18 01:32:13,931 INFO Tracking camera_fps=17.2 inference_fps=17.3 model_ms=16.0 age_ms=32.0 hands=0 pose=False mode=Gövde görünmüyor
2026-09-18 01:32:16,977 INFO Tracking camera_fps=17.1 inference_fps=17.7 model_ms=15.0 age_ms=15.0 hands=0 pose=False mode=Gövde görünmüyor
2026-09-18 01:32:19,982 INFO Tracking camera_fps=17.0 inference_fps=17.0 model_ms=16.0 age_ms=31.0 hands=0 pose=False mode=Gövde görünmüyor
2026-09-18 01:32:23,049 INFO Tracking camera_fps=17.2 inference_fps=17.2 model_ms=32.0 age_ms=32.0 hands=0 pose=False mode=Gövde görünmüyor
2026-09-18 01:32:23,538 INFO SendInput scan=0x39 down=True accepted=1 error=0 target_pid=8572
2026-09-18 01:32:23,541 INFO SendInput scan=0x20 down=True accepted=1 error=0 target_pid=8572
2026-09-18 01:32:23,614 INFO SendInput scan=0x39 down=False accepted=1 error=0 target_pid=8572
2026-09-18 01:32:23,666 INFO SendInput scan=0x20 down=False accepted=1 error=0 target_pid=8572
2026-09-18 01:32:26,106 INFO Tracking camera_fps=16.8 inference_fps=17.6 model_ms=15.0 age_ms=15.0 hands=0 pose=False mode=Gövde görünmüyor
2026-09-18 01:32:29,123 INFO Tracking camera_fps=16.9 inference_fps=16.7 model_ms=47.0 age_ms=47.0 hands=0 pose=False mode=Gövde görünmüyor
2026-09-18 01:32:32,160 INFO Tracking camera_fps=16.9 inference_fps=18.2 model_ms=16.0 age_ms=16.0 hands=0 pose=False mode=Gövde görünmüyor
2026-09-18 01:32:35,215 INFO Tracking camera_fps=17.2 inference_fps=17.9 model_ms=31.0 age_ms=31.0 hands=0 pose=False mode=Gövde görünmüyor
2026-09-18 01:32:38,235 INFO Tracking camera_fps=16.8 inference_fps=16.8 model_ms=31.0 age_ms=31.0 hands=0 pose=False mode=Gövde görünmüyor
2026-09-18 01:32:41,284 INFO Tracking camera_fps=17.1 inference_fps=17.3 model_ms=31.0 age_ms=31.0 hands=0 pose=False mode=Gövde görünmüyor
2026-09-18 01:32:44,344 INFO Tracking camera_fps=17.1 inference_fps=17.3 model_ms=31.0 age_ms=31.0 hands=0 pose=False mode=Gövde görünmüyor
2026-09-18 01:32:47,399 INFO Tracking camera_fps=17.1 inference_fps=18.5 model_ms=15.0 age_ms=15.0 hands=0 pose=False mode=Gövde görünmüyor
2026-09-18 01:32:50,405 INFO Tracking camera_fps=17.0 inference_fps=17.2 model_ms=31.0 age_ms=31.0 hands=0 pose=False mode=Gövde görünmüyor
2026-09-18 01:32:53,470 INFO Tracking camera_fps=17.0 inference_fps=17.1 model_ms=31.0 age_ms=31.0 hands=0 pose=False mode=Gövde görünmüyor
2026-09-18 01:32:56,486 INFO Tracking camera_fps=16.8 inference_fps=16.7 model_ms=31.0 age_ms=47.0 hands=0 pose=False mode=Gövde görünmüyor
2026-09-18 01:32:59,526 INFO Tracking camera_fps=16.9 inference_fps=17.1 model_ms=15.0 age_ms=15.0 hands=0 pose=False mode=Gövde görünmüyor
2026-09-18 01:33:02,582 INFO Tracking camera_fps=16.8 inference_fps=17.3 model_ms=16.0 age_ms=16.0 hands=0 pose=False mode=Gövde görünmüyor
2026-09-18 01:33:05,643 INFO Tracking camera_fps=17.1 inference_fps=17.1 model_ms=31.0 age_ms=31.0 hands=0 pose=False mode=Gövde görünmüyor
2026-09-18 01:33:08,686 INFO Tracking camera_fps=17.1 inference_fps=17.7 model_ms=15.0 age_ms=15.0 hands=0 pose=False mode=Gövde görünmüyor
2026-09-18 01:33:11,709 INFO Tracking camera_fps=17.0 inference_fps=17.2 model_ms=31.0 age_ms=31.0 hands=0 pose=False mode=Gövde görünmüyor
2026-09-18 01:33:14,764 INFO Tracking camera_fps=17.0 inference_fps=17.5 model_ms=31.0 age_ms=31.0 hands=0 pose=False mode=Gövde görünmüyor
2026-09-18 01:33:17,817 INFO Tracking camera_fps=17.3 inference_fps=17.4 model_ms=31.0 age_ms=31.0 hands=0 pose=False mode=Gövde görünmüyor
2026-09-18 01:33:20,883 INFO Tracking camera_fps=16.8 inference_fps=17.1 model_ms=16.0 age_ms=16.0 hands=0 pose=False mode=Gövde görünmüyor
2026-09-18 01:33:23,943 INFO Tracking camera_fps=17.1 inference_fps=18.0 model_ms=15.0 age_ms=31.0 hands=0 pose=False mode=Gövde görünmüyor
2026-09-18 01:33:27,012 INFO Tracking camera_fps=17.2 inference_fps=17.3 model_ms=32.0 age_ms=32.0 hands=0 pose=False mode=Gövde görünmüyor
2026-09-18 01:33:30,056 INFO Tracking camera_fps=17.1 inference_fps=17.3 model_ms=16.0 age_ms=16.0 hands=0 pose=False mode=Gövde görünmüyor
2026-09-18 01:33:33,061 INFO Tracking camera_fps=17.1 inference_fps=17.2 model_ms=31.0 age_ms=31.0 hands=0 pose=False mode=Gövde görünmüyor
2026-09-18 01:33:36,121 INFO Tracking camera_fps=17.1 inference_fps=17.7 model_ms=16.0 age_ms=16.0 hands=0 pose=False mode=Gövde görünmüyor
2026-09-18 01:33:39,129 INFO Tracking camera_fps=17.4 inference_fps=17.7 model_ms=47.0 age_ms=47.0 hands=0 pose=False mode=Gövde görünmüyor
2026-09-18 01:33:42,183 INFO Tracking camera_fps=16.8 inference_fps=17.6 model_ms=16.0 age_ms=16.0 hands=0 pose=False mode=Gövde görünmüyor
2026-09-18 01:33:45,240 INFO Tracking camera_fps=16.7 inference_fps=16.9 model_ms=16.0 age_ms=16.0 hands=0 pose=False mode=Gövde görünmüyor
2026-09-18 01:33:48,296 INFO Tracking camera_fps=17.2 inference_fps=17.5 model_ms=32.0 age_ms=32.0 hands=0 pose=False mode=Gövde görünmüyor
2026-09-18 01:33:51,349 INFO Tracking camera_fps=17.1 inference_fps=18.0 model_ms=15.0 age_ms=15.0 hands=0 pose=False mode=Gövde görünmüyor
2026-09-18 01:33:54,358 INFO Tracking camera_fps=17.0 inference_fps=17.4 model_ms=31.0 age_ms=31.0 hands=0 pose=False mode=Gövde görünmüyor
2026-09-18 01:33:57,412 INFO Tracking camera_fps=17.0 inference_fps=18.2 model_ms=16.0 age_ms=16.0 hands=0 pose=False mode=Gövde görünmüyor
2026-09-18 01:34:00,426 INFO Tracking camera_fps=17.0 inference_fps=17.0 model_ms=32.0 age_ms=32.0 hands=0 pose=False mode=Gövde görünmüyor
2026-09-18 01:34:03,481 INFO Tracking camera_fps=16.9 inference_fps=17.4 model_ms=15.0 age_ms=15.0 hands=0 pose=False mode=Gövde görünmüyor
2026-09-18 01:34:06,537 INFO Tracking camera_fps=17.2 inference_fps=17.8 model_ms=16.0 age_ms=31.0 hands=0 pose=False mode=Gövde görünmüyor
2026-09-18 01:34:09,544 INFO Tracking camera_fps=16.9 inference_fps=17.1 model_ms=32.0 age_ms=32.0 hands=0 pose=False mode=Gövde görünmüyor
2026-09-18 01:34:12,608 INFO Tracking camera_fps=16.8 inference_fps=16.9 model_ms=31.0 age_ms=31.0 hands=0 pose=False mode=Gövde görünmüyor
2026-09-18 01:34:15,658 INFO Tracking camera_fps=17.0 inference_fps=17.3 model_ms=31.0 age_ms=31.0 hands=0 pose=False mode=Gövde görünmüyor
2026-09-18 01:34:18,720 INFO Tracking camera_fps=17.0 inference_fps=17.0 model_ms=31.0 age_ms=31.0 hands=0 pose=False mode=Gövde görünmüyor
2026-09-18 01:34:21,768 INFO Tracking camera_fps=17.4 inference_fps=17.4 model_ms=15.0 age_ms=31.0 hands=0 pose=False mode=Gövde görünmüyor
2026-09-18 01:34:24,834 INFO Tracking camera_fps=16.8 inference_fps=17.4 model_ms=16.0 age_ms=16.0 hands=0 pose=False mode=Gövde görünmüyor
2026-09-18 01:34:27,892 INFO Tracking camera_fps=17.4 inference_fps=17.5 model_ms=15.0 age_ms=31.0 hands=0 pose=False mode=Gövde görünmüyor
2026-09-18 01:34:30,949 INFO Tracking camera_fps=17.1 inference_fps=17.4 model_ms=15.0 age_ms=15.0 hands=0 pose=False mode=Gövde görünmüyor
2026-09-18 01:34:33,958 INFO Tracking camera_fps=16.7 inference_fps=17.0 model_ms=16.0 age_ms=16.0 hands=0 pose=False mode=Gövde görünmüyor
2026-09-18 01:34:37,021 INFO Tracking camera_fps=17.1 inference_fps=16.9 model_ms=31.0 age_ms=31.0 hands=0 pose=False mode=Gövde görünmüyor
2026-09-18 01:34:40,067 INFO Tracking camera_fps=17.0 inference_fps=17.4 model_ms=15.0 age_ms=15.0 hands=0 pose=False mode=Gövde görünmüyor
2026-09-18 01:34:43,077 INFO Tracking camera_fps=16.9 inference_fps=16.9 model_ms=31.0 age_ms=31.0 hands=0 pose=False mode=Gövde görünmüyor
2026-09-18 01:34:46,134 INFO Tracking camera_fps=17.0 inference_fps=17.6 model_ms=16.0 age_ms=16.0 hands=0 pose=False mode=Gövde görünmüyor
2026-09-18 01:34:49,189 INFO Tracking camera_fps=17.0 inference_fps=17.8 model_ms=15.0 age_ms=15.0 hands=0 pose=False mode=Gövde görünmüyor
2026-09-18 01:34:52,247 INFO Tracking camera_fps=17.1 inference_fps=17.4 model_ms=32.0 age_ms=32.0 hands=0 pose=False mode=Gövde görünmüyor
2026-09-18 01:34:55,305 INFO Tracking camera_fps=17.1 inference_fps=17.9 model_ms=16.0 age_ms=16.0 hands=0 pose=False mode=Gövde görünmüyor
2026-09-18 01:34:58,316 INFO Tracking camera_fps=17.0 inference_fps=17.2 model_ms=31.0 age_ms=31.0 hands=0 pose=False mode=Gövde görünmüyor
2026-09-18 01:35:01,372 INFO Tracking camera_fps=17.1 inference_fps=17.2 model_ms=32.0 age_ms=32.0 hands=0 pose=False mode=Gövde görünmüyor
2026-09-18 01:35:04,394 INFO Tracking camera_fps=17.0 inference_fps=16.7 model_ms=47.0 age_ms=47.0 hands=0 pose=False mode=Gövde görünmüyor
2026-09-18 01:35:07,435 INFO Tracking camera_fps=17.0 inference_fps=17.1 model_ms=31.0 age_ms=31.0 hands=0 pose=False mode=Gövde görünmüyor
2026-09-18 01:35:10,500 INFO Tracking camera_fps=17.2 inference_fps=18.2 model_ms=32.0 age_ms=47.0 hands=0 pose=False mode=Gövde görünmüyor
2026-09-18 01:35:13,542 INFO Tracking camera_fps=17.3 inference_fps=17.6 model_ms=16.0 age_ms=16.0 hands=0 pose=False mode=Gövde görünmüyor
2026-09-18 01:35:16,552 INFO Tracking camera_fps=16.8 inference_fps=17.5 model_ms=16.0 age_ms=16.0 hands=0 pose=False mode=Gövde görünmüyor
2026-09-18 01:35:19,619 INFO Tracking camera_fps=17.2 inference_fps=17.7 model_ms=31.0 age_ms=31.0 hands=0 pose=False mode=Gövde görünmüyor
2026-09-18 01:35:22,696 INFO Tracking camera_fps=18.1 inference_fps=18.2 model_ms=15.0 age_ms=15.0 hands=0 pose=False mode=Gövde görünmüyor
2026-09-18 01:35:25,724 INFO Tracking camera_fps=30.8 inference_fps=34.9 model_ms=31.0 age_ms=31.0 hands=0 pose=False mode=Gövde görünmüyor
2026-09-18 01:35:26,132 INFO SendInput scan=0x1E down=True accepted=1 error=0 target_pid=8572
2026-09-18 01:35:27,024 INFO SendInput scan=0x1D down=True accepted=1 error=0 target_pid=8572
2026-09-18 01:35:27,131 INFO SendInput scan=0x1D down=False accepted=1 error=0 target_pid=8572
2026-09-18 01:35:28,320 INFO SendInput scan=0x1E down=False accepted=1 error=0 target_pid=8572
2026-09-18 01:35:28,732 INFO Tracking camera_fps=30.8 inference_fps=32.4 model_ms=31.0 age_ms=31.0 hands=0 pose=False mode=Gövde görünmüyor
2026-09-18 01:35:29,329 INFO SendInput scan=0x20 down=True accepted=1 error=0 target_pid=8572
2026-09-18 01:35:31,752 INFO Tracking camera_fps=31.4 inference_fps=34.2 model_ms=16.0 age_ms=32.0 hands=0 pose=True mode=Serbest
2026-09-18 01:35:34,779 INFO Tracking camera_fps=31.6 inference_fps=32.6 model_ms=31.0 age_ms=31.0 hands=0 pose=True mode=Serbest
2026-09-18 01:35:35,603 INFO SendInput scan=0x20 down=False accepted=1 error=0 target_pid=8572
2026-09-18 01:35:35,854 INFO SendInput scan=0x1E down=True accepted=1 error=0 target_pid=8572
2026-09-18 01:35:36,098 INFO SendInput scan=0x1E down=False accepted=1 error=0 target_pid=8572
2026-09-18 01:35:36,193 INFO SendInput scan=0x1E down=True accepted=1 error=0 target_pid=8572
2026-09-18 01:35:36,620 INFO SendInput scan=0x1E down=False accepted=1 error=0 target_pid=8572
2026-09-18 01:35:37,889 INFO Tracking camera_fps=17.2 inference_fps=17.8 model_ms=31.0 age_ms=31.0 hands=0 pose=False mode=Gövde görünmüyor
2026-09-18 01:35:41,041 INFO Tracking camera_fps=7.4 inference_fps=7.5 model_ms=16.0 age_ms=31.0 hands=0 pose=False mode=Gövde görünmüyor
2026-09-18 01:35:44,053 INFO Tracking camera_fps=5.5 inference_fps=5.5 model_ms=47.0 age_ms=47.0 hands=0 pose=True mode=Serbest
2026-09-18 01:35:44,053 INFO SendInput scan=0x20 down=True accepted=1 error=0 target_pid=8572
2026-09-18 01:35:47,067 INFO Tracking camera_fps=7.1 inference_fps=7.1 model_ms=31.0 age_ms=47.0 hands=1 pose=True mode=Serbest
2026-09-18 01:35:50,090 INFO Tracking camera_fps=12.3 inference_fps=12.6 model_ms=31.0 age_ms=31.0 hands=2 pose=True mode=Serbest
2026-09-18 01:35:51,686 INFO SendInput scan=0x39 down=True accepted=1 error=0 target_pid=8572
2026-09-18 01:35:51,796 INFO SendInput scan=0x39 down=False accepted=1 error=0 target_pid=8572
2026-09-18 01:35:51,860 INFO SendInput scan=0x2A down=True accepted=1 error=0 target_pid=8572
2026-09-18 01:35:52,183 INFO SendInput scan=0x2A down=False accepted=1 error=0 target_pid=8572
2026-09-18 01:35:52,654 INFO Mouse button=right down=True accepted=1
2026-09-18 01:35:52,655 INFO SendInput scan=0x20 down=False accepted=1 error=0 target_pid=8572
2026-09-18 01:35:53,118 INFO Tracking camera_fps=12.5 inference_fps=13.0 model_ms=16.0 age_ms=16.0 hands=1 pose=True mode=Serbest
2026-09-18 01:35:53,119 INFO Mouse button=right down=False accepted=1
2026-09-18 01:35:53,120 INFO SendInput scan=0x20 down=True accepted=1 error=0 target_pid=8572
2026-09-18 01:35:53,288 INFO SendInput scan=0x39 down=True accepted=1 error=0 target_pid=8572
2026-09-18 01:35:53,390 INFO SendInput scan=0x39 down=False accepted=1 error=0 target_pid=8572
2026-09-18 01:35:53,456 INFO SendInput scan=0x2A down=True accepted=1 error=0 target_pid=8572
2026-09-18 01:35:54,187 INFO SendInput scan=0x20 down=False accepted=1 error=0 target_pid=8572
2026-09-18 01:35:54,982 INFO SendInput scan=0x20 down=True accepted=1 error=0 target_pid=8572
2026-09-18 01:35:55,621 INFO SendInput scan=0x2A down=False accepted=1 error=0 target_pid=8572
2026-09-18 01:35:56,187 INFO Tracking camera_fps=12.6 inference_fps=12.6 model_ms=62.0 age_ms=62.0 hands=1 pose=True mode=Serbest
2026-09-18 01:35:57,939 INFO SendInput scan=0x20 down=False accepted=1 error=0 target_pid=8572
2026-09-18 01:35:59,071 INFO SendInput scan=0x20 down=True accepted=1 error=0 target_pid=8572
2026-09-18 01:35:59,231 INFO Tracking camera_fps=12.5 inference_fps=12.7 model_ms=46.0 age_ms=46.0 hands=1 pose=True mode=Serbest
2026-09-18 01:36:01,604 INFO SendInput scan=0x39 down=True accepted=1 error=0 target_pid=8572
2026-09-18 01:36:01,708 INFO SendInput scan=0x39 down=False accepted=1 error=0 target_pid=8572
2026-09-18 01:36:01,770 INFO SendInput scan=0x2A down=True accepted=1 error=0 target_pid=8572
2026-09-18 01:36:02,088 INFO SendInput scan=0x2A down=False accepted=1 error=0 target_pid=8572
2026-09-18 01:36:02,257 INFO Tracking camera_fps=12.7 inference_fps=12.6 model_ms=32.0 age_ms=47.0 hands=1 pose=True mode=Serbest
2026-09-18 01:36:02,334 INFO SendInput scan=0x20 down=False accepted=1 error=0 target_pid=8572
2026-09-18 01:36:03,758 INFO SendInput scan=0x20 down=True accepted=1 error=0 target_pid=8572
2026-09-18 01:36:05,324 INFO Tracking camera_fps=11.3 inference_fps=11.5 model_ms=15.0 age_ms=15.0 hands=0 pose=True mode=Serbest
2026-09-18 01:36:08,425 INFO Tracking camera_fps=10.2 inference_fps=10.1 model_ms=32.0 age_ms=47.0 hands=0 pose=True mode=Serbest
2026-09-18 01:36:08,645 INFO SendInput scan=0x39 down=True accepted=1 error=0 target_pid=8572
2026-09-18 01:36:08,721 INFO SendInput scan=0x39 down=False accepted=1 error=0 target_pid=8572
2026-09-18 01:36:09,127 INFO SendInput scan=0x20 down=False accepted=1 error=0 target_pid=8572
2026-09-18 01:36:11,519 INFO Tracking camera_fps=8.1 inference_fps=8.2 model_ms=15.0 age_ms=15.0 hands=0 pose=False mode=Gövde görünmüyor
2026-09-18 02:08:39,636 INFO WebMotion starting integrity={'rid': 12288, 'name': 'High', 'error': 0}
2026-09-18 02:10:15,327 INFO Tracking camera_fps=0.1 inference_fps=0.0 model_ms=16.0 age_ms=16.0 hands=0 pose=False mode=Gövde görünmüyor
2026-09-18 02:10:18,363 INFO Tracking camera_fps=16.9 inference_fps=16.9 model_ms=16.0 age_ms=16.0 hands=0 pose=True mode=Eğilme
2026-09-18 02:10:21,437 INFO Tracking camera_fps=14.1 inference_fps=14.1 model_ms=15.0 age_ms=15.0 hands=0 pose=True mode=Eğilme
2026-09-18 02:10:24,459 INFO Tracking camera_fps=20.1 inference_fps=20.0 model_ms=16.0 age_ms=16.0 hands=0 pose=True mode=Gövde görünmüyor
2026-09-18 02:10:27,499 INFO Tracking camera_fps=16.7 inference_fps=16.7 model_ms=16.0 age_ms=16.0 hands=0 pose=True mode=Gövde görünmüyor
2026-09-18 02:10:30,529 INFO Tracking camera_fps=12.2 inference_fps=12.0 model_ms=16.0 age_ms=31.0 hands=0 pose=True mode=Serbest
2026-09-18 02:10:33,594 INFO Tracking camera_fps=11.2 inference_fps=11.3 model_ms=15.0 age_ms=15.0 hands=0 pose=True mode=Serbest
2026-09-18 02:10:36,652 INFO Tracking camera_fps=11.9 inference_fps=12.1 model_ms=0.0 age_ms=0.0 hands=0 pose=False mode=Gövde görünmüyor
2026-09-18 02:10:39,675 INFO Tracking camera_fps=13.7 inference_fps=13.7 model_ms=16.0 age_ms=16.0 hands=0 pose=True mode=Serbest
2026-09-18 02:10:42,685 INFO Tracking camera_fps=14.2 inference_fps=14.6 model_ms=15.0 age_ms=15.0 hands=0 pose=False mode=Gövde görünmüyor
2026-09-18 02:10:45,762 INFO Tracking camera_fps=14.6 inference_fps=14.6 model_ms=16.0 age_ms=16.0 hands=0 pose=False mode=Gövde görünmüyor
2026-09-18 02:10:48,769 INFO Tracking camera_fps=14.4 inference_fps=14.6 model_ms=15.0 age_ms=15.0 hands=0 pose=False mode=Gövde görünmüyor
2026-09-18 02:10:51,780 INFO Tracking camera_fps=14.7 inference_fps=14.3 model_ms=31.0 age_ms=31.0 hands=0 pose=True mode=Serbest
2026-09-18 02:10:54,857 INFO Tracking camera_fps=14.4 inference_fps=14.3 model_ms=16.0 age_ms=16.0 hands=0 pose=False mode=Gövde görünmüyor
2026-09-18 02:10:57,875 INFO Tracking camera_fps=14.6 inference_fps=14.3 model_ms=16.0 age_ms=32.0 hands=0 pose=True mode=Serbest
2026-09-18 02:11:00,910 INFO Tracking camera_fps=14.2 inference_fps=14.3 model_ms=16.0 age_ms=16.0 hands=0 pose=True mode=Serbest
2026-09-18 02:11:03,978 INFO Tracking camera_fps=16.7 inference_fps=16.9 model_ms=0.0 age_ms=0.0 hands=0 pose=False mode=Gövde görünmüyor
2026-09-18 02:11:07,036 INFO Tracking camera_fps=17.0 inference_fps=17.0 model_ms=16.0 age_ms=16.0 hands=0 pose=False mode=Gövde görünmüyor
2026-09-18 02:11:10,092 INFO Tracking camera_fps=17.0 inference_fps=16.9 model_ms=15.0 age_ms=15.0 hands=0 pose=False mode=Gövde görünmüyor
2026-09-18 02:11:13,147 INFO Tracking camera_fps=17.4 inference_fps=17.3 model_ms=15.0 age_ms=15.0 hands=0 pose=False mode=Gövde görünmüyor
2026-09-18 02:11:16,156 INFO Tracking camera_fps=16.9 inference_fps=16.7 model_ms=16.0 age_ms=16.0 hands=0 pose=True mode=Serbest
2026-09-18 02:11:19,213 INFO Tracking camera_fps=16.9 inference_fps=17.1 model_ms=0.0 age_ms=0.0 hands=0 pose=True mode=Serbest
2026-09-18 02:11:22,221 INFO Tracking camera_fps=16.8 inference_fps=16.8 model_ms=15.0 age_ms=15.0 hands=0 pose=True mode=Serbest
2026-09-18 02:11:25,278 INFO Tracking camera_fps=16.8 inference_fps=16.7 model_ms=16.0 age_ms=16.0 hands=0 pose=True mode=Serbest
2026-09-18 02:11:28,316 INFO Tracking camera_fps=16.1 inference_fps=16.1 model_ms=15.0 age_ms=15.0 hands=0 pose=True mode=Serbest
2026-09-18 02:11:31,357 INFO Tracking camera_fps=12.5 inference_fps=12.5 model_ms=16.0 age_ms=16.0 hands=0 pose=True mode=Eğilme
2026-09-18 02:11:34,396 INFO Tracking camera_fps=14.7 inference_fps=14.7 model_ms=15.0 age_ms=15.0 hands=0 pose=True mode=Eğilme
2026-09-18 02:11:37,453 INFO Tracking camera_fps=16.9 inference_fps=16.6 model_ms=16.0 age_ms=16.0 hands=0 pose=True mode=Serbest
2026-09-18 02:11:40,495 INFO Tracking camera_fps=12.3 inference_fps=12.3 model_ms=0.0 age_ms=16.0 hands=0 pose=True mode=Eğilme
2026-09-18 02:11:43,534 INFO Tracking camera_fps=12.6 inference_fps=12.5 model_ms=16.0 age_ms=16.0 hands=0 pose=True mode=Eğilme
2026-09-18 02:11:46,572 INFO Tracking camera_fps=12.4 inference_fps=12.6 model_ms=0.0 age_ms=0.0 hands=0 pose=True mode=Eğilme
2026-09-18 02:11:49,612 INFO Tracking camera_fps=12.6 inference_fps=12.6 model_ms=16.0 age_ms=16.0 hands=0 pose=True mode=Serbest
2026-09-18 02:11:52,655 INFO Tracking camera_fps=12.5 inference_fps=12.4 model_ms=16.0 age_ms=16.0 hands=0 pose=True mode=Serbest
2026-09-18 02:11:55,694 INFO Tracking camera_fps=12.6 inference_fps=12.6 model_ms=15.0 age_ms=15.0 hands=0 pose=True mode=Serbest
2026-09-18 02:11:58,736 INFO Tracking camera_fps=12.5 inference_fps=12.5 model_ms=16.0 age_ms=16.0 hands=0 pose=True mode=Serbest
2026-09-18 02:12:01,776 INFO Tracking camera_fps=12.6 inference_fps=12.6 model_ms=0.0 age_ms=15.0 hands=0 pose=True mode=Serbest
2026-09-18 02:12:04,817 INFO Tracking camera_fps=12.5 inference_fps=12.6 model_ms=15.0 age_ms=15.0 hands=0 pose=True mode=Serbest
2026-09-18 02:12:07,856 INFO Tracking camera_fps=12.4 inference_fps=12.4 model_ms=16.0 age_ms=16.0 hands=0 pose=True mode=Serbest
2026-09-18 02:12:10,893 INFO Tracking camera_fps=12.6 inference_fps=12.5 model_ms=15.0 age_ms=15.0 hands=0 pose=True mode=Serbest
2026-09-18 02:12:13,934 INFO Tracking camera_fps=12.5 inference_fps=12.5 model_ms=15.0 age_ms=15.0 hands=0 pose=True mode=Serbest
2026-09-18 02:12:16,976 INFO Tracking camera_fps=12.6 inference_fps=12.6 model_ms=15.0 age_ms=15.0 hands=0 pose=True mode=Serbest
2026-09-18 02:12:20,021 INFO Tracking camera_fps=12.5 inference_fps=12.6 model_ms=15.0 age_ms=15.0 hands=1 pose=True mode=Swing
2026-09-18 02:12:23,055 INFO Tracking camera_fps=12.6 inference_fps=12.6 model_ms=16.0 age_ms=16.0 hands=0 pose=True mode=Serbest
2026-09-18 02:12:26,101 INFO Tracking camera_fps=12.5 inference_fps=12.6 model_ms=15.0 age_ms=15.0 hands=2 pose=True mode=Nişan
2026-09-18 02:12:29,135 INFO Tracking camera_fps=12.6 inference_fps=12.6 model_ms=0.0 age_ms=16.0 hands=0 pose=True mode=Serbest
2026-09-18 02:12:32,177 INFO Tracking camera_fps=12.6 inference_fps=12.5 model_ms=16.0 age_ms=16.0 hands=0 pose=True mode=Serbest
2026-09-18 02:12:35,215 INFO Tracking camera_fps=12.5 inference_fps=12.6 model_ms=0.0 age_ms=0.0 hands=0 pose=True mode=Serbest
2026-09-18 02:12:38,255 INFO Tracking camera_fps=12.6 inference_fps=12.6 model_ms=16.0 age_ms=16.0 hands=0 pose=True mode=Serbest
2026-09-18 02:12:41,301 INFO Tracking camera_fps=12.5 inference_fps=12.5 model_ms=16.0 age_ms=16.0 hands=2 pose=True mode=Serbest
2026-09-18 02:12:44,336 INFO Tracking camera_fps=12.6 inference_fps=12.6 model_ms=16.0 age_ms=16.0 hands=0 pose=True mode=Serbest
2026-09-18 02:12:47,381 INFO Tracking camera_fps=12.5 inference_fps=12.6 model_ms=16.0 age_ms=16.0 hands=1 pose=True mode=Serbest
2026-09-18 02:12:50,399 INFO Tracking camera_fps=12.6 inference_fps=12.8 model_ms=0.0 age_ms=15.0 hands=0 pose=True mode=Serbest
2026-09-18 02:12:53,439 INFO Tracking camera_fps=12.5 inference_fps=12.6 model_ms=15.0 age_ms=15.0 hands=0 pose=True mode=Serbest
2026-09-18 02:12:56,480 INFO Tracking camera_fps=12.4 inference_fps=12.6 model_ms=0.0 age_ms=0.0 hands=0 pose=True mode=Serbest
2026-09-18 02:12:59,521 INFO Tracking camera_fps=12.6 inference_fps=12.5 model_ms=15.0 age_ms=15.0 hands=0 pose=True mode=Serbest
2026-09-18 02:13:02,559 INFO Tracking camera_fps=12.5 inference_fps=12.7 model_ms=0.0 age_ms=0.0 hands=0 pose=True mode=Serbest
2026-09-18 02:13:05,611 INFO Tracking camera_fps=12.6 inference_fps=12.5 model_ms=31.0 age_ms=31.0 hands=1 pose=True mode=Swing
2026-09-18 02:13:08,641 INFO Tracking camera_fps=12.5 inference_fps=12.6 model_ms=15.0 age_ms=15.0 hands=0 pose=True mode=Serbest
2026-09-18 02:13:11,683 INFO Tracking camera_fps=12.6 inference_fps=12.7 model_ms=0.0 age_ms=16.0 hands=0 pose=True mode=Serbest
2026-09-18 02:13:14,017 INFO SendInput scan=0x39 down=True accepted=1 error=0 target_pid=14852
2026-09-18 02:13:14,100 INFO SendInput scan=0x39 down=False accepted=1 error=0 target_pid=14852
2026-09-18 02:13:14,740 INFO Tracking camera_fps=12.6 inference_fps=12.7 model_ms=31.0 age_ms=31.0 hands=2 pose=True mode=Swing
2026-09-18 02:13:14,753 INFO SendInput scan=0x39 down=True accepted=1 error=0 target_pid=14852
2026-09-18 02:13:14,828 INFO SendInput scan=0x39 down=False accepted=1 error=0 target_pid=14852
2026-09-18 02:13:14,829 INFO SendInput scan=0x1E down=True accepted=1 error=0 target_pid=14852
2026-09-18 02:13:15,068 INFO SendInput scan=0x39 down=True accepted=1 error=0 target_pid=14852
2026-09-18 02:13:15,176 INFO SendInput scan=0x39 down=False accepted=1 error=0 target_pid=14852
2026-09-18 02:13:15,237 INFO Mouse button=right down=True accepted=1
2026-09-18 02:13:15,239 INFO SendInput scan=0x1E down=False accepted=1 error=0 target_pid=14852
2026-09-18 02:13:15,869 INFO Mouse button=right down=False accepted=1
2026-09-18 02:13:15,870 INFO SendInput scan=0x1E down=True accepted=1 error=0 target_pid=14852
2026-09-18 02:13:16,038 INFO SendInput scan=0x39 down=True accepted=1 error=0 target_pid=14852
2026-09-18 02:13:16,143 INFO SendInput scan=0x39 down=False accepted=1 error=0 target_pid=14852
2026-09-18 02:13:16,207 INFO SendInput scan=0x2A down=True accepted=1 error=0 target_pid=14852
2026-09-18 02:13:16,429 INFO SendInput scan=0x2A down=False accepted=1 error=0 target_pid=14852
2026-09-18 02:13:17,772 INFO Tracking camera_fps=12.8 inference_fps=12.9 model_ms=15.0 age_ms=31.0 hands=0 pose=True mode=Serbest
2026-09-18 02:13:18,512 INFO SendInput scan=0x1E down=False accepted=1 error=0 target_pid=14852
2026-09-18 02:13:20,105 INFO SendInput scan=0x1E down=True accepted=1 error=0 target_pid=14852
2026-09-18 02:13:20,832 INFO Tracking camera_fps=12.6 inference_fps=12.4 model_ms=47.0 age_ms=47.0 hands=0 pose=True mode=Serbest
2026-09-18 02:13:21,318 INFO SendInput scan=0x1E down=False accepted=1 error=0 target_pid=14852
2026-09-18 02:13:23,857 INFO Tracking camera_fps=12.5 inference_fps=12.6 model_ms=31.0 age_ms=31.0 hands=0 pose=True mode=Serbest
2026-09-18 02:13:24,276 INFO SendInput scan=0x1E down=True accepted=1 error=0 target_pid=14852
2026-09-18 02:13:24,596 INFO SendInput scan=0x1E down=False accepted=1 error=0 target_pid=14852
2026-09-18 02:13:26,906 INFO Tracking camera_fps=12.6 inference_fps=12.6 model_ms=47.0 age_ms=47.0 hands=0 pose=True mode=Serbest
2026-09-18 02:13:29,950 INFO Tracking camera_fps=12.6 inference_fps=12.7 model_ms=47.0 age_ms=47.0 hands=0 pose=True mode=Serbest
2026-09-18 02:13:30,570 INFO SendInput scan=0x39 down=True accepted=1 error=0 target_pid=14852
2026-09-18 02:13:30,677 INFO SendInput scan=0x39 down=False accepted=1 error=0 target_pid=14852
2026-09-18 02:13:30,737 INFO SendInput scan=0x2A down=True accepted=1 error=0 target_pid=14852
2026-09-18 02:13:31,242 INFO SendInput scan=0x20 down=True accepted=1 error=0 target_pid=14852
2026-09-18 02:13:31,417 INFO SendInput scan=0x20 down=False accepted=1 error=0 target_pid=14852
2026-09-18 02:13:31,733 INFO SendInput scan=0x20 down=True accepted=1 error=0 target_pid=14852
2026-09-18 02:13:31,819 INFO SendInput scan=0x20 down=False accepted=1 error=0 target_pid=14852
2026-09-18 02:13:32,138 INFO SendInput scan=0x1E down=True accepted=1 error=0 target_pid=14852
2026-09-18 02:13:33,029 INFO Tracking camera_fps=12.5 inference_fps=11.7 model_ms=94.0 age_ms=156.0 hands=1 pose=True mode=Swing
2026-09-18 02:13:33,257 INFO SendInput scan=0x2A down=False accepted=1 error=0 target_pid=14852
2026-09-18 02:13:33,680 INFO SendInput scan=0x1E down=False accepted=1 error=0 target_pid=14852
2026-09-18 02:13:33,832 INFO SendInput scan=0x39 down=True accepted=1 error=0 target_pid=14852
2026-09-18 02:13:33,939 INFO SendInput scan=0x39 down=False accepted=1 error=0 target_pid=14852
2026-09-18 02:13:34,006 INFO SendInput scan=0x2A down=True accepted=1 error=0 target_pid=14852
2026-09-18 02:13:34,167 INFO SendInput scan=0x20 down=True accepted=1 error=0 target_pid=14852
2026-09-18 02:13:34,303 INFO SendInput scan=0x20 down=False accepted=1 error=0 target_pid=14852
2026-09-18 02:13:35,056 INFO SendInput scan=0x1E down=True accepted=1 error=0 target_pid=14852
2026-09-18 02:13:36,049 INFO Tracking camera_fps=12.6 inference_fps=12.9 model_ms=63.0 age_ms=63.0 hands=1 pose=True mode=Swing
2026-09-18 02:13:36,317 INFO SendInput scan=0x2A down=False accepted=1 error=0 target_pid=14852
2026-09-18 02:13:37,025 INFO SendInput scan=0x39 down=True accepted=1 error=0 target_pid=14852
2026-09-18 02:13:37,129 INFO SendInput scan=0x39 down=False accepted=1 error=0 target_pid=14852
2026-09-18 02:13:37,193 INFO SendInput scan=0x2A down=True accepted=1 error=0 target_pid=14852
2026-09-18 02:13:37,195 INFO SendInput scan=0x1E down=False accepted=1 error=0 target_pid=14852
2026-09-18 02:13:37,806 INFO SendInput scan=0x1E down=True accepted=1 error=0 target_pid=14852
2026-09-18 02:13:37,976 INFO SendInput scan=0x1E down=False accepted=1 error=0 target_pid=14852
2026-09-18 02:13:38,050 INFO SendInput scan=0x2A down=False accepted=1 error=0 target_pid=14852
2026-09-18 02:13:38,274 INFO SendInput scan=0x39 down=True accepted=1 error=0 target_pid=14852
2026-09-18 02:13:38,358 INFO SendInput scan=0x39 down=False accepted=1 error=0 target_pid=14852
2026-09-18 02:13:38,597 INFO SendInput scan=0x39 down=True accepted=1 error=0 target_pid=14852
2026-09-18 02:13:38,707 INFO SendInput scan=0x39 down=False accepted=1 error=0 target_pid=14852
2026-09-18 02:13:38,930 INFO SendInput scan=0x20 down=True accepted=1 error=0 target_pid=14852
2026-09-18 02:13:39,016 INFO SendInput scan=0x39 down=True accepted=1 error=0 target_pid=14852
2026-09-18 02:13:39,076 INFO Tracking camera_fps=12.9 inference_fps=13.0 model_ms=47.0 age_ms=63.0 hands=1 pose=True mode=Swing
2026-09-18 02:13:39,124 INFO SendInput scan=0x39 down=False accepted=1 error=0 target_pid=14852
2026-09-18 02:13:39,189 INFO SendInput scan=0x2A down=True accepted=1 error=0 target_pid=14852
2026-09-18 02:13:39,572 INFO SendInput scan=0x20 down=False accepted=1 error=0 target_pid=14852
2026-09-18 02:13:39,651 INFO SendInput scan=0x2A down=False accepted=1 error=0 target_pid=14852
2026-09-18 02:13:40,117 INFO SendInput scan=0x39 down=True accepted=1 error=0 target_pid=14852
2026-09-18 02:13:40,222 INFO SendInput scan=0x39 down=False accepted=1 error=0 target_pid=14852
2026-09-18 02:13:40,290 INFO SendInput scan=0x2A down=True accepted=1 error=0 target_pid=14852
2026-09-18 02:13:40,426 INFO SendInput scan=0x2A down=False accepted=1 error=0 target_pid=14852
2026-09-18 02:13:40,907 INFO SendInput scan=0x1E down=True accepted=1 error=0 target_pid=14852
2026-09-18 02:13:41,075 INFO SendInput scan=0x39 down=True accepted=1 error=0 target_pid=14852
2026-09-18 02:13:41,189 INFO SendInput scan=0x39 down=False accepted=1 error=0 target_pid=14852
2026-09-18 02:13:41,253 INFO SendInput scan=0x2A down=True accepted=1 error=0 target_pid=14852
2026-09-18 02:13:41,637 INFO SendInput scan=0x1E down=False accepted=1 error=0 target_pid=14852
2026-09-18 02:13:41,720 INFO SendInput scan=0x1E down=True accepted=1 error=0 target_pid=14852
2026-09-18 02:13:42,044 INFO SendInput scan=0x1E down=False accepted=1 error=0 target_pid=14852
2026-09-18 02:13:42,112 INFO Tracking camera_fps=12.6 inference_fps=12.6 model_ms=47.0 age_ms=47.0 hands=1 pose=True mode=Swing
2026-09-18 02:13:42,192 INFO SendInput scan=0x2A down=False accepted=1 error=0 target_pid=14852
2026-09-18 02:13:42,193 INFO SendInput scan=0x1E down=True accepted=1 error=0 target_pid=14852
2026-09-18 02:13:42,591 INFO SendInput scan=0x39 down=True accepted=1 error=0 target_pid=14852
2026-09-18 02:13:42,704 INFO SendInput scan=0x39 down=False accepted=1 error=0 target_pid=14852
2026-09-18 02:13:42,767 INFO SendInput scan=0x2A down=True accepted=1 error=0 target_pid=14852
2026-09-18 02:13:42,845 INFO SendInput scan=0x1E down=False accepted=1 error=0 target_pid=14852
2026-09-18 02:13:42,908 INFO SendInput scan=0x2A down=False accepted=1 error=0 target_pid=14852
2026-09-18 02:13:42,909 INFO SendInput scan=0x1E down=True accepted=1 error=0 target_pid=14852
2026-09-18 02:13:43,223 INFO SendInput scan=0x1E down=False accepted=1 error=0 target_pid=14852
2026-09-18 02:13:44,411 INFO SendInput scan=0x39 down=True accepted=1 error=0 target_pid=14852
2026-09-18 02:13:44,484 INFO SendInput scan=0x39 down=False accepted=1 error=0 target_pid=14852
2026-09-18 02:13:45,130 INFO Tracking camera_fps=12.5 inference_fps=12.6 model_ms=16.0 age_ms=16.0 hands=0 pose=True mode=Serbest
2026-09-18 02:13:46,579 INFO SendInput scan=0x20 down=True accepted=1 error=0 target_pid=14852
2026-09-18 02:13:46,740 INFO SendInput scan=0x20 down=False accepted=1 error=0 target_pid=14852
2026-09-18 02:13:46,902 INFO SendInput scan=0x20 down=True accepted=1 error=0 target_pid=14852
2026-09-18 02:13:48,171 INFO Tracking camera_fps=12.6 inference_fps=12.5 model_ms=32.0 age_ms=32.0 hands=0 pose=True mode=Serbest
2026-09-18 02:13:48,980 INFO SendInput scan=0x20 down=False accepted=1 error=0 target_pid=14852
2026-09-18 02:13:50,982 INFO SendInput scan=0x1E down=True accepted=1 error=0 target_pid=14852
2026-09-18 02:13:51,212 INFO Tracking camera_fps=12.5 inference_fps=12.7 model_ms=16.0 age_ms=16.0 hands=0 pose=True mode=Serbest
2026-09-18 02:13:51,702 INFO SendInput scan=0x1E down=False accepted=1 error=0 target_pid=14852
2026-09-18 02:13:54,259 INFO Tracking camera_fps=12.6 inference_fps=12.6 model_ms=32.0 age_ms=32.0 hands=0 pose=True mode=Serbest
2026-09-18 02:13:55,633 INFO SendInput scan=0x39 down=True accepted=1 error=0 target_pid=14852
2026-09-18 02:13:55,634 INFO SendInput scan=0x1E down=True accepted=1 error=0 target_pid=14852
2026-09-18 02:13:55,736 INFO SendInput scan=0x39 down=False accepted=1 error=0 target_pid=14852
2026-09-18 02:13:55,800 INFO SendInput scan=0x2A down=True accepted=1 error=0 target_pid=14852
2026-09-18 02:13:56,766 INFO SendInput scan=0x1E down=False accepted=1 error=0 target_pid=14852
2026-09-18 02:13:57,310 INFO Tracking camera_fps=12.5 inference_fps=12.5 model_ms=47.0 age_ms=47.0 hands=1 pose=True mode=Swing
2026-09-18 02:13:57,390 INFO SendInput scan=0x20 down=True accepted=1 error=0 target_pid=14852
2026-09-18 02:13:57,636 INFO SendInput scan=0x20 down=False accepted=1 error=0 target_pid=14852
2026-09-18 02:13:58,033 INFO SendInput scan=0x20 down=True accepted=1 error=0 target_pid=14852
2026-09-18 02:13:58,116 INFO SendInput scan=0x20 down=False accepted=1 error=0 target_pid=14852
2026-09-18 02:13:58,849 INFO SendInput scan=0x2A down=False accepted=1 error=0 target_pid=14852
2026-09-18 02:13:59,005 INFO SendInput scan=0x1E down=True accepted=1 error=0 target_pid=14852
2026-09-18 02:13:59,087 INFO SendInput scan=0x39 down=True accepted=1 error=0 target_pid=14852
2026-09-18 02:13:59,189 INFO SendInput scan=0x39 down=False accepted=1 error=0 target_pid=14852
2026-09-18 02:14:00,358 INFO Tracking camera_fps=12.6 inference_fps=12.5 model_ms=31.0 age_ms=62.0 hands=1 pose=True mode=Serbest
2026-09-18 02:14:00,689 INFO SendInput scan=0x1E down=False accepted=1 error=0 target_pid=14852
2026-09-18 02:14:01,310 INFO SendInput scan=0x20 down=True accepted=1 error=0 target_pid=14852
2026-09-18 02:14:01,786 INFO SendInput scan=0x20 down=False accepted=1 error=0 target_pid=14852
2026-09-18 02:14:02,583 INFO SendInput scan=0x1D down=True accepted=1 error=0 target_pid=14852
2026-09-18 02:14:02,688 INFO SendInput scan=0x1D down=False accepted=1 error=0 target_pid=14852
2026-09-18 02:14:03,230 INFO SendInput scan=0x20 down=True accepted=1 error=0 target_pid=14852
2026-09-18 02:14:03,334 INFO Mouse button=left down=True accepted=1
2026-09-18 02:14:03,400 INFO Tracking camera_fps=12.6 inference_fps=12.5 model_ms=47.0 age_ms=47.0 hands=1 pose=True mode=Serbest
2026-09-18 02:14:03,437 INFO Mouse button=left down=False accepted=1
2026-09-18 02:14:03,482 INFO SendInput scan=0x20 down=False accepted=1 error=0 target_pid=14852
2026-09-18 02:14:03,629 INFO SendInput scan=0x39 down=True accepted=1 error=0 target_pid=14852
2026-09-18 02:14:03,732 INFO SendInput scan=0x39 down=False accepted=1 error=0 target_pid=14852
2026-09-18 02:14:03,785 INFO SendInput scan=0x20 down=True accepted=1 error=0 target_pid=14852
2026-09-18 02:14:03,797 INFO SendInput scan=0x2A down=True accepted=1 error=0 target_pid=14852
2026-09-18 02:14:03,880 INFO SendInput scan=0x20 down=False accepted=1 error=0 target_pid=14852
2026-09-18 02:14:04,431 INFO SendInput scan=0x20 down=True accepted=1 error=0 target_pid=14852
2026-09-18 02:14:05,307 INFO SendInput scan=0x39 down=True accepted=1 error=0 target_pid=14852
2026-09-18 02:14:05,308 INFO SendInput scan=0x2A down=False accepted=1 error=0 target_pid=14852
2026-09-18 02:14:05,309 INFO SendInput scan=0x20 down=False accepted=1 error=0 target_pid=14852
2026-09-18 02:14:05,382 INFO SendInput scan=0x39 down=False accepted=1 error=0 target_pid=14852
2026-09-18 02:14:05,786 INFO SendInput scan=0x1E down=True accepted=1 error=0 target_pid=14852
2026-09-18 02:14:06,416 INFO Tracking camera_fps=12.5 inference_fps=12.7 model_ms=16.0 age_ms=16.0 hands=0 pose=True mode=Serbest
2026-09-18 02:14:06,910 INFO SendInput scan=0x1E down=False accepted=1 error=0 target_pid=14852
2026-09-18 02:14:09,457 INFO Tracking camera_fps=12.6 inference_fps=12.5 model_ms=31.0 age_ms=31.0 hands=0 pose=True mode=Serbest
2026-09-18 02:14:12,427 INFO SendInput scan=0x20 down=True accepted=1 error=0 target_pid=14852
2026-09-18 02:14:12,495 INFO Tracking camera_fps=12.5 inference_fps=12.6 model_ms=16.0 age_ms=16.0 hands=0 pose=True mode=Serbest
2026-09-18 02:14:15,534 INFO Tracking camera_fps=12.6 inference_fps=12.6 model_ms=16.0 age_ms=31.0 hands=0 pose=True mode=Eğilme
2026-09-18 02:14:16,349 INFO SendInput scan=0x1D down=True accepted=1 error=0 target_pid=14852
2026-09-18 02:14:16,444 INFO SendInput scan=0x20 down=False accepted=1 error=0 target_pid=14852
2026-09-18 02:14:16,458 INFO SendInput scan=0x1D down=False accepted=1 error=0 target_pid=14852
2026-09-18 02:14:18,348 INFO SendInput scan=0x20 down=True accepted=1 error=0 target_pid=14852
2026-09-18 02:14:18,507 INFO SendInput scan=0x20 down=False accepted=1 error=0 target_pid=14852
2026-09-18 02:14:18,575 INFO Tracking camera_fps=12.5 inference_fps=12.8 model_ms=15.0 age_ms=15.0 hands=0 pose=True mode=Serbest
2026-09-18 02:14:21,617 INFO Tracking camera_fps=12.4 inference_fps=12.7 model_ms=16.0 age_ms=16.0 hands=0 pose=True mode=Serbest
2026-09-18 02:14:22,433 INFO SendInput scan=0x39 down=True accepted=1 error=0 target_pid=14852
2026-09-18 02:14:22,538 INFO SendInput scan=0x39 down=False accepted=1 error=0 target_pid=14852
2026-09-18 02:14:22,600 INFO SendInput scan=0x2A down=True accepted=1 error=0 target_pid=14852
2026-09-18 02:14:22,601 INFO SendInput scan=0x20 down=True accepted=1 error=0 target_pid=14852
2026-09-18 02:14:22,759 INFO SendInput scan=0x20 down=False accepted=1 error=0 target_pid=14852
2026-09-18 02:14:22,835 INFO SendInput scan=0x20 down=True accepted=1 error=0 target_pid=14852
2026-09-18 02:14:23,079 INFO SendInput scan=0x20 down=False accepted=1 error=0 target_pid=14852
2026-09-18 02:14:23,321 INFO SendInput scan=0x20 down=True accepted=1 error=0 target_pid=14852
2026-09-18 02:14:23,649 INFO SendInput scan=0x20 down=False accepted=1 error=0 target_pid=14852
2026-09-18 02:14:23,650 INFO SendInput scan=0x1E down=True accepted=1 error=0 target_pid=14852
2026-09-18 02:14:24,670 INFO Tracking camera_fps=12.6 inference_fps=12.5 model_ms=47.0 age_ms=47.0 hands=1 pose=True mode=Swing
2026-09-18 02:14:25,638 INFO SendInput scan=0x2A down=False accepted=1 error=0 target_pid=14852
2026-09-18 02:14:25,640 INFO SendInput scan=0x1E down=False accepted=1 error=0 target_pid=14852
2026-09-18 02:14:25,641 INFO SendInput scan=0x20 down=True accepted=1 error=0 target_pid=14852
2026-09-18 02:14:25,723 INFO SendInput scan=0x20 down=False accepted=1 error=0 target_pid=14852
2026-09-18 02:14:25,724 INFO SendInput scan=0x1E down=True accepted=1 error=0 target_pid=14852
2026-09-18 02:14:26,282 INFO SendInput scan=0x1E down=False accepted=1 error=0 target_pid=14852
2026-09-18 02:14:26,898 INFO SendInput scan=0x20 down=True accepted=1 error=0 target_pid=14852
2026-09-18 02:14:27,225 INFO SendInput scan=0x20 down=False accepted=1 error=0 target_pid=14852
2026-09-18 02:14:27,696 INFO Tracking camera_fps=12.4 inference_fps=12.7 model_ms=15.0 age_ms=15.0 hands=0 pose=True mode=Serbest
2026-09-18 02:14:27,696 INFO SendInput scan=0x20 down=True accepted=1 error=0 target_pid=14852
2026-09-18 02:14:27,865 INFO SendInput scan=0x20 down=False accepted=1 error=0 target_pid=14852
2026-09-18 02:14:28,182 INFO SendInput scan=0x20 down=True accepted=1 error=0 target_pid=14852
2026-09-18 02:14:28,349 INFO SendInput scan=0x20 down=False accepted=1 error=0 target_pid=14852
2026-09-18 02:14:30,249 INFO SendInput scan=0x1D down=True accepted=1 error=0 target_pid=14852
2026-09-18 02:14:30,361 INFO SendInput scan=0x1D down=False accepted=1 error=0 target_pid=14852
2026-09-18 02:14:30,755 INFO Tracking camera_fps=12.6 inference_fps=12.3 model_ms=47.0 age_ms=47.0 hands=0 pose=True mode=Serbest
2026-09-18 02:14:33,780 INFO Tracking camera_fps=12.5 inference_fps=12.7 model_ms=31.0 age_ms=31.0 hands=0 pose=True mode=Serbest
2026-09-18 02:14:34,618 INFO SendInput scan=0x39 down=True accepted=1 error=0 target_pid=14852
2026-09-18 02:14:34,727 INFO SendInput scan=0x39 down=False accepted=1 error=0 target_pid=14852
2026-09-18 02:14:34,781 INFO SendInput scan=0x2A down=True accepted=1 error=0 target_pid=14852
2026-09-18 02:14:36,277 INFO SendInput scan=0x20 down=True accepted=1 error=0 target_pid=14852
2026-09-18 02:14:36,868 INFO Tracking camera_fps=12.6 inference_fps=12.7 model_ms=78.0 age_ms=78.0 hands=1 pose=True mode=Swing
2026-09-18 02:14:36,958 INFO SendInput scan=0x20 down=False accepted=1 error=0 target_pid=14852
2026-09-18 02:14:36,999 INFO SendInput scan=0x2A down=False accepted=1 error=0 target_pid=14852
2026-09-18 02:14:37,340 INFO SendInput scan=0x1E down=True accepted=1 error=0 target_pid=14852
2026-09-18 02:14:37,479 INFO SendInput scan=0x39 down=True accepted=1 error=0 target_pid=14852
2026-09-18 02:14:37,575 INFO SendInput scan=0x39 down=False accepted=1 error=0 target_pid=14852
2026-09-18 02:14:37,638 INFO SendInput scan=0x2A down=True accepted=1 error=0 target_pid=14852
2026-09-18 02:14:38,288 INFO SendInput scan=0x1E down=False accepted=1 error=0 target_pid=14852
2026-09-18 02:14:38,762 INFO SendInput scan=0x20 down=True accepted=1 error=0 target_pid=14852
2026-09-18 02:14:39,077 INFO SendInput scan=0x20 down=False accepted=1 error=0 target_pid=14852
2026-09-18 02:14:39,248 INFO SendInput scan=0x20 down=True accepted=1 error=0 target_pid=14852
2026-09-18 02:14:39,742 INFO SendInput scan=0x20 down=False accepted=1 error=0 target_pid=14852
2026-09-18 02:14:39,893 INFO Tracking camera_fps=12.5 inference_fps=12.5 model_ms=62.0 age_ms=62.0 hands=1 pose=True mode=Swing
2026-09-18 02:14:39,978 INFO SendInput scan=0x20 down=True accepted=1 error=0 target_pid=14852
2026-09-18 02:14:40,549 INFO SendInput scan=0x20 down=False accepted=1 error=0 target_pid=14852
2026-09-18 02:14:40,727 INFO SendInput scan=0x2A down=False accepted=1 error=0 target_pid=14852
2026-09-18 02:14:40,881 INFO SendInput scan=0x20 down=True accepted=1 error=0 target_pid=14852
2026-09-18 02:14:41,003 INFO SendInput scan=0x39 down=True accepted=1 error=0 target_pid=14852
2026-09-18 02:14:41,007 INFO SendInput scan=0x20 down=False accepted=1 error=0 target_pid=14852
2026-09-18 02:14:41,089 INFO SendInput scan=0x39 down=False accepted=1 error=0 target_pid=14852
2026-09-18 02:14:42,907 INFO Tracking camera_fps=12.6 inference_fps=12.7 model_ms=47.0 age_ms=47.0 hands=0 pose=True mode=Serbest
2026-09-18 02:14:43,258 INFO SendInput scan=0x39 down=True accepted=1 error=0 target_pid=14852
2026-09-18 02:14:43,369 INFO SendInput scan=0x39 down=False accepted=1 error=0 target_pid=14852
2026-09-18 02:14:43,422 INFO SendInput scan=0x2A down=True accepted=1 error=0 target_pid=14852
2026-09-18 02:14:44,050 INFO SendInput scan=0x1E down=True accepted=1 error=0 target_pid=14852
2026-09-18 02:14:44,385 INFO SendInput scan=0x1E down=False accepted=1 error=0 target_pid=14852
2026-09-18 02:14:44,476 INFO SendInput scan=0x1E down=True accepted=1 error=0 target_pid=14852
2026-09-18 02:14:45,313 INFO SendInput scan=0x1E down=False accepted=1 error=0 target_pid=14852
2026-09-18 02:14:45,447 INFO SendInput scan=0x1E down=True accepted=1 error=0 target_pid=14852
2026-09-18 02:14:45,503 INFO SendInput scan=0x2A down=False accepted=1 error=0 target_pid=14852
2026-09-18 02:14:45,999 INFO Tracking camera_fps=12.6 inference_fps=13.0 model_ms=94.0 age_ms=94.0 hands=1 pose=True mode=Serbest
2026-09-18 02:14:46,395 INFO SendInput scan=0x39 down=True accepted=1 error=0 target_pid=14852
2026-09-18 02:14:46,503 INFO SendInput scan=0x39 down=False accepted=1 error=0 target_pid=14852
2026-09-18 02:14:46,561 INFO SendInput scan=0x2A down=True accepted=1 error=0 target_pid=14852
2026-09-18 02:14:46,804 INFO SendInput scan=0x1E down=False accepted=1 error=0 target_pid=14852
2026-09-18 02:14:48,678 INFO SendInput scan=0x20 down=True accepted=1 error=0 target_pid=14852
2026-09-18 02:14:49,087 INFO Tracking camera_fps=12.6 inference_fps=12.6 model_ms=47.0 age_ms=47.0 hands=1 pose=True mode=Swing
2026-09-18 02:14:49,169 INFO SendInput scan=0x20 down=False accepted=1 error=0 target_pid=14852
2026-09-18 02:14:49,247 INFO SendInput scan=0x20 down=True accepted=1 error=0 target_pid=14852
2026-09-18 02:14:49,332 INFO SendInput scan=0x2A down=False accepted=1 error=0 target_pid=14852
2026-09-18 02:14:49,571 INFO SendInput scan=0x20 down=False accepted=1 error=0 target_pid=14852
2026-09-18 02:14:49,955 INFO SendInput scan=0x39 down=True accepted=1 error=0 target_pid=14852
2026-09-18 02:14:50,040 INFO SendInput scan=0x1E down=True accepted=1 error=0 target_pid=14852
2026-09-18 02:14:50,061 INFO SendInput scan=0x39 down=False accepted=1 error=0 target_pid=14852
2026-09-18 02:14:50,129 INFO SendInput scan=0x2A down=True accepted=1 error=0 target_pid=14852
2026-09-18 02:14:51,819 INFO SendInput scan=0x1E down=False accepted=1 error=0 target_pid=14852
2026-09-18 02:14:52,031 INFO SendInput scan=0x2A down=False accepted=1 error=0 target_pid=14852
2026-09-18 02:14:52,112 INFO Tracking camera_fps=12.7 inference_fps=12.9 model_ms=47.0 age_ms=47.0 hands=0 pose=True mode=Serbest
2026-09-18 02:14:52,121 INFO SendInput scan=0x20 down=True accepted=1 error=0 target_pid=14852
2026-09-18 02:14:52,184 INFO SendInput scan=0x20 down=False accepted=1 error=0 target_pid=14852
2026-09-18 02:14:54,910 INFO SendInput scan=0x1E down=True accepted=1 error=0 target_pid=14852
2026-09-18 02:14:55,147 INFO Tracking camera_fps=12.5 inference_fps=12.6 model_ms=31.0 age_ms=31.0 hands=1 pose=True mode=Serbest
2026-09-18 02:14:55,315 INFO SendInput scan=0x1E down=False accepted=1 error=0 target_pid=14852
2026-09-18 02:14:55,470 INFO SendInput scan=0x39 down=True accepted=1 error=0 target_pid=14852
2026-09-18 02:14:55,578 INFO SendInput scan=0x39 down=False accepted=1 error=0 target_pid=14852
2026-09-18 02:14:55,642 INFO SendInput scan=0x2A down=True accepted=1 error=0 target_pid=14852
2026-09-18 02:14:55,874 INFO SendInput scan=0x2A down=False accepted=1 error=0 target_pid=14852
2026-09-18 02:14:56,182 INFO SendInput scan=0x1E down=True accepted=1 error=0 target_pid=14852
2026-09-18 02:14:57,312 INFO SendInput scan=0x1E down=False accepted=1 error=0 target_pid=14852
2026-09-18 02:14:57,709 INFO SendInput scan=0x39 down=True accepted=1 error=0 target_pid=14852
2026-09-18 02:14:57,816 INFO SendInput scan=0x39 down=False accepted=1 error=0 target_pid=14852
2026-09-18 02:14:58,185 INFO Tracking camera_fps=12.6 inference_fps=12.5 model_ms=47.0 age_ms=47.0 hands=1 pose=True mode=Serbest
2026-09-18 02:14:58,657 INFO SendInput scan=0x39 down=True accepted=1 error=0 target_pid=14852
2026-09-18 02:14:58,772 INFO SendInput scan=0x39 down=False accepted=1 error=0 target_pid=14852
2026-09-18 02:14:58,834 INFO SendInput scan=0x2A down=True accepted=1 error=0 target_pid=14852
2026-09-18 02:14:58,992 INFO SendInput scan=0x1E down=True accepted=1 error=0 target_pid=14852
2026-09-18 02:14:59,220 INFO SendInput scan=0x1E down=False accepted=1 error=0 target_pid=14852
2026-09-18 02:15:00,105 INFO SendInput scan=0x1E down=True accepted=1 error=0 target_pid=14852
2026-09-18 02:15:00,262 INFO SendInput scan=0x1E down=False accepted=1 error=0 target_pid=14852
2026-09-18 02:15:00,505 INFO SendInput scan=0x1E down=True accepted=1 error=0 target_pid=14852
2026-09-18 02:15:01,220 INFO Tracking camera_fps=12.5 inference_fps=12.5 model_ms=31.0 age_ms=31.0 hands=2 pose=True mode=Swing
2026-09-18 02:15:01,626 INFO SendInput scan=0x2A down=False accepted=1 error=0 target_pid=14852
2026-09-18 02:15:01,626 INFO SendInput scan=0x1E down=False accepted=1 error=0 target_pid=14852
2026-09-18 02:15:01,867 INFO SendInput scan=0x20 down=True accepted=1 error=0 target_pid=14852
2026-09-18 02:15:02,195 INFO SendInput scan=0x39 down=True accepted=1 error=0 target_pid=14852
2026-09-18 02:15:02,269 INFO SendInput scan=0x39 down=False accepted=1 error=0 target_pid=14852
2026-09-18 02:15:02,270 INFO SendInput scan=0x20 down=False accepted=1 error=0 target_pid=14852
2026-09-18 02:15:02,748 INFO SendInput scan=0x39 down=True accepted=1 error=0 target_pid=14852
2026-09-18 02:15:02,862 INFO SendInput scan=0x39 down=False accepted=1 error=0 target_pid=14852
2026-09-18 02:15:02,927 INFO SendInput scan=0x2A down=True accepted=1 error=0 target_pid=14852
2026-09-18 02:15:02,990 INFO SendInput scan=0x20 down=True accepted=1 error=0 target_pid=14852
2026-09-18 02:15:03,148 INFO SendInput scan=0x20 down=False accepted=1 error=0 target_pid=14852
2026-09-18 02:15:03,623 INFO SendInput scan=0x2A down=False accepted=1 error=0 target_pid=14852
2026-09-18 02:15:04,112 INFO SendInput scan=0x20 down=True accepted=1 error=0 target_pid=14852
2026-09-18 02:15:04,265 INFO Tracking camera_fps=12.4 inference_fps=12.6 model_ms=31.0 age_ms=31.0 hands=1 pose=True mode=Swing
2026-09-18 02:15:04,269 INFO SendInput scan=0x39 down=True accepted=1 error=0 target_pid=14852
2026-09-18 02:15:04,372 INFO SendInput scan=0x39 down=False accepted=1 error=0 target_pid=14852
2026-09-18 02:15:04,435 INFO SendInput scan=0x2A down=True accepted=1 error=0 target_pid=14852
2026-09-18 02:15:04,678 INFO SendInput scan=0x2A down=False accepted=1 error=0 target_pid=14852
2026-09-18 02:15:04,679 INFO SendInput scan=0x20 down=False accepted=1 error=0 target_pid=14852
2026-09-18 02:15:05,454 INFO SendInput scan=0x1E down=True accepted=1 error=0 target_pid=14852
2026-09-18 02:15:06,515 INFO SendInput scan=0x1E down=False accepted=1 error=0 target_pid=14852
2026-09-18 02:15:07,303 INFO Tracking camera_fps=12.6 inference_fps=13.1 model_ms=32.0 age_ms=32.0 hands=0 pose=True mode=Serbest
2026-09-18 02:15:07,880 INFO SendInput scan=0x20 down=True accepted=1 error=0 target_pid=14852
2026-09-18 02:15:08,404 INFO SendInput scan=0x20 down=False accepted=1 error=0 target_pid=8408
2026-09-18 02:15:10,325 INFO Tracking camera_fps=12.4 inference_fps=12.5 model_ms=16.0 age_ms=16.0 hands=0 pose=True mode=Eğilme
2026-09-18 03:05:17,376 INFO WebMotion starting integrity={'rid': 12288, 'name': 'High', 'error': 0}
2026-09-18 03:20:38,509 INFO WebMotion starting integrity={'rid': 12288, 'name': 'High', 'error': 0}
2026-09-18 03:21:48,712 INFO Tracking camera_fps=96.3 inference_fps=0.9 model_ms=0.0 age_ms=16.0 hands=0 pose=False mode=Gövde görünmüyor
2026-09-18 03:21:51,734 INFO Tracking camera_fps=33.7 inference_fps=35.4 model_ms=16.0 age_ms=31.0 hands=1 pose=False mode=Gövde görünmüyor
2026-09-18 03:21:54,765 INFO Tracking camera_fps=34.0 inference_fps=34.6 model_ms=15.0 age_ms=31.0 hands=1 pose=False mode=Gövde görünmüyor
2026-09-18 03:21:57,791 INFO Tracking camera_fps=31.0 inference_fps=35.5 model_ms=0.0 age_ms=16.0 hands=0 pose=False mode=Gövde görünmüyor
2026-09-18 03:22:00,811 INFO Tracking camera_fps=30.4 inference_fps=33.5 model_ms=15.0 age_ms=31.0 hands=1 pose=False mode=Gövde görünmüyor
2026-09-18 03:22:03,841 INFO Tracking camera_fps=31.6 inference_fps=32.0 model_ms=15.0 age_ms=15.0 hands=0 pose=False mode=Gövde görünmüyor
2026-09-18 03:22:06,871 INFO Tracking camera_fps=32.5 inference_fps=33.7 model_ms=0.0 age_ms=16.0 hands=0 pose=False mode=Gövde görünmüyor
2026-09-18 03:22:09,872 INFO Tracking camera_fps=32.8 inference_fps=34.8 model_ms=16.0 age_ms=32.0 hands=0 pose=False mode=Gövde görünmüyor
2026-09-18 03:22:12,912 INFO Tracking camera_fps=31.6 inference_fps=34.8 model_ms=16.0 age_ms=31.0 hands=0 pose=False mode=Gövde görünmüyor
2026-09-18 03:22:15,922 INFO Tracking camera_fps=34.8 inference_fps=30.0 model_ms=16.0 age_ms=32.0 hands=0 pose=False mode=Gövde görünmüyor
2026-09-18 03:22:16,512 ERROR IPCam yayını kesildi veya yanıt vermiyor. Bağlantıyı kontrol edip yeniden başlatın.
2026-09-18 03:22:59,199 INFO Tracking camera_fps=96.7 inference_fps=0.5 model_ms=0.0 age_ms=15.0 hands=0 pose=False mode=Gövde görünmüyor
2026-09-18 03:23:02,221 INFO Tracking camera_fps=31.0 inference_fps=44.0 model_ms=15.0 age_ms=31.0 hands=0 pose=False mode=Gövde görünmüyor
2026-09-18 03:23:05,263 INFO Tracking camera_fps=31.8 inference_fps=32.2 model_ms=31.0 age_ms=47.0 hands=2 pose=True mode=Kalibrasyon
2026-09-18 03:23:08,284 INFO Tracking camera_fps=33.5 inference_fps=36.5 model_ms=16.0 age_ms=16.0 hands=2 pose=True mode=Kalibrasyon
2026-09-18 03:23:11,317 INFO Tracking camera_fps=35.7 inference_fps=33.2 model_ms=15.0 age_ms=31.0 hands=2 pose=True mode=Serbest
2026-09-18 03:23:14,329 INFO Tracking camera_fps=31.8 inference_fps=33.8 model_ms=16.0 age_ms=16.0 hands=0 pose=False mode=Gövde görünmüyor
2026-09-18 03:23:17,345 INFO Tracking camera_fps=34.3 inference_fps=86.5 model_ms=15.0 age_ms=31.0 hands=0 pose=False mode=Gövde görünmüyor
2026-09-18 03:23:20,370 INFO Tracking camera_fps=32.7 inference_fps=35.5 model_ms=16.0 age_ms=31.0 hands=1 pose=True mode=Serbest
2026-09-18 03:23:23,400 INFO Tracking camera_fps=32.6 inference_fps=32.7 model_ms=15.0 age_ms=31.0 hands=1 pose=True mode=Eğilme
2026-09-18 03:23:26,432 INFO Tracking camera_fps=33.3 inference_fps=31.4 model_ms=16.0 age_ms=32.0 hands=1 pose=True mode=Eğilme
2026-09-18 03:23:29,451 INFO Tracking camera_fps=34.5 inference_fps=34.7 model_ms=16.0 age_ms=31.0 hands=1 pose=True mode=Eğilme
2026-09-18 03:23:32,496 INFO Tracking camera_fps=30.8 inference_fps=32.1 model_ms=16.0 age_ms=31.0 hands=1 pose=True mode=Eğilme
2026-09-18 03:23:35,508 INFO Tracking camera_fps=35.9 inference_fps=31.0 model_ms=0.0 age_ms=32.0 hands=0 pose=True mode=Eğilme
2026-09-18 03:23:38,541 INFO Tracking camera_fps=37.4 inference_fps=32.1 model_ms=0.0 age_ms=16.0 hands=0 pose=True mode=Eğilme
2026-09-18 03:23:41,553 INFO Tracking camera_fps=38.1 inference_fps=34.4 model_ms=0.0 age_ms=32.0 hands=0 pose=True mode=Eğilme
2026-09-18 03:23:44,577 INFO Tracking camera_fps=33.9 inference_fps=33.6 model_ms=16.0 age_ms=31.0 hands=0 pose=True mode=Eğilme
2026-09-18 03:23:47,632 INFO Tracking camera_fps=34.2 inference_fps=34.2 model_ms=0.0 age_ms=16.0 hands=0 pose=True mode=Eğilme
2026-09-18 03:23:50,655 INFO Tracking camera_fps=33.0 inference_fps=38.0 model_ms=16.0 age_ms=31.0 hands=0 pose=True mode=Eğilme
2026-09-18 03:23:53,682 INFO Tracking camera_fps=36.0 inference_fps=119.1 model_ms=0.0 age_ms=16.0 hands=0 pose=True mode=Eğilme
2026-09-18 03:23:56,721 INFO Tracking camera_fps=32.5 inference_fps=36.0 model_ms=15.0 age_ms=31.0 hands=0 pose=True mode=Eğilme
2026-09-18 03:23:59,752 INFO Tracking camera_fps=32.9 inference_fps=33.3 model_ms=16.0 age_ms=32.0 hands=2 pose=True mode=Eğilme
2026-09-18 03:24:02,767 INFO Tracking camera_fps=31.5 inference_fps=45.0 model_ms=15.0 age_ms=15.0 hands=2 pose=True mode=Swing
2026-09-18 03:24:05,816 INFO Tracking camera_fps=34.1 inference_fps=33.2 model_ms=15.0 age_ms=31.0 hands=2 pose=True mode=Eğilme
2026-09-18 03:24:08,851 INFO Tracking camera_fps=33.4 inference_fps=32.9 model_ms=15.0 age_ms=31.0 hands=1 pose=True mode=Eğilme
2026-09-18 03:24:11,861 INFO Tracking camera_fps=33.6 inference_fps=33.6 model_ms=16.0 age_ms=16.0 hands=0 pose=False mode=Gövde görünmüyor
2026-09-18 03:24:14,888 INFO Tracking camera_fps=33.3 inference_fps=90.5 model_ms=15.0 age_ms=31.0 hands=0 pose=False mode=Gövde görünmüyor
2026-09-18 03:24:17,925 INFO Tracking camera_fps=32.0 inference_fps=36.0 model_ms=16.0 age_ms=16.0 hands=0 pose=False mode=Gövde görünmüyor
2026-09-18 03:24:20,969 INFO Tracking camera_fps=34.1 inference_fps=74.4 model_ms=15.0 age_ms=31.0 hands=0 pose=False mode=Gövde görünmüyor
2026-09-18 03:24:23,989 INFO Tracking camera_fps=33.7 inference_fps=34.5 model_ms=16.0 age_ms=16.0 hands=0 pose=False mode=Gövde görünmüyor
2026-09-18 03:24:27,015 INFO Tracking camera_fps=31.7 inference_fps=39.1 model_ms=15.0 age_ms=15.0 hands=0 pose=False mode=Gövde görünmüyor
2026-09-18 03:24:30,061 INFO Tracking camera_fps=33.5 inference_fps=33.8 model_ms=15.0 age_ms=31.0 hands=0 pose=True mode=Serbest
2026-09-18 03:24:33,093 INFO Tracking camera_fps=32.5 inference_fps=32.4 model_ms=15.0 age_ms=31.0 hands=0 pose=False mode=Gövde görünmüyor
2026-09-18 03:24:36,130 INFO Tracking camera_fps=32.2 inference_fps=65.3 model_ms=16.0 age_ms=32.0 hands=0 pose=True mode=Serbest
2026-09-18 03:24:39,172 INFO Tracking camera_fps=33.9 inference_fps=34.4 model_ms=16.0 age_ms=32.0 hands=2 pose=True mode=Eğilme
2026-09-18 03:24:42,200 INFO Tracking camera_fps=30.9 inference_fps=58.7 model_ms=16.0 age_ms=16.0 hands=1 pose=True mode=Serbest
2026-09-18 03:24:45,246 INFO Tracking camera_fps=32.4 inference_fps=31.8 model_ms=0.0 age_ms=16.0 hands=0 pose=False mode=Gövde görünmüyor
2026-09-18 03:24:48,281 INFO Tracking camera_fps=34.7 inference_fps=36.5 model_ms=16.0 age_ms=31.0 hands=0 pose=False mode=Gövde görünmüyor
2026-09-18 03:24:51,300 INFO Tracking camera_fps=35.3 inference_fps=35.2 model_ms=16.0 age_ms=32.0 hands=0 pose=False mode=Gövde görünmüyor
2026-09-18 03:24:54,329 INFO Tracking camera_fps=33.1 inference_fps=36.3 model_ms=16.0 age_ms=16.0 hands=0 pose=False mode=Gövde görünmüyor
2026-09-18 03:24:57,355 INFO Tracking camera_fps=32.7 inference_fps=66.5 model_ms=0.0 age_ms=15.0 hands=0 pose=False mode=Gövde görünmüyor
2026-09-18 03:25:00,362 INFO Tracking camera_fps=32.8 inference_fps=31.5 model_ms=16.0 age_ms=31.0 hands=0 pose=False mode=Gövde görünmüyor
2026-09-18 03:25:03,425 INFO Tracking camera_fps=31.5 inference_fps=31.9 model_ms=16.0 age_ms=32.0 hands=0 pose=False mode=Gövde görünmüyor
2026-09-18 03:25:06,479 INFO Tracking camera_fps=32.5 inference_fps=118.7 model_ms=0.0 age_ms=15.0 hands=0 pose=False mode=Gövde görünmüyor
2026-09-18 03:25:09,508 INFO Tracking camera_fps=33.6 inference_fps=33.9 model_ms=0.0 age_ms=16.0 hands=0 pose=False mode=Gövde görünmüyor
2026-09-18 03:41:08,074 INFO WebMotion starting integrity={'rid': 12288, 'name': 'High', 'error': 0}
2026-09-18 03:42:30,562 INFO Tracking camera_fps=182.2 inference_fps=1.1 model_ms=16.0 age_ms=31.0 hands=0 pose=False mode=Gövde görünmüyor
2026-09-18 03:42:33,617 INFO Tracking camera_fps=33.5 inference_fps=33.3 model_ms=0.0 age_ms=16.0 hands=0 pose=False mode=Gövde görünmüyor
2026-09-18 03:42:36,648 INFO Tracking camera_fps=33.6 inference_fps=35.7 model_ms=16.0 age_ms=31.0 hands=2 pose=True mode=Kalibrasyon
2026-09-18 03:42:39,655 INFO Tracking camera_fps=34.0 inference_fps=34.7 model_ms=16.0 age_ms=32.0 hands=1 pose=True mode=Kalibrasyon
2026-09-18 03:42:42,708 INFO Tracking camera_fps=32.2 inference_fps=33.2 model_ms=16.0 age_ms=32.0 hands=2 pose=True mode=Serbest
2026-09-18 03:42:45,733 INFO Tracking camera_fps=32.0 inference_fps=33.1 model_ms=16.0 age_ms=31.0 hands=2 pose=True mode=Serbest
2026-09-18 03:42:48,756 INFO Tracking camera_fps=32.4 inference_fps=36.8 model_ms=15.0 age_ms=15.0 hands=1 pose=True mode=Swing
2026-09-18 03:42:51,766 INFO Tracking camera_fps=32.2 inference_fps=34.0 model_ms=16.0 age_ms=31.0 hands=1 pose=True mode=Serbest
2026-09-18 03:42:54,786 INFO Tracking camera_fps=32.7 inference_fps=32.0 model_ms=0.0 age_ms=16.0 hands=0 pose=False mode=Gövde görünmüyor
2026-09-18 03:42:57,797 INFO Tracking camera_fps=32.2 inference_fps=34.4 model_ms=15.0 age_ms=31.0 hands=0 pose=False mode=Gövde görünmüyor
2026-09-18 03:43:00,816 INFO Tracking camera_fps=31.4 inference_fps=33.8 model_ms=16.0 age_ms=16.0 hands=0 pose=False mode=Gövde görünmüyor
2026-09-18 03:43:03,841 INFO Tracking camera_fps=33.7 inference_fps=101.6 model_ms=15.0 age_ms=31.0 hands=0 pose=False mode=Gövde görünmüyor
2026-09-18 03:43:06,880 INFO Tracking camera_fps=35.2 inference_fps=31.8 model_ms=0.0 age_ms=31.0 hands=0 pose=False mode=Gövde görünmüyor
2026-09-18 03:43:09,900 INFO Tracking camera_fps=36.3 inference_fps=185.6 model_ms=0.0 age_ms=16.0 hands=0 pose=False mode=Gövde görünmüyor
2026-09-18 03:43:12,904 INFO Tracking camera_fps=32.1 inference_fps=35.1 model_ms=16.0 age_ms=32.0 hands=0 pose=False mode=Gövde görünmüyor
2026-09-18 03:43:15,938 INFO Tracking camera_fps=33.8 inference_fps=32.4 model_ms=16.0 age_ms=31.0 hands=0 pose=False mode=Gövde görünmüyor
2026-09-18 03:43:18,967 INFO Tracking camera_fps=46.2 inference_fps=46.1 model_ms=15.0 age_ms=15.0 hands=0 pose=False mode=Gövde görünmüyor
2026-09-18 03:43:22,005 INFO Tracking camera_fps=34.7 inference_fps=35.1 model_ms=15.0 age_ms=15.0 hands=2 pose=True mode=Serbest
2026-09-18 03:43:25,039 INFO Tracking camera_fps=31.7 inference_fps=32.7 model_ms=16.0 age_ms=16.0 hands=2 pose=True mode=Eğilme
2026-09-18 03:43:28,063 INFO Tracking camera_fps=30.3 inference_fps=32.4 model_ms=16.0 age_ms=16.0 hands=2 pose=True mode=Serbest
2026-09-18 03:43:31,094 INFO Tracking camera_fps=34.0 inference_fps=35.3 model_ms=15.0 age_ms=31.0 hands=1 pose=True mode=Serbest
2026-09-18 03:43:34,120 INFO Tracking camera_fps=34.4 inference_fps=34.5 model_ms=15.0 age_ms=31.0 hands=2 pose=True mode=Serbest
2026-09-18 03:43:37,143 INFO Tracking camera_fps=32.9 inference_fps=39.3 model_ms=16.0 age_ms=16.0 hands=1 pose=True mode=Serbest
2026-09-18 03:43:40,156 INFO Tracking camera_fps=34.9 inference_fps=36.2 model_ms=16.0 age_ms=32.0 hands=1 pose=True mode=Serbest
2026-09-18 03:43:43,180 INFO Tracking camera_fps=33.0 inference_fps=31.8 model_ms=0.0 age_ms=15.0 hands=0 pose=False mode=Gövde görünmüyor
2026-09-18 03:43:46,204 INFO Tracking camera_fps=35.6 inference_fps=43.5 model_ms=16.0 age_ms=32.0 hands=0 pose=False mode=Gövde görünmüyor
2026-09-18 03:43:49,235 INFO Tracking camera_fps=30.9 inference_fps=32.9 model_ms=16.0 age_ms=16.0 hands=0 pose=False mode=Gövde görünmüyor
2026-09-18 03:43:52,263 INFO Tracking camera_fps=33.7 inference_fps=32.0 model_ms=16.0 age_ms=16.0 hands=0 pose=False mode=Gövde görünmüyor
2026-09-18 03:43:55,306 INFO Tracking camera_fps=33.7 inference_fps=32.5 model_ms=0.0 age_ms=15.0 hands=0 pose=False mode=Gövde görünmüyor
2026-09-18 03:43:58,329 INFO Tracking camera_fps=31.8 inference_fps=38.0 model_ms=16.0 age_ms=16.0 hands=0 pose=False mode=Gövde görünmüyor
2026-09-18 03:44:01,360 INFO Tracking camera_fps=30.8 inference_fps=30.7 model_ms=16.0 age_ms=16.0 hands=0 pose=False mode=Gövde görünmüyor
2026-09-18 03:44:04,394 INFO Tracking camera_fps=31.8 inference_fps=34.7 model_ms=16.0 age_ms=16.0 hands=0 pose=False mode=Gövde görünmüyor
2026-09-18 03:44:07,431 INFO Tracking camera_fps=31.6 inference_fps=35.0 model_ms=0.0 age_ms=15.0 hands=0 pose=False mode=Gövde görünmüyor
2026-09-18 03:44:10,449 INFO Tracking camera_fps=31.9 inference_fps=57.3 model_ms=16.0 age_ms=32.0 hands=0 pose=False mode=Gövde görünmüyor
2026-09-18 03:44:13,481 INFO Tracking camera_fps=33.7 inference_fps=32.0 model_ms=16.0 age_ms=31.0 hands=0 pose=False mode=Gövde görünmüyor
2026-09-18 03:44:16,519 INFO Tracking camera_fps=31.7 inference_fps=31.9 model_ms=16.0 age_ms=31.0 hands=0 pose=False mode=Gövde görünmüyor
2026-09-18 03:44:19,546 INFO Tracking camera_fps=32.4 inference_fps=54.3 model_ms=15.0 age_ms=31.0 hands=0 pose=False mode=Gövde görünmüyor
2026-09-18 03:44:22,579 INFO Tracking camera_fps=32.6 inference_fps=30.4 model_ms=16.0 age_ms=16.0 hands=0 pose=False mode=Gövde görünmüyor
2026-09-18 03:44:25,597 INFO Tracking camera_fps=33.3 inference_fps=32.6 model_ms=15.0 age_ms=15.0 hands=0 pose=False mode=Gövde görünmüyor
2026-09-18 03:44:28,632 INFO Tracking camera_fps=32.9 inference_fps=34.3 model_ms=0.0 age_ms=15.0 hands=0 pose=False mode=Gövde görünmüyor
2026-09-18 03:44:31,647 INFO Tracking camera_fps=32.4 inference_fps=32.3 model_ms=0.0 age_ms=16.0 hands=0 pose=False mode=Gövde görünmüyor
2026-09-18 03:44:34,652 INFO Tracking camera_fps=33.6 inference_fps=82.4 model_ms=16.0 age_ms=16.0 hands=0 pose=False mode=Gövde görünmüyor
2026-09-18 03:44:37,669 INFO Tracking camera_fps=33.7 inference_fps=30.1 model_ms=15.0 age_ms=31.0 hands=0 pose=False mode=Gövde görünmüyor
2026-09-18 03:44:40,727 INFO Tracking camera_fps=30.6 inference_fps=33.1 model_ms=0.0 age_ms=15.0 hands=0 pose=False mode=Gövde görünmüyor
2026-09-18 03:44:43,744 INFO Tracking camera_fps=36.4 inference_fps=150.1 model_ms=0.0 age_ms=16.0 hands=0 pose=False mode=Gövde görünmüyor
2026-09-18 03:44:46,775 INFO Tracking camera_fps=31.4 inference_fps=31.4 model_ms=0.0 age_ms=16.0 hands=0 pose=False mode=Gövde görünmüyor
2026-09-18 03:44:49,778 INFO Tracking camera_fps=33.1 inference_fps=32.3 model_ms=16.0 age_ms=32.0 hands=0 pose=False mode=Gövde görünmüyor
2026-09-18 03:44:52,815 INFO Tracking camera_fps=32.9 inference_fps=32.1 model_ms=16.0 age_ms=31.0 hands=0 pose=False mode=Gövde görünmüyor
2026-09-18 03:44:55,840 INFO Tracking camera_fps=33.3 inference_fps=35.8 model_ms=15.0 age_ms=31.0 hands=0 pose=False mode=Gövde görünmüyor
2026-09-18 03:44:58,897 INFO Tracking camera_fps=39.2 inference_fps=30.2 model_ms=0.0 age_ms=16.0 hands=0 pose=False mode=Gövde görünmüyor
2026-09-18 03:45:01,909 INFO Tracking camera_fps=32.2 inference_fps=33.6 model_ms=16.0 age_ms=16.0 hands=0 pose=False mode=Gövde görünmüyor
2026-09-18 03:45:04,940 INFO Tracking camera_fps=33.2 inference_fps=33.6 model_ms=16.0 age_ms=16.0 hands=0 pose=False mode=Gövde görünmüyor
2026-09-18 03:45:07,975 INFO Tracking camera_fps=34.3 inference_fps=33.5 model_ms=0.0 age_ms=15.0 hands=0 pose=False mode=Gövde görünmüyor
2026-09-18 03:45:11,009 INFO Tracking camera_fps=33.8 inference_fps=33.7 model_ms=0.0 age_ms=15.0 hands=0 pose=False mode=Gövde görünmüyor
2026-09-18 03:45:14,012 INFO Tracking camera_fps=35.2 inference_fps=42.3 model_ms=16.0 age_ms=31.0 hands=0 pose=False mode=Gövde görünmüyor
2026-09-18 03:45:17,028 INFO Tracking camera_fps=31.0 inference_fps=31.0 model_ms=16.0 age_ms=16.0 hands=0 pose=False mode=Gövde görünmüyor
2026-09-18 03:45:20,066 INFO Tracking camera_fps=32.1 inference_fps=31.8 model_ms=16.0 age_ms=16.0 hands=0 pose=False mode=Gövde görünmüyor
2026-09-18 03:45:23,086 INFO Tracking camera_fps=34.9 inference_fps=35.5 model_ms=0.0 age_ms=16.0 hands=0 pose=False mode=Gövde görünmüyor
2026-09-18 03:45:26,112 INFO Tracking camera_fps=33.6 inference_fps=32.4 model_ms=16.0 age_ms=16.0 hands=0 pose=True mode=Serbest
2026-09-18 03:45:29,119 INFO Tracking camera_fps=31.1 inference_fps=32.3 model_ms=0.0 age_ms=31.0 hands=2 pose=True mode=Serbest
2026-09-18 03:45:32,150 INFO Tracking camera_fps=32.3 inference_fps=35.0 model_ms=16.0 age_ms=16.0 hands=2 pose=True mode=Eğilme
2026-09-18 03:45:35,198 INFO Tracking camera_fps=33.2 inference_fps=33.4 model_ms=16.0 age_ms=47.0 hands=1 pose=True mode=Serbest
2026-09-18 03:45:38,256 INFO Tracking camera_fps=33.1 inference_fps=30.1 model_ms=15.0 age_ms=31.0 hands=0 pose=True mode=Eğilme
2026-09-18 03:45:41,272 INFO Tracking camera_fps=30.7 inference_fps=33.5 model_ms=16.0 age_ms=16.0 hands=0 pose=True mode=Eğilme
2026-09-18 03:45:44,281 INFO Tracking camera_fps=32.8 inference_fps=30.1 model_ms=16.0 age_ms=32.0 hands=0 pose=True mode=Eğilme
2026-09-18 03:45:47,559 INFO Tracking camera_fps=645.9 inference_fps=40.3 model_ms=31.0 age_ms=47.0 hands=1 pose=True mode=Serbest
2026-09-18 03:45:50,613 INFO Tracking camera_fps=33.7 inference_fps=35.1 model_ms=16.0 age_ms=31.0 hands=2 pose=True mode=Serbest
2026-09-18 03:45:53,633 INFO Tracking camera_fps=93.7 inference_fps=34.2 model_ms=15.0 age_ms=15.0 hands=2 pose=True mode=Swing
2026-09-18 03:45:56,664 INFO Tracking camera_fps=32.0 inference_fps=33.8 model_ms=16.0 age_ms=16.0 hands=2 pose=True mode=Serbest
2026-09-18 03:45:59,696 INFO Tracking camera_fps=33.0 inference_fps=36.4 model_ms=0.0 age_ms=16.0 hands=0 pose=False mode=Gövde görünmüyor
2026-09-18 03:46:02,702 INFO Tracking camera_fps=31.8 inference_fps=44.6 model_ms=16.0 age_ms=32.0 hands=0 pose=False mode=Gövde görünmüyor
2026-09-18 03:46:05,729 INFO Tracking camera_fps=32.5 inference_fps=28.3 model_ms=47.0 age_ms=63.0 hands=0 pose=False mode=Gövde görünmüyor
2026-09-18 03:46:08,759 INFO Tracking camera_fps=32.5 inference_fps=32.6 model_ms=0.0 age_ms=15.0 hands=0 pose=False mode=Gövde görünmüyor
2026-09-18 03:46:11,791 INFO Tracking camera_fps=37.9 inference_fps=40.3 model_ms=0.0 age_ms=16.0 hands=0 pose=False mode=Gövde görünmüyor
2026-09-18 03:46:14,827 INFO Tracking camera_fps=32.7 inference_fps=31.7 model_ms=16.0 age_ms=32.0 hands=0 pose=False mode=Gövde görünmüyor
2026-09-18 03:46:17,849 INFO Tracking camera_fps=33.3 inference_fps=33.4 model_ms=0.0 age_ms=15.0 hands=0 pose=False mode=Gövde görünmüyor
2026-09-18 03:46:20,854 INFO Tracking camera_fps=32.5 inference_fps=76.4 model_ms=16.0 age_ms=31.0 hands=0 pose=False mode=Gövde görünmüyor
2026-09-18 03:46:23,875 INFO Tracking camera_fps=31.6 inference_fps=33.2 model_ms=15.0 age_ms=15.0 hands=0 pose=False mode=Gövde görünmüyor
2026-09-18 03:46:26,902 INFO Tracking camera_fps=31.4 inference_fps=46.4 model_ms=16.0 age_ms=32.0 hands=0 pose=False mode=Gövde görünmüyor
2026-09-18 03:46:29,922 INFO Tracking camera_fps=56.2 inference_fps=36.2 model_ms=15.0 age_ms=15.0 hands=0 pose=False mode=Gövde görünmüyor
2026-09-18 03:46:32,959 INFO Tracking camera_fps=32.0 inference_fps=31.9 model_ms=0.0 age_ms=16.0 hands=0 pose=False mode=Gövde görünmüyor
2026-09-18 03:46:35,972 INFO Tracking camera_fps=33.1 inference_fps=31.2 model_ms=15.0 age_ms=31.0 hands=0 pose=False mode=Gövde görünmüyor
2026-09-18 03:46:39,002 INFO Tracking camera_fps=33.3 inference_fps=32.9 model_ms=15.0 age_ms=15.0 hands=0 pose=False mode=Gövde görünmüyor
2026-09-18 03:46:42,024 INFO Tracking camera_fps=32.8 inference_fps=32.7 model_ms=0.0 age_ms=16.0 hands=0 pose=False mode=Gövde görünmüyor
2026-09-18 03:46:45,056 INFO Tracking camera_fps=30.8 inference_fps=40.1 model_ms=0.0 age_ms=15.0 hands=0 pose=False mode=Gövde görünmüyor
2026-09-18 03:46:48,089 INFO Tracking camera_fps=29.3 inference_fps=40.4 model_ms=15.0 age_ms=31.0 hands=0 pose=False mode=Gövde görünmüyor
2026-09-18 03:46:51,120 INFO Tracking camera_fps=25.1 inference_fps=26.0 model_ms=15.0 age_ms=31.0 hands=0 pose=False mode=Gövde görünmüyor
2026-09-18 03:46:54,151 INFO Tracking camera_fps=29.7 inference_fps=30.0 model_ms=16.0 age_ms=16.0 hands=0 pose=False mode=Gövde görünmüyor
2026-09-18 03:46:57,205 INFO Tracking camera_fps=32.0 inference_fps=114.0 model_ms=16.0 age_ms=32.0 hands=0 pose=False mode=Gövde görünmüyor
2026-09-18 03:47:00,217 INFO Tracking camera_fps=32.6 inference_fps=33.1 model_ms=15.0 age_ms=31.0 hands=0 pose=True mode=Serbest
2026-09-18 03:47:03,250 INFO Tracking camera_fps=35.4 inference_fps=31.3 model_ms=15.0 age_ms=31.0 hands=0 pose=False mode=Gövde görünmüyor
2026-09-18 03:47:06,261 INFO Tracking camera_fps=29.6 inference_fps=39.5 model_ms=16.0 age_ms=31.0 hands=0 pose=False mode=Gövde görünmüyor
2026-09-18 03:47:09,283 INFO Tracking camera_fps=29.4 inference_fps=28.8 model_ms=16.0 age_ms=32.0 hands=0 pose=False mode=Gövde görünmüyor
2026-09-18 03:47:12,320 INFO Tracking camera_fps=25.6 inference_fps=25.7 model_ms=16.0 age_ms=31.0 hands=2 pose=True mode=Swing
2026-09-18 03:47:15,324 INFO Tracking camera_fps=30.7 inference_fps=28.9 model_ms=16.0 age_ms=32.0 hands=2 pose=True mode=Swing
2026-09-18 03:47:18,359 INFO Tracking camera_fps=26.0 inference_fps=29.1 model_ms=16.0 age_ms=16.0 hands=2 pose=True mode=Nişan
2026-09-18 03:47:21,389 INFO Tracking camera_fps=22.8 inference_fps=23.7 model_ms=16.0 age_ms=31.0 hands=2 pose=True mode=Eğilme
2026-09-18 03:47:24,403 INFO Tracking camera_fps=30.2 inference_fps=30.5 model_ms=16.0 age_ms=32.0 hands=2 pose=True mode=Serbest
2026-09-18 03:47:27,437 INFO Tracking camera_fps=26.5 inference_fps=28.3 model_ms=16.0 age_ms=31.0 hands=2 pose=True mode=Serbest
2026-09-18 03:47:30,473 INFO Tracking camera_fps=25.1 inference_fps=26.5 model_ms=15.0 age_ms=15.0 hands=1 pose=True mode=Serbest
2026-09-18 03:47:33,502 INFO Tracking camera_fps=37.0 inference_fps=39.2 model_ms=31.0 age_ms=31.0 hands=0 pose=True mode=Serbest
2026-09-18 03:47:36,533 INFO Tracking camera_fps=28.3 inference_fps=27.8 model_ms=16.0 age_ms=32.0 hands=0 pose=True mode=Eğilme
2026-09-18 03:47:39,569 INFO Tracking camera_fps=27.9 inference_fps=29.6 model_ms=16.0 age_ms=16.0 hands=0 pose=True mode=Eğilme
2026-09-18 03:47:42,594 INFO Tracking camera_fps=27.0 inference_fps=29.2 model_ms=15.0 age_ms=31.0 hands=0 pose=True mode=Eğilme
2026-09-18 03:47:45,622 INFO Tracking camera_fps=29.6 inference_fps=29.3 model_ms=15.0 age_ms=31.0 hands=0 pose=True mode=Eğilme
2026-09-18 03:47:48,654 INFO Tracking camera_fps=26.0 inference_fps=25.9 model_ms=16.0 age_ms=32.0 hands=0 pose=True mode=Eğilme
2026-09-18 03:47:51,675 INFO Tracking camera_fps=27.0 inference_fps=27.9 model_ms=15.0 age_ms=15.0 hands=0 pose=True mode=Eğilme
2026-09-18 03:47:54,689 INFO Tracking camera_fps=27.4 inference_fps=28.5 model_ms=16.0 age_ms=31.0 hands=0 pose=True mode=Eğilme
2026-09-18 03:47:57,707 INFO Tracking camera_fps=28.1 inference_fps=30.0 model_ms=16.0 age_ms=16.0 hands=0 pose=True mode=Eğilme
2026-09-18 03:48:00,728 INFO Tracking camera_fps=28.6 inference_fps=33.1 model_ms=0.0 age_ms=15.0 hands=0 pose=True mode=Eğilme
2026-09-18 03:48:03,764 INFO Tracking camera_fps=29.0 inference_fps=29.2 model_ms=16.0 age_ms=31.0 hands=0 pose=True mode=Eğilme
2026-09-18 03:48:06,789 INFO Tracking camera_fps=27.8 inference_fps=27.9 model_ms=16.0 age_ms=16.0 hands=0 pose=True mode=Eğilme
2026-09-18 03:48:09,805 INFO Tracking camera_fps=31.8 inference_fps=32.2 model_ms=15.0 age_ms=31.0 hands=1 pose=True mode=Eğilme
2026-09-18 03:48:12,822 INFO Tracking camera_fps=28.5 inference_fps=27.5 model_ms=0.0 age_ms=31.0 hands=0 pose=True mode=Eğilme
2026-09-18 03:48:15,845 INFO Tracking camera_fps=25.4 inference_fps=26.7 model_ms=15.0 age_ms=15.0 hands=0 pose=True mode=Eğilme
2026-09-18 03:48:18,875 INFO Tracking camera_fps=28.1 inference_fps=29.4 model_ms=15.0 age_ms=15.0 hands=0 pose=True mode=Eğilme
2026-09-18 03:48:21,913 INFO Tracking camera_fps=26.6 inference_fps=27.1 model_ms=16.0 age_ms=16.0 hands=0 pose=True mode=Eğilme
2026-09-18 03:48:24,917 INFO Tracking camera_fps=29.0 inference_fps=26.6 model_ms=15.0 age_ms=31.0 hands=0 pose=True mode=Eğilme
2026-09-18 03:48:27,942 INFO Tracking camera_fps=30.3 inference_fps=29.2 model_ms=16.0 age_ms=31.0 hands=0 pose=True mode=Eğilme
2026-09-18 03:48:30,949 INFO Tracking camera_fps=31.0 inference_fps=29.6 model_ms=16.0 age_ms=32.0 hands=1 pose=True mode=Eğilme
2026-09-18 03:48:33,988 INFO Tracking camera_fps=26.7 inference_fps=29.8 model_ms=16.0 age_ms=16.0 hands=0 pose=True mode=Serbest
2026-09-18 03:48:37,005 INFO Tracking camera_fps=34.8 inference_fps=34.0 model_ms=15.0 age_ms=31.0 hands=2 pose=True mode=Swing
2026-09-18 03:48:40,045 INFO Tracking camera_fps=28.2 inference_fps=30.5 model_ms=15.0 age_ms=31.0 hands=2 pose=True mode=Serbest
2026-09-18 03:48:43,074 INFO Tracking camera_fps=25.9 inference_fps=26.2 model_ms=32.0 age_ms=47.0 hands=1 pose=True mode=Eğilme
2026-09-18 03:48:46,105 INFO Tracking camera_fps=29.5 inference_fps=29.6 model_ms=16.0 age_ms=31.0 hands=2 pose=True mode=Eğilme
2026-09-18 03:48:49,141 INFO Tracking camera_fps=26.4 inference_fps=26.4 model_ms=16.0 age_ms=31.0 hands=1 pose=False mode=Gövde görünmüyor
2026-09-18 03:48:52,181 INFO Tracking camera_fps=32.3 inference_fps=46.5 model_ms=0.0 age_ms=15.0 hands=0 pose=False mode=Gövde görünmüyor
2026-09-18 03:48:55,212 INFO Tracking camera_fps=30.7 inference_fps=33.8 model_ms=16.0 age_ms=16.0 hands=0 pose=False mode=Gövde görünmüyor
2026-09-18 03:48:58,253 INFO Tracking camera_fps=17.4 inference_fps=17.9 model_ms=15.0 age_ms=15.0 hands=0 pose=False mode=Gövde görünmüyor
2026-09-18 03:49:01,264 INFO Tracking camera_fps=21.7 inference_fps=22.3 model_ms=16.0 age_ms=16.0 hands=0 pose=False mode=Gövde görünmüyor
2026-09-18 03:49:04,287 INFO Tracking camera_fps=16.5 inference_fps=17.2 model_ms=16.0 age_ms=16.0 hands=0 pose=True mode=Eğilme
2026-09-18 03:49:07,311 INFO Tracking camera_fps=15.9 inference_fps=15.6 model_ms=16.0 age_ms=31.0 hands=2 pose=True mode=Swing
2026-09-18 03:49:10,375 INFO Tracking camera_fps=18.3 inference_fps=18.8 model_ms=15.0 age_ms=31.0 hands=2 pose=True mode=Eğilme
2026-09-18 03:49:13,385 INFO Tracking camera_fps=23.9 inference_fps=23.5 model_ms=15.0 age_ms=31.0 hands=1 pose=True mode=Eğilme
2026-09-18 03:49:16,413 INFO Tracking camera_fps=17.7 inference_fps=17.9 model_ms=16.0 age_ms=32.0 hands=0 pose=True mode=Serbest
2026-09-18 03:49:19,419 INFO Tracking camera_fps=22.3 inference_fps=22.5 model_ms=15.0 age_ms=31.0 hands=0 pose=True mode=Eğilme
2026-09-18 03:49:22,435 INFO Tracking camera_fps=29.3 inference_fps=27.1 model_ms=16.0 age_ms=31.0 hands=0 pose=False mode=Gövde görünmüyor
2026-09-18 03:49:25,491 INFO Tracking camera_fps=26.4 inference_fps=26.4 model_ms=16.0 age_ms=31.0 hands=2 pose=True mode=Eğilme
2026-09-18 03:49:28,540 INFO Tracking camera_fps=32.5 inference_fps=32.8 model_ms=16.0 age_ms=16.0 hands=2 pose=True mode=Eğilme
2026-09-18 03:49:31,571 INFO Tracking camera_fps=24.9 inference_fps=24.3 model_ms=16.0 age_ms=31.0 hands=2 pose=True mode=Eğilme
2026-09-18 03:49:34,584 INFO Tracking camera_fps=23.8 inference_fps=24.3 model_ms=16.0 age_ms=32.0 hands=2 pose=True mode=Eğilme
2026-09-18 03:49:37,606 INFO Tracking camera_fps=23.3 inference_fps=23.8 model_ms=31.0 age_ms=31.0 hands=1 pose=True mode=Eğilme
2026-09-18 03:49:40,627 INFO Tracking camera_fps=20.7 inference_fps=22.7 model_ms=15.0 age_ms=31.0 hands=0 pose=True mode=Eğilme
2026-09-18 03:49:43,663 INFO Tracking camera_fps=24.6 inference_fps=22.1 model_ms=16.0 age_ms=32.0 hands=0 pose=True mode=Eğilme
2026-09-18 03:49:46,678 INFO Tracking camera_fps=24.4 inference_fps=26.7 model_ms=15.0 age_ms=15.0 hands=1 pose=True mode=Eğilme
2026-09-18 03:49:49,704 INFO Tracking camera_fps=20.2 inference_fps=20.0 model_ms=16.0 age_ms=32.0 hands=0 pose=True mode=Serbest
2026-09-18 03:49:52,713 INFO Tracking camera_fps=22.9 inference_fps=22.8 model_ms=15.0 age_ms=31.0 hands=0 pose=False mode=Gövde görünmüyor
2026-09-18 03:49:55,730 INFO Tracking camera_fps=23.2 inference_fps=23.4 model_ms=16.0 age_ms=31.0 hands=0 pose=False mode=Gövde görünmüyor
2026-09-18 03:49:58,748 INFO Tracking camera_fps=23.1 inference_fps=23.5 model_ms=15.0 age_ms=31.0 hands=0 pose=False mode=Gövde görünmüyor
2026-09-18 03:50:01,789 INFO Tracking camera_fps=200.3 inference_fps=85.8 model_ms=0.0 age_ms=0.0 hands=0 pose=False mode=Gövde görünmüyor
2026-09-18 03:50:04,795 INFO Tracking camera_fps=31.2 inference_fps=30.8 model_ms=15.0 age_ms=31.0 hands=0 pose=False mode=Gövde görünmüyor
2026-09-18 03:50:07,813 INFO Tracking camera_fps=33.1 inference_fps=31.8 model_ms=16.0 age_ms=31.0 hands=0 pose=False mode=Gövde görünmüyor
2026-09-18 03:50:10,835 INFO Tracking camera_fps=34.2 inference_fps=32.7 model_ms=0.0 age_ms=16.0 hands=0 pose=False mode=Gövde görünmüyor
2026-09-18 03:50:13,840 INFO Tracking camera_fps=32.3 inference_fps=95.5 model_ms=15.0 age_ms=31.0 hands=0 pose=False mode=Gövde görünmüyor
2026-09-18 03:50:16,899 INFO Tracking camera_fps=32.4 inference_fps=33.5 model_ms=0.0 age_ms=16.0 hands=0 pose=False mode=Gövde görünmüyor
2026-09-18 03:50:19,930 INFO Tracking camera_fps=37.1 inference_fps=31.3 model_ms=0.0 age_ms=15.0 hands=0 pose=False mode=Gövde görünmüyor
2026-09-18 03:50:22,952 INFO Tracking camera_fps=31.9 inference_fps=34.7 model_ms=16.0 age_ms=16.0 hands=0 pose=False mode=Gövde görünmüyor
2026-09-18 03:50:25,985 INFO Tracking camera_fps=32.4 inference_fps=34.2 model_ms=16.0 age_ms=16.0 hands=0 pose=False mode=Gövde görünmüyor
2026-09-18 03:50:29,034 INFO Tracking camera_fps=36.4 inference_fps=33.6 model_ms=16.0 age_ms=32.0 hands=1 pose=False mode=Gövde görünmüyor
2026-09-18 03:50:32,046 INFO Tracking camera_fps=30.3 inference_fps=35.7 model_ms=15.0 age_ms=15.0 hands=2 pose=True mode=Eğilme
2026-09-18 03:50:35,080 INFO Tracking camera_fps=35.3 inference_fps=35.1 model_ms=16.0 age_ms=16.0 hands=1 pose=True mode=Eğilme
2026-09-18 03:50:38,104 INFO Tracking camera_fps=35.1 inference_fps=32.6 model_ms=16.0 age_ms=31.0 hands=0 pose=False mode=Gövde görünmüyor
2026-09-18 03:50:41,134 INFO Tracking camera_fps=33.6 inference_fps=33.7 model_ms=0.0 age_ms=15.0 hands=0 pose=False mode=Gövde görünmüyor
2026-09-18 03:50:44,150 INFO Tracking camera_fps=34.8 inference_fps=36.5 model_ms=0.0 age_ms=0.0 hands=0 pose=False mode=Gövde görünmüyor
2026-09-18 03:50:47,159 INFO Tracking camera_fps=31.8 inference_fps=33.3 model_ms=16.0 age_ms=16.0 hands=0 pose=False mode=Gövde görünmüyor
2026-09-18 03:50:50,188 INFO Tracking camera_fps=33.5 inference_fps=31.1 model_ms=16.0 age_ms=31.0 hands=0 pose=False mode=Gövde görünmüyor
2026-09-18 03:50:53,214 INFO Tracking camera_fps=34.1 inference_fps=59.0 model_ms=15.0 age_ms=31.0 hands=0 pose=False mode=Gövde görünmüyor
2026-09-18 03:50:56,251 INFO Tracking camera_fps=33.0 inference_fps=33.9 model_ms=15.0 age_ms=15.0 hands=0 pose=False mode=Gövde görünmüyor
2026-09-18 03:50:59,272 INFO Tracking camera_fps=35.5 inference_fps=36.4 model_ms=16.0 age_ms=16.0 hands=0 pose=True mode=Eğilme
2026-09-18 03:51:02,280 INFO Tracking camera_fps=36.6 inference_fps=39.2 model_ms=16.0 age_ms=32.0 hands=0 pose=True mode=Eğilme
2026-09-18 03:51:05,305 INFO Tracking camera_fps=34.6 inference_fps=48.6 model_ms=0.0 age_ms=15.0 hands=0 pose=False mode=Gövde görünmüyor
2026-09-18 03:51:08,337 INFO Tracking camera_fps=32.9 inference_fps=34.6 model_ms=0.0 age_ms=16.0 hands=0 pose=False mode=Gövde görünmüyor
2026-09-18 03:51:11,338 INFO Tracking camera_fps=32.4 inference_fps=33.1 model_ms=0.0 age_ms=31.0 hands=0 pose=False mode=Gövde görünmüyor
2026-09-18 03:51:14,367 INFO Tracking camera_fps=32.5 inference_fps=31.4 model_ms=0.0 age_ms=16.0 hands=0 pose=False mode=Gövde görünmüyor
2026-09-18 03:51:17,404 INFO Tracking camera_fps=31.5 inference_fps=30.1 model_ms=16.0 age_ms=32.0 hands=0 pose=False mode=Gövde görünmüyor
2026-09-18 03:51:20,432 INFO Tracking camera_fps=31.0 inference_fps=30.6 model_ms=16.0 age_ms=31.0 hands=0 pose=False mode=Gövde görünmüyor
2026-09-18 03:51:23,457 INFO Tracking camera_fps=33.0 inference_fps=34.1 model_ms=16.0 age_ms=16.0 hands=0 pose=False mode=Gövde görünmüyor
2026-09-18 03:51:26,495 INFO Tracking camera_fps=33.3 inference_fps=73.7 model_ms=15.0 age_ms=31.0 hands=0 pose=False mode=Gövde görünmüyor
2026-09-18 03:51:29,511 INFO Tracking camera_fps=33.5 inference_fps=35.6 model_ms=16.0 age_ms=16.0 hands=0 pose=False mode=Gövde görünmüyor
2026-09-18 03:51:32,545 INFO Tracking camera_fps=32.7 inference_fps=52.0 model_ms=15.0 age_ms=31.0 hands=0 pose=False mode=Gövde görünmüyor
2026-09-18 03:51:35,597 INFO Tracking camera_fps=32.3 inference_fps=34.7 model_ms=15.0 age_ms=31.0 hands=0 pose=False mode=Gövde görünmüyor
2026-09-18 03:51:38,608 INFO Tracking camera_fps=31.1 inference_fps=31.0 model_ms=16.0 age_ms=16.0 hands=0 pose=False mode=Gövde görünmüyor
2026-09-18 03:51:41,641 INFO Tracking camera_fps=31.7 inference_fps=41.8 model_ms=16.0 age_ms=31.0 hands=0 pose=False mode=Gövde görünmüyor
2026-09-18 03:51:44,659 INFO Tracking camera_fps=34.7 inference_fps=36.1 model_ms=16.0 age_ms=16.0 hands=0 pose=False mode=Gövde görünmüyor
2026-09-18 03:51:47,667 INFO Tracking camera_fps=31.8 inference_fps=33.9 model_ms=15.0 age_ms=15.0 hands=0 pose=False mode=Gövde görünmüyor
2026-09-18 03:51:50,695 INFO Tracking camera_fps=34.4 inference_fps=32.6 model_ms=0.0 age_ms=16.0 hands=0 pose=False mode=Gövde görünmüyor
2026-09-18 03:51:53,723 INFO Tracking camera_fps=31.4 inference_fps=32.2 model_ms=15.0 age_ms=15.0 hands=0 pose=False mode=Gövde görünmüyor
2026-09-18 03:51:56,767 INFO Tracking camera_fps=33.6 inference_fps=34.4 model_ms=16.0 age_ms=31.0 hands=0 pose=False mode=Gövde görünmüyor
2026-09-18 03:51:59,798 INFO Tracking camera_fps=33.4 inference_fps=33.6 model_ms=15.0 age_ms=31.0 hands=0 pose=False mode=Gövde görünmüyor
2026-09-18 03:52:02,827 INFO Tracking camera_fps=32.2 inference_fps=34.9 model_ms=16.0 age_ms=32.0 hands=0 pose=False mode=Gövde görünmüyor
2026-09-18 03:52:05,888 INFO Tracking camera_fps=33.0 inference_fps=117.8 model_ms=16.0 age_ms=31.0 hands=0 pose=False mode=Gövde görünmüyor
2026-09-18 03:52:08,917 INFO Tracking camera_fps=36.1 inference_fps=33.4 model_ms=15.0 age_ms=47.0 hands=2 pose=True mode=Eğilme
2026-09-18 03:52:11,942 INFO Tracking camera_fps=31.2 inference_fps=31.0 model_ms=16.0 age_ms=16.0 hands=0 pose=True mode=Eğilme
2026-09-18 03:52:14,949 INFO Tracking camera_fps=31.8 inference_fps=42.6 model_ms=16.0 age_ms=32.0 hands=0 pose=True mode=Eğilme
2026-09-18 03:52:17,972 INFO Tracking camera_fps=31.2 inference_fps=34.8 model_ms=15.0 age_ms=31.0 hands=1 pose=True mode=Eğilme
2026-09-18 03:52:21,002 INFO Tracking camera_fps=31.7 inference_fps=33.9 model_ms=15.0 age_ms=15.0 hands=2 pose=True mode=Eğilme
2026-09-18 03:52:24,035 INFO Tracking camera_fps=32.9 inference_fps=33.2 model_ms=16.0 age_ms=32.0 hands=2 pose=True mode=Eğilme
2026-09-18 03:52:27,060 INFO Tracking camera_fps=31.3 inference_fps=32.8 model_ms=16.0 age_ms=31.0 hands=1 pose=True mode=Eğilme
2026-09-18 03:52:30,086 INFO Tracking camera_fps=35.1 inference_fps=38.1 model_ms=16.0 age_ms=16.0 hands=1 pose=True mode=Eğilme
2026-09-18 03:52:33,114 INFO Tracking camera_fps=30.5 inference_fps=33.4 model_ms=16.0 age_ms=31.0 hands=1 pose=True mode=Eğilme
2026-09-18 03:52:36,129 INFO Tracking camera_fps=35.3 inference_fps=32.9 model_ms=15.0 age_ms=15.0 hands=2 pose=True mode=Eğilme
2026-09-18 03:52:39,160 INFO Tracking camera_fps=31.9 inference_fps=31.3 model_ms=16.0 age_ms=32.0 hands=1 pose=True mode=Eğilme
2026-09-18 03:52:42,172 INFO Tracking camera_fps=34.8 inference_fps=37.7 model_ms=15.0 age_ms=31.0 hands=1 pose=True mode=Eğilme
2026-09-18 03:52:45,185 INFO Tracking camera_fps=32.2 inference_fps=32.6 model_ms=16.0 age_ms=31.0 hands=2 pose=True mode=Eğilme
2026-09-18 03:52:48,223 INFO Tracking camera_fps=32.9 inference_fps=33.6 model_ms=15.0 age_ms=31.0 hands=2 pose=True mode=Eğilme
2026-09-18 03:52:51,235 INFO Tracking camera_fps=34.2 inference_fps=33.0 model_ms=16.0 age_ms=31.0 hands=0 pose=True mode=Eğilme
2026-09-18 03:52:54,280 INFO Tracking camera_fps=33.2 inference_fps=32.4 model_ms=16.0 age_ms=32.0 hands=2 pose=True mode=Eğilme
2026-09-18 03:52:57,302 INFO Tracking camera_fps=30.3 inference_fps=33.0 model_ms=15.0 age_ms=15.0 hands=1 pose=True mode=Eğilme
2026-09-18 03:53:00,336 INFO Tracking camera_fps=31.7 inference_fps=31.1 model_ms=16.0 age_ms=16.0 hands=1 pose=True mode=Eğilme
2026-09-18 03:53:03,380 INFO Tracking camera_fps=34.4 inference_fps=33.3 model_ms=15.0 age_ms=31.0 hands=1 pose=True mode=Eğilme
2026-09-18 03:53:06,428 INFO Tracking camera_fps=31.5 inference_fps=33.2 model_ms=15.0 age_ms=15.0 hands=2 pose=True mode=Eğilme
2026-09-18 03:53:09,472 INFO Tracking camera_fps=33.9 inference_fps=34.0 model_ms=15.0 age_ms=31.0 hands=1 pose=True mode=Eğilme
2026-09-18 03:53:12,485 INFO Tracking camera_fps=31.9 inference_fps=33.2 model_ms=16.0 age_ms=31.0 hands=2 pose=True mode=Eğilme
2026-09-18 03:53:15,529 INFO Tracking camera_fps=33.0 inference_fps=30.9 model_ms=32.0 age_ms=47.0 hands=2 pose=True mode=Serbest
2026-09-18 03:53:18,542 INFO Tracking camera_fps=31.0 inference_fps=36.5 model_ms=15.0 age_ms=31.0 hands=2 pose=True mode=Serbest
2026-09-18 03:53:21,575 INFO Tracking camera_fps=31.2 inference_fps=34.4 model_ms=16.0 age_ms=32.0 hands=2 pose=True mode=Serbest
2026-09-18 03:53:24,612 INFO Tracking camera_fps=34.7 inference_fps=32.8 model_ms=16.0 age_ms=31.0 hands=2 pose=True mode=Serbest
2026-09-18 03:53:27,638 INFO Tracking camera_fps=32.7 inference_fps=34.3 model_ms=16.0 age_ms=31.0 hands=2 pose=True mode=Serbest
2026-09-18 03:53:30,662 INFO Tracking camera_fps=31.0 inference_fps=32.2 model_ms=16.0 age_ms=16.0 hands=2 pose=True mode=Swing
2026-09-18 03:53:33,669 INFO Tracking camera_fps=33.4 inference_fps=34.6 model_ms=15.0 age_ms=31.0 hands=2 pose=True mode=Serbest
2026-09-18 03:53:36,700 INFO Tracking camera_fps=32.9 inference_fps=32.5 model_ms=16.0 age_ms=32.0 hands=2 pose=True mode=Serbest
2026-09-18 03:53:39,728 INFO Tracking camera_fps=30.8 inference_fps=33.1 model_ms=0.0 age_ms=15.0 hands=2 pose=True mode=Serbest
2026-09-18 03:53:42,757 INFO Tracking camera_fps=31.7 inference_fps=36.7 model_ms=15.0 age_ms=15.0 hands=2 pose=True mode=Serbest
2026-09-18 03:53:45,761 INFO Tracking camera_fps=30.0 inference_fps=30.9 model_ms=16.0 age_ms=31.0 hands=2 pose=True mode=Nişan
2026-09-18 03:53:48,797 INFO Tracking camera_fps=31.5 inference_fps=34.2 model_ms=31.0 age_ms=47.0 hands=1 pose=True mode=Eğilme
2026-09-18 03:53:51,811 INFO Tracking camera_fps=32.1 inference_fps=32.0 model_ms=16.0 age_ms=31.0 hands=0 pose=True mode=Eğilme
2026-09-18 03:53:54,423 INFO SendInput scan=0x1E down=True accepted=1 error=0 target_pid=9084
2026-09-18 03:53:54,839 INFO Tracking camera_fps=33.7 inference_fps=31.3 model_ms=15.0 age_ms=31.0 hands=0 pose=True mode=Eğilme
2026-09-18 03:53:55,901 INFO SendInput scan=0x1E down=False accepted=1 error=0 target_pid=9084
2026-09-18 03:53:57,784 INFO SendInput scan=0x20 down=True accepted=1 error=0 target_pid=9084
2026-09-18 03:53:57,886 INFO Tracking camera_fps=30.7 inference_fps=32.1 model_ms=31.0 age_ms=47.0 hands=2 pose=True mode=Serbest
2026-09-18 03:53:59,186 INFO SendInput scan=0x20 down=False accepted=1 error=0 target_pid=9084
2026-09-18 03:53:59,534 INFO SendInput scan=0x20 down=True accepted=1 error=0 target_pid=9084
2026-09-18 03:54:00,417 INFO SendInput scan=0x20 down=False accepted=1 error=0 target_pid=9084
2026-09-18 03:54:00,925 INFO Tracking camera_fps=33.3 inference_fps=31.8 model_ms=15.0 age_ms=31.0 hands=1 pose=True mode=Serbest
2026-09-18 03:54:03,937 INFO Tracking camera_fps=31.4 inference_fps=33.3 model_ms=16.0 age_ms=31.0 hands=0 pose=True mode=Serbest
2026-09-18 03:54:06,952 INFO Tracking camera_fps=30.6 inference_fps=32.2 model_ms=32.0 age_ms=47.0 hands=1 pose=True mode=Serbest
2026-09-18 03:54:09,121 INFO SendInput scan=0x39 down=True accepted=1 error=0 target_pid=9084
2026-09-18 03:54:09,230 INFO SendInput scan=0x39 down=False accepted=1 error=0 target_pid=9084
2026-09-18 03:54:09,291 INFO SendInput scan=0x2A down=True accepted=1 error=0 target_pid=9084
2026-09-18 03:54:09,976 INFO Tracking camera_fps=34.0 inference_fps=31.5 model_ms=15.0 age_ms=15.0 hands=2 pose=True mode=Swing
2026-09-18 03:54:11,072 INFO SendInput scan=0x20 down=True accepted=1 error=0 target_pid=9084
2026-09-18 03:54:11,260 INFO SendInput scan=0x2A down=False accepted=1 error=0 target_pid=9084
2026-09-18 03:54:11,545 INFO SendInput scan=0x20 down=False accepted=1 error=0 target_pid=9084
2026-09-18 03:54:11,670 INFO SendInput scan=0x39 down=True accepted=1 error=0 target_pid=9084
2026-09-18 03:54:11,783 INFO SendInput scan=0x39 down=False accepted=1 error=0 target_pid=9084
2026-09-18 03:54:11,845 INFO SendInput scan=0x2A down=True accepted=1 error=0 target_pid=9084
2026-09-18 03:54:12,989 INFO Tracking camera_fps=33.9 inference_fps=38.3 model_ms=16.0 age_ms=16.0 hands=2 pose=True mode=Swing
2026-09-18 03:54:14,143 INFO SendInput scan=0x20 down=True accepted=1 error=0 target_pid=9084
2026-09-18 03:54:14,661 INFO SendInput scan=0x2A down=False accepted=1 error=0 target_pid=9084
2026-09-18 03:54:15,083 INFO SendInput scan=0x20 down=False accepted=1 error=0 target_pid=9084
2026-09-18 03:54:15,508 INFO SendInput scan=0x39 down=True accepted=1 error=0 target_pid=9084
2026-09-18 03:54:15,604 INFO SendInput scan=0x39 down=False accepted=1 error=0 target_pid=9084
2026-09-18 03:54:15,669 INFO SendInput scan=0x2A down=True accepted=1 error=0 target_pid=9084
2026-09-18 03:54:15,669 INFO SendInput scan=0x1E down=True accepted=1 error=0 target_pid=9084
2026-09-18 03:54:16,028 INFO Tracking camera_fps=31.9 inference_fps=30.9 model_ms=32.0 age_ms=47.0 hands=1 pose=True mode=Swing
2026-09-18 03:54:17,253 INFO SendInput scan=0x1E down=False accepted=1 error=0 target_pid=9084
2026-09-18 03:54:18,836 INFO SendInput scan=0x1E down=True accepted=1 error=0 target_pid=9084
2026-09-18 03:54:18,993 INFO SendInput scan=0x2A down=False accepted=1 error=0 target_pid=9084
2026-09-18 03:54:19,070 INFO Tracking camera_fps=30.8 inference_fps=31.7 model_ms=16.0 age_ms=31.0 hands=1 pose=True mode=Serbest
2026-09-18 03:54:19,264 INFO SendInput scan=0x1E down=False accepted=1 error=0 target_pid=9084
2026-09-18 03:54:19,704 INFO SendInput scan=0x39 down=True accepted=1 error=0 target_pid=9084
2026-09-18 03:54:19,816 INFO SendInput scan=0x39 down=False accepted=1 error=0 target_pid=9084
2026-09-18 03:54:19,876 INFO SendInput scan=0x2A down=True accepted=1 error=0 target_pid=9084
2026-09-18 03:54:20,049 INFO SendInput scan=0x1E down=True accepted=1 error=0 target_pid=9084
2026-09-18 03:54:20,392 INFO SendInput scan=0x1E down=False accepted=1 error=0 target_pid=9084
2026-09-18 03:54:21,766 INFO SendInput scan=0x2A down=False accepted=1 error=0 target_pid=9084
2026-09-18 03:54:21,872 INFO SendInput scan=0x20 down=True accepted=1 error=0 target_pid=9084
2026-09-18 03:54:22,085 INFO Tracking camera_fps=33.7 inference_fps=35.8 model_ms=16.0 age_ms=32.0 hands=1 pose=True mode=Serbest
2026-09-18 03:54:22,140 INFO SendInput scan=0x20 down=False accepted=1 error=0 target_pid=9084
2026-09-18 03:54:22,297 INFO SendInput scan=0x20 down=True accepted=1 error=0 target_pid=9084
2026-09-18 03:54:22,593 INFO SendInput scan=0x39 down=True accepted=1 error=0 target_pid=9084
2026-09-18 03:54:22,702 INFO SendInput scan=0x39 down=False accepted=1 error=0 target_pid=9084
2026-09-18 03:54:22,766 INFO SendInput scan=0x2A down=True accepted=1 error=0 target_pid=9084
2026-09-18 03:54:22,766 INFO SendInput scan=0x20 down=False accepted=1 error=0 target_pid=9084
2026-09-18 03:54:25,108 INFO Tracking camera_fps=31.8 inference_fps=30.6 model_ms=16.0 age_ms=63.0 hands=2 pose=True mode=Swing
2026-09-18 03:54:25,702 INFO SendInput scan=0x1E down=True accepted=1 error=0 target_pid=9084
2026-09-18 03:54:25,782 INFO SendInput scan=0x1E down=False accepted=1 error=0 target_pid=9084
2026-09-18 03:54:26,066 INFO SendInput scan=0x20 down=True accepted=1 error=0 target_pid=9084
2026-09-18 03:54:26,491 INFO SendInput scan=0x2A down=False accepted=1 error=0 target_pid=9084
2026-09-18 03:54:28,121 INFO Tracking camera_fps=34.5 inference_fps=35.6 model_ms=31.0 age_ms=46.0 hands=0 pose=True mode=Eğilme
2026-09-18 03:54:28,148 INFO SendInput scan=0x20 down=False accepted=1 error=0 target_pid=9084
2026-09-18 03:54:28,231 INFO SendInput scan=0x1D down=True accepted=1 error=0 target_pid=9084
2026-09-18 03:54:28,231 INFO SendInput scan=0x20 down=True accepted=1 error=0 target_pid=9084
2026-09-18 03:54:28,337 INFO SendInput scan=0x1D down=False accepted=1 error=0 target_pid=9084
2026-09-18 03:54:28,589 INFO SendInput scan=0x39 down=True accepted=1 error=0 target_pid=9084
2026-09-18 03:54:28,699 INFO SendInput scan=0x39 down=False accepted=1 error=0 target_pid=9084
2026-09-18 03:54:28,766 INFO SendInput scan=0x2A down=True accepted=1 error=0 target_pid=9084
2026-09-18 03:54:29,422 INFO SendInput scan=0x2A down=False accepted=1 error=0 target_pid=9084
2026-09-18 03:54:30,269 INFO SendInput scan=0x1D down=True accepted=1 error=0 target_pid=9084
2026-09-18 03:54:30,332 INFO SendInput scan=0x39 down=True accepted=1 error=0 target_pid=9084
2026-09-18 03:54:30,381 INFO SendInput scan=0x1D down=False accepted=1 error=0 target_pid=9084
2026-09-18 03:54:30,442 INFO SendInput scan=0x39 down=False accepted=1 error=0 target_pid=9084
2026-09-18 03:54:30,504 INFO SendInput scan=0x2A down=True accepted=1 error=0 target_pid=9084
2026-09-18 03:54:31,140 INFO Tracking camera_fps=34.5 inference_fps=35.3 model_ms=16.0 age_ms=31.0 hands=2 pose=True mode=Swing
2026-09-18 03:54:33,887 INFO SendInput scan=0x2A down=False accepted=1 error=0 target_pid=9084
2026-09-18 03:54:34,156 INFO Tracking camera_fps=33.1 inference_fps=35.2 model_ms=32.0 age_ms=47.0 hands=0 pose=True mode=Serbest
2026-09-18 03:54:34,360 INFO SendInput scan=0x20 down=False accepted=1 error=0 target_pid=9084
2026-09-18 03:54:36,513 INFO SendInput scan=0x20 down=True accepted=1 error=0 target_pid=9084
2026-09-18 03:54:37,173 INFO Tracking camera_fps=31.0 inference_fps=34.7 model_ms=15.0 age_ms=31.0 hands=2 pose=True mode=Serbest
2026-09-18 03:54:38,382 INFO SendInput scan=0x20 down=False accepted=1 error=0 target_pid=9084
2026-09-18 03:54:39,218 INFO SendInput scan=0x1D down=True accepted=1 error=0 target_pid=9084
2026-09-18 03:54:39,252 INFO SendInput scan=0x20 down=True accepted=1 error=0 target_pid=9084
2026-09-18 03:54:39,329 INFO SendInput scan=0x1D down=False accepted=1 error=0 target_pid=9084
2026-09-18 03:54:39,658 INFO SendInput scan=0x39 down=True accepted=1 error=0 target_pid=9084
2026-09-18 03:54:39,768 INFO SendInput scan=0x39 down=False accepted=1 error=0 target_pid=9084
2026-09-18 03:54:39,831 INFO SendInput scan=0x2A down=True accepted=1 error=0 target_pid=9084
2026-09-18 03:54:40,203 INFO Tracking camera_fps=32.9 inference_fps=33.4 model_ms=16.0 age_ms=32.0 hands=2 pose=True mode=Swing
2026-09-18 03:54:40,335 INFO SendInput scan=0x2A down=False accepted=1 error=0 target_pid=9084
2026-09-18 03:54:40,821 INFO SendInput scan=0x20 down=False accepted=1 error=0 target_pid=9084
2026-09-18 03:54:41,418 INFO SendInput scan=0x39 down=True accepted=1 error=0 target_pid=9084
2026-09-18 03:54:41,528 INFO SendInput scan=0x39 down=False accepted=1 error=0 target_pid=9084
2026-09-18 03:54:41,592 INFO SendInput scan=0x2A down=True accepted=1 error=0 target_pid=9084
2026-09-18 03:54:43,235 INFO Tracking camera_fps=35.6 inference_fps=34.2 model_ms=16.0 age_ms=47.0 hands=2 pose=True mode=Swing
2026-09-18 03:54:43,685 INFO SendInput scan=0x20 down=True accepted=1 error=0 target_pid=9084
2026-09-18 03:54:43,952 INFO SendInput scan=0x20 down=False accepted=1 error=0 target_pid=9084
2026-09-18 03:54:45,759 INFO SendInput scan=0x2A down=False accepted=1 error=0 target_pid=9084
2026-09-18 03:54:46,249 INFO SendInput scan=0x20 down=True accepted=1 error=0 target_pid=9084
2026-09-18 03:54:46,257 INFO Tracking camera_fps=32.3 inference_fps=39.0 model_ms=15.0 age_ms=15.0 hands=2 pose=True mode=Eğilme
2026-09-18 03:54:47,237 INFO SendInput scan=0x20 down=False accepted=1 error=0 target_pid=9084
2026-09-18 03:54:48,466 INFO SendInput scan=0x20 down=True accepted=1 error=0 target_pid=9084
2026-09-18 03:54:49,304 INFO Tracking camera_fps=31.4 inference_fps=33.4 model_ms=15.0 age_ms=31.0 hands=2 pose=True mode=Serbest
2026-09-18 03:54:49,472 INFO SendInput scan=0x20 down=False accepted=1 error=0 target_pid=9084
2026-09-18 03:54:49,644 INFO SendInput scan=0x1E down=True accepted=1 error=0 target_pid=9084
2026-09-18 03:54:49,738 INFO SendInput scan=0x1E down=False accepted=1 error=0 target_pid=9084
2026-09-18 03:54:49,910 INFO SendInput scan=0x20 down=True accepted=1 error=0 target_pid=9084
2026-09-18 03:54:51,575 INFO SendInput scan=0x1D down=True accepted=1 error=0 target_pid=9084
2026-09-18 03:54:51,684 INFO SendInput scan=0x1D down=False accepted=1 error=0 target_pid=9084
2026-09-18 03:54:51,764 INFO SendInput scan=0x39 down=True accepted=1 error=0 target_pid=9084
2026-09-18 03:54:51,872 INFO SendInput scan=0x39 down=False accepted=1 error=0 target_pid=9084
2026-09-18 03:54:52,338 INFO Tracking camera_fps=31.7 inference_fps=33.2 model_ms=16.0 age_ms=32.0 hands=2 pose=True mode=Serbest
2026-09-18 03:54:53,096 INFO SendInput scan=0x20 down=False accepted=1 error=0 target_pid=9084
2026-09-18 03:54:53,158 INFO SendInput scan=0x39 down=True accepted=1 error=0 target_pid=9084
2026-09-18 03:54:53,270 INFO SendInput scan=0x39 down=False accepted=1 error=0 target_pid=9084
2026-09-18 03:54:53,332 INFO SendInput scan=0x2A down=True accepted=1 error=0 target_pid=9084
2026-09-18 03:54:54,940 INFO SendInput scan=0x2A down=False accepted=1 error=0 target_pid=9084
2026-09-18 03:54:55,353 INFO Tracking camera_fps=32.3 inference_fps=36.2 model_ms=15.0 age_ms=31.0 hands=2 pose=True mode=Serbest
2026-09-18 03:54:56,165 INFO SendInput scan=0x20 down=True accepted=1 error=0 target_pid=9084
2026-09-18 03:54:56,793 INFO SendInput scan=0x20 down=False accepted=1 error=0 target_pid=9084
2026-09-18 03:54:57,705 INFO SendInput scan=0x20 down=True accepted=1 error=0 target_pid=9084
2026-09-18 03:54:58,387 INFO Tracking camera_fps=34.0 inference_fps=35.3 model_ms=31.0 age_ms=47.0 hands=2 pose=True mode=Serbest
2026-09-18 03:55:01,409 INFO Tracking camera_fps=32.0 inference_fps=31.4 model_ms=16.0 age_ms=32.0 hands=1 pose=True mode=Serbest
2026-09-18 03:55:01,533 INFO SendInput scan=0x20 down=False accepted=1 error=0 target_pid=9084
2026-09-18 03:55:02,464 INFO SendInput scan=0x20 down=True accepted=1 error=0 target_pid=9084
2026-09-18 03:55:03,657 INFO SendInput scan=0x20 down=False accepted=1 error=0 target_pid=9084
2026-09-18 03:55:04,416 INFO Tracking camera_fps=31.4 inference_fps=32.1 model_ms=16.0 age_ms=47.0 hands=1 pose=True mode=Serbest
2026-09-18 03:55:06,121 INFO SendInput scan=0x20 down=True accepted=1 error=0 target_pid=9084
2026-09-18 03:55:07,285 INFO SendInput scan=0x20 down=False accepted=1 error=0 target_pid=9084
2026-09-18 03:55:07,435 INFO Tracking camera_fps=33.2 inference_fps=34.7 model_ms=16.0 age_ms=31.0 hands=2 pose=True mode=Serbest
2026-09-18 03:55:08,848 INFO SendInput scan=0x1E down=True accepted=1 error=0 target_pid=9084
2026-09-18 03:55:09,056 INFO SendInput scan=0x1E down=False accepted=1 error=0 target_pid=9084
2026-09-18 03:55:10,479 INFO Tracking camera_fps=33.9 inference_fps=31.4 model_ms=15.0 age_ms=31.0 hands=2 pose=True mode=Serbest
2026-09-18 03:55:13,501 INFO Tracking camera_fps=32.8 inference_fps=33.3 model_ms=15.0 age_ms=31.0 hands=1 pose=True mode=Serbest
2026-09-18 03:55:16,550 INFO Tracking camera_fps=31.4 inference_fps=34.1 model_ms=15.0 age_ms=47.0 hands=2 pose=True mode=Serbest
2026-09-18 03:55:19,103 INFO SendInput scan=0x39 down=True accepted=1 error=0 target_pid=9084
2026-09-18 03:55:19,212 INFO SendInput scan=0x39 down=False accepted=1 error=0 target_pid=9084
2026-09-18 03:55:19,276 INFO SendInput scan=0x2A down=True accepted=1 error=0 target_pid=9084
2026-09-18 03:55:19,565 INFO Tracking camera_fps=33.7 inference_fps=35.4 model_ms=16.0 age_ms=31.0 hands=2 pose=True mode=Swing
2026-09-18 03:55:21,614 INFO SendInput scan=0x2A down=False accepted=1 error=0 target_pid=9084
2026-09-18 03:55:22,007 INFO SendInput scan=0x39 down=True accepted=1 error=0 target_pid=9084
2026-09-18 03:55:22,119 INFO SendInput scan=0x39 down=False accepted=1 error=0 target_pid=9084
2026-09-18 03:55:22,182 INFO SendInput scan=0x2A down=True accepted=1 error=0 target_pid=9084
2026-09-18 03:55:22,589 INFO Tracking camera_fps=33.3 inference_fps=34.1 model_ms=31.0 age_ms=31.0 hands=2 pose=True mode=Swing
2026-09-18 03:55:25,613 INFO Tracking camera_fps=37.2 inference_fps=37.1 model_ms=16.0 age_ms=31.0 hands=2 pose=True mode=Swing
2026-09-18 03:55:25,899 INFO SendInput scan=0x2A down=False accepted=1 error=0 target_pid=9084
2026-09-18 03:55:26,591 INFO SendInput scan=0x39 down=True accepted=1 error=0 target_pid=9084
2026-09-18 03:55:26,638 INFO SendInput scan=0x1E down=True accepted=1 error=0 target_pid=9084
2026-09-18 03:55:26,701 INFO SendInput scan=0x39 down=False accepted=1 error=0 target_pid=9084
2026-09-18 03:55:26,764 INFO SendInput scan=0x2A down=True accepted=1 error=0 target_pid=9084
2026-09-18 03:55:27,756 INFO SendInput scan=0x1E down=False accepted=1 error=0 target_pid=9084
2026-09-18 03:55:28,626 INFO Tracking camera_fps=30.8 inference_fps=34.4 model_ms=15.0 age_ms=31.0 hands=2 pose=True mode=Swing
2026-09-18 03:55:29,014 INFO SendInput scan=0x2A down=False accepted=1 error=0 target_pid=9084
2026-09-18 03:55:29,391 INFO SendInput scan=0x39 down=True accepted=1 error=0 target_pid=9084
2026-09-18 03:55:29,502 INFO SendInput scan=0x39 down=False accepted=1 error=0 target_pid=9084
2026-09-18 03:55:29,565 INFO SendInput scan=0x2A down=True accepted=1 error=0 target_pid=9084
2026-09-18 03:55:29,627 INFO SendInput scan=0x1E down=True accepted=1 error=0 target_pid=9084
2026-09-18 03:55:30,856 INFO SendInput scan=0x1E down=False accepted=1 error=0 target_pid=9084
2026-09-18 03:55:31,639 INFO Tracking camera_fps=31.6 inference_fps=33.5 model_ms=31.0 age_ms=47.0 hands=2 pose=True mode=Swing
2026-09-18 03:55:32,368 INFO SendInput scan=0x2A down=False accepted=1 error=0 target_pid=9084
2026-09-18 03:55:32,496 INFO SendInput scan=0x1E down=True accepted=1 error=0 target_pid=9084
2026-09-18 03:55:32,938 INFO SendInput scan=0x39 down=True accepted=1 error=0 target_pid=9084
2026-09-18 03:55:33,047 INFO SendInput scan=0x39 down=False accepted=1 error=0 target_pid=9084
2026-09-18 03:55:33,108 INFO SendInput scan=0x2A down=True accepted=1 error=0 target_pid=9084
2026-09-18 03:55:34,633 INFO SendInput scan=0x1E down=False accepted=1 error=0 target_pid=9084
2026-09-18 03:55:34,658 INFO Tracking camera_fps=32.5 inference_fps=34.4 model_ms=32.0 age_ms=32.0 hands=1 pose=True mode=Swing
2026-09-18 03:55:35,767 INFO SendInput scan=0x20 down=True accepted=1 error=0 target_pid=9084
2026-09-18 03:55:36,839 INFO SendInput scan=0x20 down=False accepted=1 error=0 target_pid=9084
2026-09-18 03:55:37,657 INFO SendInput scan=0x20 down=True accepted=1 error=0 target_pid=9084
2026-09-18 03:55:37,674 INFO Tracking camera_fps=37.1 inference_fps=35.2 model_ms=15.0 age_ms=31.0 hands=2 pose=True mode=Swing
2026-09-18 03:55:40,705 INFO Tracking camera_fps=32.8 inference_fps=37.0 model_ms=32.0 age_ms=32.0 hands=2 pose=True mode=Swing
2026-09-18 03:55:40,740 INFO SendInput scan=0x2A down=False accepted=1 error=0 target_pid=9084
2026-09-18 03:55:41,572 INFO SendInput scan=0x20 down=False accepted=1 error=0 target_pid=9084
2026-09-18 03:55:41,683 INFO SendInput scan=0x39 down=True accepted=1 error=0 target_pid=9084
2026-09-18 03:55:41,796 INFO SendInput scan=0x39 down=False accepted=1 error=0 target_pid=9084
2026-09-18 03:55:41,856 INFO SendInput scan=0x2A down=True accepted=1 error=0 target_pid=9084
2026-09-18 03:55:43,735 INFO Tracking camera_fps=33.7 inference_fps=35.5 model_ms=16.0 age_ms=31.0 hands=1 pose=True mode=Eğilme
2026-09-18 03:55:43,743 INFO SendInput scan=0x2A down=False accepted=1 error=0 target_pid=9084
2026-09-18 03:55:43,747 INFO SendInput scan=0x20 down=True accepted=1 error=0 target_pid=9084
2026-09-18 03:55:44,091 INFO SendInput scan=0x39 down=True accepted=1 error=0 target_pid=9084
2026-09-18 03:55:44,201 INFO SendInput scan=0x39 down=False accepted=1 error=0 target_pid=9084
2026-09-18 03:55:44,264 INFO SendInput scan=0x2A down=True accepted=1 error=0 target_pid=9084
2026-09-18 03:55:46,120 INFO SendInput scan=0x20 down=False accepted=1 error=0 target_pid=9084
2026-09-18 03:55:46,770 INFO Tracking camera_fps=32.9 inference_fps=33.0 model_ms=16.0 age_ms=31.0 hands=2 pose=True mode=Swing
2026-09-18 03:55:47,678 INFO SendInput scan=0x20 down=True accepted=1 error=0 target_pid=9084
2026-09-18 03:55:48,681 INFO SendInput scan=0x20 down=False accepted=1 error=0 target_pid=9084
2026-09-18 03:55:49,436 INFO SendInput scan=0x2A down=False accepted=1 error=0 target_pid=9084
2026-09-18 03:55:49,782 INFO SendInput scan=0x20 down=True accepted=1 error=0 target_pid=9084
2026-09-18 03:55:49,797 INFO Tracking camera_fps=33.7 inference_fps=32.8 model_ms=15.0 age_ms=31.0 hands=2 pose=True mode=Eğilme
2026-09-18 03:55:49,880 INFO SendInput scan=0x20 down=False accepted=1 error=0 target_pid=9084
2026-09-18 03:55:50,050 INFO SendInput scan=0x39 down=True accepted=1 error=0 target_pid=9084
2026-09-18 03:55:50,159 INFO SendInput scan=0x39 down=False accepted=1 error=0 target_pid=9084
2026-09-18 03:55:50,222 INFO SendInput scan=0x2A down=True accepted=1 error=0 target_pid=9084
2026-09-18 03:55:52,810 INFO Tracking camera_fps=33.1 inference_fps=35.1 model_ms=31.0 age_ms=47.0 hands=1 pose=True mode=Swing
2026-09-18 03:55:53,035 INFO SendInput scan=0x2A down=False accepted=1 error=0 target_pid=9084
2026-09-18 03:55:53,695 INFO SendInput scan=0x20 down=True accepted=1 error=0 target_pid=9084
2026-09-18 03:55:54,401 INFO SendInput scan=0x20 down=False accepted=1 error=0 target_pid=9084
2026-09-18 03:55:55,825 INFO Tracking camera_fps=40.7 inference_fps=34.3 model_ms=32.0 age_ms=47.0 hands=1 pose=True mode=Serbest
2026-09-18 03:55:56,319 INFO SendInput scan=0x20 down=True accepted=1 error=0 target_pid=9084
2026-09-18 03:55:56,511 INFO SendInput scan=0x20 down=False accepted=1 error=0 target_pid=9084
2026-09-18 03:55:56,855 INFO SendInput scan=0x1D down=True accepted=1 error=0 target_pid=9084
2026-09-18 03:55:56,966 INFO SendInput scan=0x1D down=False accepted=1 error=0 target_pid=9084
2026-09-18 03:55:57,138 INFO SendInput scan=0x20 down=True accepted=1 error=0 target_pid=9084
2026-09-18 03:55:57,264 INFO SendInput scan=0x20 down=False accepted=1 error=0 target_pid=9084
2026-09-18 03:55:57,346 INFO SendInput scan=0x39 down=True accepted=1 error=0 target_pid=9084
2026-09-18 03:55:57,452 INFO SendInput scan=0x39 down=False accepted=1 error=0 target_pid=9084
2026-09-18 03:55:57,516 INFO SendInput scan=0x2A down=True accepted=1 error=0 target_pid=9084
2026-09-18 03:55:58,858 INFO Tracking camera_fps=32.4 inference_fps=36.7 model_ms=31.0 age_ms=31.0 hands=2 pose=True mode=Swing
2026-09-18 03:55:59,181 INFO SendInput scan=0x2A down=False accepted=1 error=0 target_pid=9084
2026-09-18 03:55:59,276 INFO SendInput scan=0x20 down=True accepted=1 error=0 target_pid=9084
2026-09-18 03:55:59,465 INFO SendInput scan=0x20 down=False accepted=1 error=0 target_pid=9084
2026-09-18 03:55:59,700 INFO SendInput scan=0x39 down=True accepted=1 error=0 target_pid=9084
2026-09-18 03:55:59,812 INFO SendInput scan=0x39 down=False accepted=1 error=0 target_pid=9084
2026-09-18 03:55:59,873 INFO SendInput scan=0x2A down=True accepted=1 error=0 target_pid=9084
2026-09-18 03:56:01,396 INFO SendInput scan=0x2A down=False accepted=1 error=0 target_pid=9084
2026-09-18 03:56:01,727 INFO SendInput scan=0x39 down=True accepted=1 error=0 target_pid=9084
2026-09-18 03:56:01,836 INFO SendInput scan=0x39 down=False accepted=1 error=0 target_pid=9084
2026-09-18 03:56:01,895 INFO Tracking camera_fps=33.0 inference_fps=32.5 model_ms=16.0 age_ms=31.0 hands=1 pose=True mode=Swing
2026-09-18 03:56:01,899 INFO SendInput scan=0x2A down=True accepted=1 error=0 target_pid=9084
2026-09-18 03:56:02,322 INFO SendInput scan=0x2A down=False accepted=1 error=0 target_pid=9084
2026-09-18 03:56:02,557 INFO SendInput scan=0x39 down=True accepted=1 error=0 target_pid=9084
2026-09-18 03:56:02,667 INFO SendInput scan=0x39 down=False accepted=1 error=0 target_pid=9084
2026-09-18 03:56:02,729 INFO SendInput scan=0x2A down=True accepted=1 error=0 target_pid=9084
2026-09-18 03:56:03,500 INFO SendInput scan=0x20 down=True accepted=1 error=0 target_pid=9084
2026-09-18 03:56:04,083 INFO SendInput scan=0x2A down=False accepted=1 error=0 target_pid=9084
2026-09-18 03:56:04,350 INFO SendInput scan=0x39 down=True accepted=1 error=0 target_pid=9084
2026-09-18 03:56:04,397 INFO SendInput scan=0x39 down=False accepted=1 error=0 target_pid=9084
2026-09-18 03:56:04,728 INFO SendInput scan=0x20 down=False accepted=1 error=0 target_pid=9084
2026-09-18 03:56:04,791 INFO SendInput scan=0x39 down=True accepted=1 error=0 target_pid=9084
2026-09-18 03:56:04,901 INFO SendInput scan=0x39 down=False accepted=1 error=0 target_pid=9084
2026-09-18 03:56:04,923 INFO Tracking camera_fps=30.6 inference_fps=35.3 model_ms=15.0 age_ms=31.0 hands=2 pose=True mode=Swing
2026-09-18 03:56:04,948 INFO SendInput scan=0x1E down=True accepted=1 error=0 target_pid=9084
2026-09-18 03:56:04,966 INFO SendInput scan=0x2A down=True accepted=1 error=0 target_pid=9084
2026-09-18 03:56:05,104 INFO SendInput scan=0x1E down=False accepted=1 error=0 target_pid=9084
2026-09-18 03:56:05,699 INFO SendInput scan=0x1E down=True accepted=1 error=0 target_pid=9084
2026-09-18 03:56:05,888 INFO SendInput scan=0x1E down=False accepted=1 error=0 target_pid=9084
2026-09-18 03:56:06,122 INFO SendInput scan=0x20 down=True accepted=1 error=0 target_pid=9084
2026-09-18 03:56:06,263 INFO SendInput scan=0x2A down=False accepted=1 error=0 target_pid=9084
2026-09-18 03:56:06,402 INFO SendInput scan=0x39 down=True accepted=1 error=0 target_pid=9084
2026-09-18 03:56:06,434 INFO SendInput scan=0x20 down=False accepted=1 error=0 target_pid=9084
2026-09-18 03:56:06,514 INFO SendInput scan=0x39 down=False accepted=1 error=0 target_pid=9084
2026-09-18 03:56:06,575 INFO SendInput scan=0x2A down=True accepted=1 error=0 target_pid=9084
2026-09-18 03:56:06,590 INFO SendInput scan=0x1E down=True accepted=1 error=0 target_pid=9084
2026-09-18 03:56:06,814 INFO SendInput scan=0x1E down=False accepted=1 error=0 target_pid=9084
2026-09-18 03:56:06,920 INFO SendInput scan=0x20 down=True accepted=1 error=0 target_pid=9084
2026-09-18 03:56:07,218 INFO SendInput scan=0x2A down=False accepted=1 error=0 target_pid=9084
2026-09-18 03:56:07,407 INFO SendInput scan=0x20 down=False accepted=1 error=0 target_pid=9084
2026-09-18 03:56:07,626 INFO SendInput scan=0x39 down=True accepted=1 error=0 target_pid=9084
2026-09-18 03:56:07,736 INFO SendInput scan=0x39 down=False accepted=1 error=0 target_pid=9084
2026-09-18 03:56:07,800 INFO SendInput scan=0x2A down=True accepted=1 error=0 target_pid=9084
2026-09-18 03:56:07,946 INFO Tracking camera_fps=35.4 inference_fps=37.2 model_ms=16.0 age_ms=31.0 hands=2 pose=True mode=Swing
2026-09-18 03:56:09,420 INFO SendInput scan=0x20 down=True accepted=1 error=0 target_pid=9084
2026-09-18 03:56:09,894 INFO SendInput scan=0x20 down=False accepted=1 error=0 target_pid=9084
2026-09-18 03:56:10,602 INFO SendInput scan=0x1E down=True accepted=1 error=0 target_pid=9084
2026-09-18 03:56:10,985 INFO Tracking camera_fps=35.0 inference_fps=35.7 model_ms=16.0 age_ms=31.0 hands=2 pose=True mode=Swing
2026-09-18 03:56:11,180 INFO SendInput scan=0x1E down=False accepted=1 error=0 target_pid=9084
2026-09-18 03:56:11,278 INFO SendInput scan=0x2A down=False accepted=1 error=0 target_pid=9084
2026-09-18 03:56:11,305 INFO SendInput scan=0x20 down=True accepted=1 error=0 target_pid=9084
2026-09-18 03:56:11,604 INFO SendInput scan=0x39 down=True accepted=1 error=0 target_pid=9084
2026-09-18 03:56:11,717 INFO SendInput scan=0x39 down=False accepted=1 error=0 target_pid=9084
2026-09-18 03:56:11,780 INFO SendInput scan=0x2A down=True accepted=1 error=0 target_pid=9084
2026-09-18 03:56:11,794 INFO SendInput scan=0x2A down=False accepted=1 error=0 target_pid=9084
2026-09-18 03:56:11,861 INFO SendInput scan=0x20 down=False accepted=1 error=0 target_pid=9084
2026-09-18 03:56:11,922 INFO SendInput scan=0x39 down=True accepted=1 error=0 target_pid=9084
2026-09-18 03:56:11,985 INFO SendInput scan=0x1E down=True accepted=1 error=0 target_pid=9084
2026-09-18 03:56:12,031 INFO SendInput scan=0x39 down=False accepted=1 error=0 target_pid=9084
2026-09-18 03:56:12,095 INFO SendInput scan=0x2A down=True accepted=1 error=0 target_pid=9084
2026-09-18 03:56:12,252 INFO SendInput scan=0x1E down=False accepted=1 error=0 target_pid=9084
2026-09-18 03:56:12,566 INFO SendInput scan=0x2A down=False accepted=1 error=0 target_pid=9084
2026-09-18 03:56:12,708 INFO SendInput scan=0x20 down=True accepted=1 error=0 target_pid=9084
2026-09-18 03:56:13,057 INFO SendInput scan=0x20 down=False accepted=1 error=0 target_pid=9084
2026-09-18 03:56:13,779 INFO SendInput scan=0x39 down=True accepted=1 error=0 target_pid=9084
2026-09-18 03:56:13,888 INFO SendInput scan=0x39 down=False accepted=1 error=0 target_pid=9084
2026-09-18 03:56:13,952 INFO SendInput scan=0x2A down=True accepted=1 error=0 target_pid=9084
2026-09-18 03:56:14,007 INFO Tracking camera_fps=33.6 inference_fps=34.0 model_ms=15.0 age_ms=31.0 hands=1 pose=True mode=Swing
2026-09-18 03:56:17,011 INFO Tracking camera_fps=32.5 inference_fps=31.8 model_ms=16.0 age_ms=47.0 hands=2 pose=True mode=Swing
2026-09-18 03:56:17,696 INFO SendInput scan=0x2A down=False accepted=1 error=0 target_pid=9084
2026-09-18 03:56:19,281 INFO SendInput scan=0x39 down=True accepted=1 error=0 target_pid=9084
2026-09-18 03:56:19,376 INFO SendInput scan=0x39 down=False accepted=1 error=0 target_pid=9084
2026-09-18 03:56:20,040 INFO Tracking camera_fps=32.6 inference_fps=33.2 model_ms=16.0 age_ms=32.0 hands=2 pose=True mode=Serbest
2026-09-18 03:56:20,067 INFO SendInput scan=0x39 down=True accepted=1 error=0 target_pid=9084
2026-09-18 03:56:20,175 INFO SendInput scan=0x39 down=False accepted=1 error=0 target_pid=9084
2026-09-18 03:56:20,239 INFO SendInput scan=0x2A down=True accepted=1 error=0 target_pid=9084
2026-09-18 03:56:20,742 INFO SendInput scan=0x1E down=True accepted=1 error=0 target_pid=9084
2026-09-18 03:56:21,356 INFO SendInput scan=0x1E down=False accepted=1 error=0 target_pid=9084
2026-09-18 03:56:23,060 INFO Tracking camera_fps=34.9 inference_fps=33.7 model_ms=31.0 age_ms=31.0 hands=1 pose=True mode=Swing
2026-09-18 03:56:23,340 INFO SendInput scan=0x2A down=False accepted=1 error=0 target_pid=9084
2026-09-18 03:56:24,381 INFO SendInput scan=0x39 down=True accepted=1 error=0 target_pid=9084
2026-09-18 03:56:24,447 INFO SendInput scan=0x1E down=True accepted=1 error=0 target_pid=9084
2026-09-18 03:56:24,491 INFO SendInput scan=0x39 down=False accepted=1 error=0 target_pid=9084
2026-09-18 03:56:24,554 INFO SendInput scan=0x2A down=True accepted=1 error=0 target_pid=9084
2026-09-18 03:56:25,010 INFO SendInput scan=0x1E down=False accepted=1 error=0 target_pid=9084
2026-09-18 03:56:25,845 INFO SendInput scan=0x1E down=True accepted=1 error=0 target_pid=9084
2026-09-18 03:56:26,076 INFO Tracking camera_fps=33.8 inference_fps=34.8 model_ms=32.0 age_ms=47.0 hands=1 pose=True mode=Swing
2026-09-18 03:56:26,334 INFO SendInput scan=0x2A down=False accepted=1 error=0 target_pid=9084
2026-09-18 03:56:26,616 INFO SendInput scan=0x1E down=False accepted=1 error=0 target_pid=9084
2026-09-18 03:56:26,865 INFO SendInput scan=0x20 down=True accepted=1 error=0 target_pid=9084
2026-09-18 03:56:27,068 INFO SendInput scan=0x39 down=True accepted=1 error=0 target_pid=9084
2026-09-18 03:56:27,178 INFO SendInput scan=0x39 down=False accepted=1 error=0 target_pid=9084
2026-09-18 03:56:27,241 INFO SendInput scan=0x2A down=True accepted=1 error=0 target_pid=9084
2026-09-18 03:56:27,760 INFO SendInput scan=0x2A down=False accepted=1 error=0 target_pid=9084
2026-09-18 03:56:28,237 INFO SendInput scan=0x20 down=False accepted=1 error=0 target_pid=9084
2026-09-18 03:56:29,068 INFO SendInput scan=0x20 down=True accepted=1 error=0 target_pid=9084
2026-09-18 03:56:29,107 INFO Tracking camera_fps=33.4 inference_fps=29.5 model_ms=31.0 age_ms=47.0 hands=2 pose=True mode=Eğilme
2026-09-18 03:56:30,060 INFO SendInput scan=0x20 down=False accepted=1 error=0 target_pid=9084
2026-09-18 03:56:32,141 INFO Tracking camera_fps=36.6 inference_fps=38.2 model_ms=16.0 age_ms=31.0 hands=2 pose=True mode=Serbest
2026-09-18 03:56:33,632 INFO SendInput scan=0x1E down=True accepted=1 error=0 target_pid=9084
2026-09-18 03:56:35,166 INFO Tracking camera_fps=32.1 inference_fps=35.5 model_ms=32.0 age_ms=47.0 hands=2 pose=True mode=Serbest
2026-09-18 03:56:35,395 INFO SendInput scan=0x39 down=True accepted=1 error=0 target_pid=9084
2026-09-18 03:56:35,427 INFO SendInput scan=0x39 down=False accepted=1 error=0 target_pid=9084
2026-09-18 03:56:37,712 INFO SendInput scan=0x1E down=False accepted=1 error=0 target_pid=9084
2026-09-18 03:56:38,187 INFO Tracking camera_fps=32.3 inference_fps=33.4 model_ms=16.0 age_ms=31.0 hands=1 pose=True mode=Serbest
2026-09-18 03:56:38,463 INFO SendInput scan=0x20 down=True accepted=1 error=0 target_pid=9084
2026-09-18 03:56:38,653 INFO SendInput scan=0x20 down=False accepted=1 error=0 target_pid=9084
2026-09-18 03:56:41,219 INFO Tracking camera_fps=32.5 inference_fps=37.7 model_ms=31.0 age_ms=31.0 hands=2 pose=True mode=Serbest
2026-09-18 03:56:41,602 INFO Mouse button=left down=True accepted=1
2026-09-18 03:56:41,705 INFO Mouse button=left down=False accepted=1
2026-09-18 03:56:42,163 INFO SendInput scan=0x1E down=True accepted=1 error=0 target_pid=9084
2026-09-18 03:56:43,326 INFO SendInput scan=0x39 down=True accepted=1 error=0 target_pid=9084
2026-09-18 03:56:43,404 INFO SendInput scan=0x39 down=False accepted=1 error=0 target_pid=9084
2026-09-18 03:56:43,420 INFO Mouse button=left down=True accepted=1
2026-09-18 03:56:43,530 INFO Mouse button=left down=False accepted=1
2026-09-18 03:56:44,148 INFO SendInput scan=0x1E down=False accepted=1 error=0 target_pid=11212
2026-09-18 03:56:44,237 INFO Tracking camera_fps=35.5 inference_fps=34.9 model_ms=16.0 age_ms=16.0 hands=0 pose=False mode=Gövde görünmüyor
2026-09-18 03:56:47,260 INFO Tracking camera_fps=35.9 inference_fps=32.0 model_ms=0.0 age_ms=31.0 hands=0 pose=True mode=Eğilme
2026-09-18 03:56:50,308 INFO Tracking camera_fps=31.2 inference_fps=33.0 model_ms=31.0 age_ms=47.0 hands=1 pose=True mode=Serbest
2026-09-18 03:56:53,338 INFO Tracking camera_fps=32.6 inference_fps=33.9 model_ms=16.0 age_ms=32.0 hands=1 pose=False mode=Gövde görünmüyor
2026-09-18 03:56:56,355 INFO Tracking camera_fps=32.7 inference_fps=28.2 model_ms=47.0 age_ms=63.0 hands=1 pose=False mode=Gövde görünmüyor
2026-09-18 03:56:59,402 INFO Tracking camera_fps=31.5 inference_fps=33.7 model_ms=32.0 age_ms=47.0 hands=1 pose=True mode=Eğilme
2026-09-18 03:57:02,425 INFO Tracking camera_fps=32.4 inference_fps=34.1 model_ms=15.0 age_ms=31.0 hands=1 pose=True mode=Eğilme
2026-09-18 03:57:05,453 INFO Tracking camera_fps=35.2 inference_fps=37.7 model_ms=16.0 age_ms=32.0 hands=1 pose=True mode=Eğilme
2026-09-18 03:57:08,478 INFO Tracking camera_fps=34.3 inference_fps=34.4 model_ms=0.0 age_ms=15.0 hands=0 pose=True mode=Serbest
2026-09-18 03:57:11,518 INFO Tracking camera_fps=31.3 inference_fps=32.0 model_ms=16.0 age_ms=31.0 hands=0 pose=True mode=Eğilme
2026-09-18 03:57:14,539 INFO Tracking camera_fps=32.7 inference_fps=34.6 model_ms=16.0 age_ms=16.0 hands=1 pose=True mode=Eğilme
2026-09-18 03:57:17,542 INFO Tracking camera_fps=36.1 inference_fps=31.7 model_ms=31.0 age_ms=47.0 hands=1 pose=True mode=Serbest
2026-09-18 03:57:20,562 INFO Tracking camera_fps=31.3 inference_fps=33.0 model_ms=16.0 age_ms=16.0 hands=1 pose=True mode=Serbest
2026-09-18 03:57:23,597 INFO Tracking camera_fps=33.0 inference_fps=34.8 model_ms=15.0 age_ms=31.0 hands=2 pose=True mode=Serbest
2026-09-18 03:57:26,620 INFO Tracking camera_fps=34.5 inference_fps=36.1 model_ms=0.0 age_ms=31.0 hands=2 pose=True mode=Serbest
2026-09-18 03:57:29,654 INFO Tracking camera_fps=34.2 inference_fps=36.1 model_ms=16.0 age_ms=32.0 hands=1 pose=True mode=Serbest
2026-09-18 03:57:32,691 INFO Tracking camera_fps=33.4 inference_fps=33.5 model_ms=16.0 age_ms=31.0 hands=0 pose=True mode=Serbest
2026-09-18 03:57:35,716 INFO Tracking camera_fps=32.5 inference_fps=35.2 model_ms=15.0 age_ms=31.0 hands=0 pose=True mode=Serbest
2026-09-18 03:57:38,755 INFO Tracking camera_fps=31.9 inference_fps=34.2 model_ms=15.0 age_ms=31.0 hands=1 pose=True mode=Serbest
2026-09-18 03:57:41,779 INFO Tracking camera_fps=32.4 inference_fps=32.7 model_ms=16.0 age_ms=32.0 hands=1 pose=True mode=Serbest
2026-09-18 03:57:44,800 INFO Tracking camera_fps=33.5 inference_fps=37.1 model_ms=15.0 age_ms=15.0 hands=2 pose=True mode=Serbest
2026-09-18 03:57:47,809 INFO Tracking camera_fps=34.5 inference_fps=31.3 model_ms=31.0 age_ms=47.0 hands=1 pose=True mode=Serbest
2026-09-18 03:57:50,839 INFO Tracking camera_fps=36.2 inference_fps=32.6 model_ms=15.0 age_ms=31.0 hands=2 pose=True mode=Swing
2026-09-18 03:57:53,876 INFO Tracking camera_fps=32.6 inference_fps=34.1 model_ms=15.0 age_ms=31.0 hands=1 pose=True mode=Serbest
2026-09-18 03:57:56,891 INFO Tracking camera_fps=30.8 inference_fps=34.6 model_ms=16.0 age_ms=16.0 hands=2 pose=True mode=Swing
2026-09-18 03:57:59,926 INFO Tracking camera_fps=32.2 inference_fps=31.3 model_ms=15.0 age_ms=31.0 hands=2 pose=True mode=Swing
2026-09-18 03:58:02,951 INFO Tracking camera_fps=33.0 inference_fps=32.2 model_ms=16.0 age_ms=32.0 hands=2 pose=True mode=Swing
2026-09-18 03:58:05,966 INFO Tracking camera_fps=34.5 inference_fps=35.4 model_ms=15.0 age_ms=31.0 hands=2 pose=True mode=Nişan
2026-09-18 03:58:09,025 INFO Tracking camera_fps=32.7 inference_fps=35.8 model_ms=16.0 age_ms=31.0 hands=1 pose=True mode=Serbest
2026-09-18 03:58:12,049 INFO Tracking camera_fps=31.0 inference_fps=33.1 model_ms=15.0 age_ms=31.0 hands=2 pose=True mode=Serbest
2026-09-18 03:58:15,073 INFO Tracking camera_fps=32.2 inference_fps=31.6 model_ms=16.0 age_ms=32.0 hands=1 pose=True mode=Serbest
2026-09-18 03:58:18,102 INFO Tracking camera_fps=31.5 inference_fps=32.9 model_ms=15.0 age_ms=15.0 hands=2 pose=True mode=Serbest
2026-09-18 03:58:21,142 INFO Tracking camera_fps=31.5 inference_fps=33.8 model_ms=16.0 age_ms=31.0 hands=1 pose=True mode=Serbest
2026-09-18 03:58:24,164 INFO Tracking camera_fps=33.0 inference_fps=35.9 model_ms=16.0 age_ms=16.0 hands=1 pose=True mode=Serbest
2026-09-18 03:58:26,940 INFO SendInput scan=0x1E down=True accepted=1 error=0 target_pid=9084
2026-09-18 03:58:27,175 INFO Tracking camera_fps=31.7 inference_fps=36.0 model_ms=31.0 age_ms=31.0 hands=1 pose=True mode=Serbest
2026-09-18 03:58:27,959 INFO SendInput scan=0x1E down=False accepted=1 error=0 target_pid=9084
2026-09-18 03:58:30,187 INFO Tracking camera_fps=32.8 inference_fps=33.8 model_ms=31.0 age_ms=47.0 hands=2 pose=True mode=Serbest
2026-09-18 03:58:30,473 INFO SendInput scan=0x20 down=True accepted=1 error=0 target_pid=9084
2026-09-18 03:58:31,532 INFO SendInput scan=0x20 down=False accepted=1 error=0 target_pid=9084
2026-09-18 03:58:33,227 INFO Tracking camera_fps=54.6 inference_fps=32.9 model_ms=15.0 age_ms=31.0 hands=2 pose=True mode=Serbest
2026-09-18 03:58:35,036 INFO SendInput scan=0x39 down=True accepted=1 error=0 target_pid=9084
2026-09-18 03:58:35,144 INFO SendInput scan=0x39 down=False accepted=1 error=0 target_pid=9084
2026-09-18 03:58:35,207 INFO SendInput scan=0x2A down=True accepted=1 error=0 target_pid=9084
2026-09-18 03:58:36,257 INFO Tracking camera_fps=30.8 inference_fps=32.8 model_ms=15.0 age_ms=15.0 hands=2 pose=True mode=Swing
2026-09-18 03:58:37,335 INFO SendInput scan=0x2A down=False accepted=1 error=0 target_pid=9084
2026-09-18 03:58:37,741 INFO SendInput scan=0x39 down=True accepted=1 error=0 target_pid=9084
2026-09-18 03:58:37,851 INFO SendInput scan=0x39 down=False accepted=1 error=0 target_pid=9084
2026-09-18 03:58:37,913 INFO SendInput scan=0x2A down=True accepted=1 error=0 target_pid=9084
2026-09-18 03:58:39,260 INFO Tracking camera_fps=30.9 inference_fps=34.5 model_ms=15.0 age_ms=31.0 hands=2 pose=True mode=Swing
2026-09-18 03:58:40,437 INFO SendInput scan=0x2A down=False accepted=1 error=0 target_pid=9084
2026-09-18 03:58:40,736 INFO SendInput scan=0x20 down=True accepted=1 error=0 target_pid=9084
2026-09-18 03:58:41,133 INFO SendInput scan=0x39 down=True accepted=1 error=0 target_pid=9084
2026-09-18 03:58:41,243 INFO SendInput scan=0x39 down=False accepted=1 error=0 target_pid=9084
2026-09-18 03:58:41,305 INFO SendInput scan=0x2A down=True accepted=1 error=0 target_pid=9084
2026-09-18 03:58:42,058 INFO SendInput scan=0x20 down=False accepted=1 error=0 target_pid=9084
2026-09-18 03:58:42,290 INFO Tracking camera_fps=31.8 inference_fps=32.1 model_ms=16.0 age_ms=32.0 hands=2 pose=True mode=Swing
2026-09-18 03:58:43,588 INFO SendInput scan=0x2A down=False accepted=1 error=0 target_pid=9084
2026-09-18 03:58:44,047 INFO SendInput scan=0x39 down=True accepted=1 error=0 target_pid=9084
2026-09-18 03:58:44,156 INFO SendInput scan=0x39 down=False accepted=1 error=0 target_pid=9084
2026-09-18 03:58:44,220 INFO SendInput scan=0x2A down=True accepted=1 error=0 target_pid=9084
2026-09-18 03:58:44,376 INFO SendInput scan=0x2A down=False accepted=1 error=0 target_pid=9084
2026-09-18 03:58:44,504 INFO SendInput scan=0x39 down=True accepted=1 error=0 target_pid=9084
2026-09-18 03:58:44,615 INFO SendInput scan=0x39 down=False accepted=1 error=0 target_pid=9084
2026-09-18 03:58:44,677 INFO SendInput scan=0x2A down=True accepted=1 error=0 target_pid=9084
2026-09-18 03:58:45,200 INFO SendInput scan=0x1E down=True accepted=1 error=0 target_pid=9084
2026-09-18 03:58:45,331 INFO Tracking camera_fps=34.3 inference_fps=33.3 model_ms=16.0 age_ms=32.0 hands=1 pose=True mode=Swing
2026-09-18 03:58:45,464 INFO SendInput scan=0x1E down=False accepted=1 error=0 target_pid=9084
2026-09-18 03:58:47,762 INFO SendInput scan=0x2A down=False accepted=1 error=0 target_pid=9084
2026-09-18 03:58:48,328 INFO SendInput scan=0x39 down=True accepted=1 error=0 target_pid=9084
2026-09-18 03:58:48,353 INFO Tracking camera_fps=33.2 inference_fps=32.5 model_ms=15.0 age_ms=31.0 hands=2 pose=True mode=Swing
2026-09-18 03:58:48,436 INFO SendInput scan=0x39 down=False accepted=1 error=0 target_pid=9084
2026-09-18 03:58:48,500 INFO SendInput scan=0x2A down=True accepted=1 error=0 target_pid=9084
2026-09-18 03:58:49,116 INFO SendInput scan=0x20 down=True accepted=1 error=0 target_pid=9084
2026-09-18 03:58:49,303 INFO SendInput scan=0x2A down=False accepted=1 error=0 target_pid=9084
2026-09-18 03:58:49,664 INFO SendInput scan=0x20 down=False accepted=1 error=0 target_pid=9084
2026-09-18 03:58:49,824 INFO SendInput scan=0x39 down=True accepted=1 error=0 target_pid=9084
2026-09-18 03:58:49,949 INFO SendInput scan=0x39 down=False accepted=1 error=0 target_pid=9084
2026-09-18 03:58:49,963 INFO SendInput scan=0x1E down=True accepted=1 error=0 target_pid=9084
2026-09-18 03:58:50,009 INFO SendInput scan=0x2A down=True accepted=1 error=0 target_pid=9084
2026-09-18 03:58:50,480 INFO SendInput scan=0x1E down=False accepted=1 error=0 target_pid=9084
2026-09-18 03:58:51,017 INFO SendInput scan=0x1E down=True accepted=1 error=0 target_pid=9084
2026-09-18 03:58:51,330 INFO SendInput scan=0x2A down=False accepted=1 error=0 target_pid=9084
2026-09-18 03:58:51,380 INFO Tracking camera_fps=32.9 inference_fps=34.5 model_ms=15.0 age_ms=31.0 hands=2 pose=True mode=Eğilme
2026-09-18 03:58:51,393 INFO SendInput scan=0x1E down=False accepted=1 error=0 target_pid=9084
2026-09-18 03:58:51,519 INFO SendInput scan=0x39 down=True accepted=1 error=0 target_pid=9084
2026-09-18 03:58:51,631 INFO SendInput scan=0x39 down=False accepted=1 error=0 target_pid=9084
2026-09-18 03:58:51,695 INFO SendInput scan=0x2A down=True accepted=1 error=0 target_pid=9084
2026-09-18 03:58:52,833 INFO SendInput scan=0x2A down=False accepted=1 error=0 target_pid=9084
2026-09-18 03:58:54,408 INFO Tracking camera_fps=31.2 inference_fps=36.5 model_ms=16.0 age_ms=32.0 hands=2 pose=True mode=Serbest
2026-09-18 03:58:56,213 INFO SendInput scan=0x39 down=True accepted=1 error=0 target_pid=9084
2026-09-18 03:58:56,322 INFO SendInput scan=0x39 down=False accepted=1 error=0 target_pid=9084
2026-09-18 03:58:56,416 INFO SendInput scan=0x20 down=True accepted=1 error=0 target_pid=9084
2026-09-18 03:58:56,639 INFO SendInput scan=0x20 down=False accepted=1 error=0 target_pid=9084
2026-09-18 03:58:57,417 INFO Tracking camera_fps=32.7 inference_fps=31.7 model_ms=31.0 age_ms=62.0 hands=1 pose=True mode=Serbest
2026-09-18 03:58:57,915 INFO SendInput scan=0x39 down=True accepted=1 error=0 target_pid=9084
2026-09-18 03:58:58,024 INFO SendInput scan=0x39 down=False accepted=1 error=0 target_pid=9084
2026-09-18 03:58:58,087 INFO SendInput scan=0x2A down=True accepted=1 error=0 target_pid=9084
2026-09-18 03:58:58,541 INFO SendInput scan=0x2A down=False accepted=1 error=0 target_pid=9084
2026-09-18 03:58:58,746 INFO SendInput scan=0x39 down=True accepted=1 error=0 target_pid=9084
2026-09-18 03:58:58,855 INFO SendInput scan=0x39 down=False accepted=1 error=0 target_pid=9084
2026-09-18 03:58:58,919 INFO SendInput scan=0x2A down=True accepted=1 error=0 target_pid=9084
2026-09-18 03:59:00,455 INFO Tracking camera_fps=32.8 inference_fps=29.4 model_ms=32.0 age_ms=63.0 hands=1 pose=True mode=Swing
2026-09-18 03:59:01,976 INFO SendInput scan=0x2A down=False accepted=1 error=0 target_pid=9084
2026-09-18 03:59:02,714 INFO SendInput scan=0x39 down=True accepted=1 error=0 target_pid=9084
2026-09-18 03:59:02,730 INFO SendInput scan=0x39 down=False accepted=1 error=0 target_pid=9084
2026-09-18 03:59:02,886 INFO SendInput scan=0x39 down=True accepted=1 error=0 target_pid=9084
2026-09-18 03:59:02,996 INFO SendInput scan=0x39 down=False accepted=1 error=0 target_pid=9084
2026-09-18 03:59:03,169 INFO SendInput scan=0x39 down=True accepted=1 error=0 target_pid=9084
2026-09-18 03:59:03,279 INFO SendInput scan=0x39 down=False accepted=1 error=0 target_pid=9084
2026-09-18 03:59:03,342 INFO SendInput scan=0x2A down=True accepted=1 error=0 target_pid=9084
2026-09-18 03:59:03,496 INFO Tracking camera_fps=38.7 inference_fps=28.5 model_ms=31.0 age_ms=62.0 hands=1 pose=True mode=Swing
2026-09-18 03:59:05,874 INFO SendInput scan=0x2A down=False accepted=1 error=0 target_pid=9084
2026-09-18 03:59:06,157 INFO SendInput scan=0x39 down=True accepted=1 error=0 target_pid=9084
2026-09-18 03:59:06,266 INFO SendInput scan=0x39 down=False accepted=1 error=0 target_pid=9084
2026-09-18 03:59:06,330 INFO SendInput scan=0x2A down=True accepted=1 error=0 target_pid=9084
2026-09-18 03:59:06,524 INFO Tracking camera_fps=34.0 inference_fps=36.7 model_ms=16.0 age_ms=16.0 hands=1 pose=True mode=Swing
2026-09-18 03:59:08,141 INFO SendInput scan=0x2A down=False accepted=1 error=0 target_pid=9084
2026-09-18 03:59:08,440 INFO SendInput scan=0x39 down=True accepted=1 error=0 target_pid=9084
2026-09-18 03:59:08,552 INFO SendInput scan=0x39 down=False accepted=1 error=0 target_pid=9084
2026-09-18 03:59:08,612 INFO SendInput scan=0x2A down=True accepted=1 error=0 target_pid=9084
2026-09-18 03:59:08,738 INFO SendInput scan=0x2A down=False accepted=1 error=0 target_pid=9084
2026-09-18 03:59:09,022 INFO SendInput scan=0x39 down=True accepted=1 error=0 target_pid=9084
2026-09-18 03:59:09,130 INFO SendInput scan=0x39 down=False accepted=1 error=0 target_pid=9084
2026-09-18 03:59:09,194 INFO SendInput scan=0x2A down=True accepted=1 error=0 target_pid=9084
2026-09-18 03:59:09,542 INFO Tracking camera_fps=34.1 inference_fps=30.4 model_ms=32.0 age_ms=32.0 hands=1 pose=True mode=Swing
2026-09-18 03:59:09,838 INFO SendInput scan=0x2A down=False accepted=1 error=0 target_pid=9084
2026-09-18 03:59:10,182 INFO SendInput scan=0x39 down=True accepted=1 error=0 target_pid=9084
2026-09-18 03:59:10,293 INFO SendInput scan=0x39 down=False accepted=1 error=0 target_pid=9084
2026-09-18 03:59:10,356 INFO SendInput scan=0x2A down=True accepted=1 error=0 target_pid=9084
2026-09-18 03:59:11,002 INFO SendInput scan=0x2A down=False accepted=1 error=0 target_pid=9084
2026-09-18 03:59:11,868 INFO SendInput scan=0x39 down=True accepted=1 error=0 target_pid=9084
2026-09-18 03:59:11,976 INFO SendInput scan=0x39 down=False accepted=1 error=0 target_pid=9084
2026-09-18 03:59:12,039 INFO SendInput scan=0x2A down=True accepted=1 error=0 target_pid=9084
2026-09-18 03:59:12,543 INFO Tracking camera_fps=31.8 inference_fps=29.5 model_ms=31.0 age_ms=47.0 hands=1 pose=True mode=Swing
2026-09-18 03:59:15,242 INFO SendInput scan=0x20 down=True accepted=1 error=0 target_pid=9084
2026-09-18 03:59:15,593 INFO Tracking camera_fps=32.3 inference_fps=35.0 model_ms=15.0 age_ms=47.0 hands=2 pose=True mode=Swing
2026-09-18 03:59:15,790 INFO SendInput scan=0x2A down=False accepted=1 error=0 target_pid=9084
2026-09-18 03:59:16,138 INFO SendInput scan=0x20 down=False accepted=1 error=0 target_pid=9084
2026-09-18 03:59:16,328 INFO SendInput scan=0x39 down=True accepted=1 error=0 target_pid=9084
2026-09-18 03:59:16,438 INFO SendInput scan=0x39 down=False accepted=1 error=0 target_pid=9084
2026-09-18 03:59:16,503 INFO SendInput scan=0x2A down=True accepted=1 error=0 target_pid=9084
2026-09-18 03:59:18,606 INFO Tracking camera_fps=30.9 inference_fps=29.5 model_ms=31.0 age_ms=63.0 hands=1 pose=True mode=Swing
2026-09-18 03:59:19,790 INFO SendInput scan=0x2A down=False accepted=1 error=0 target_pid=9084
2026-09-18 03:59:20,122 INFO SendInput scan=0x39 down=True accepted=1 error=0 target_pid=9084
2026-09-18 03:59:20,231 INFO SendInput scan=0x39 down=False accepted=1 error=0 target_pid=9084
2026-09-18 03:59:20,294 INFO SendInput scan=0x2A down=True accepted=1 error=0 target_pid=9084
2026-09-18 03:59:20,652 INFO SendInput scan=0x2A down=False accepted=1 error=0 target_pid=9084
2026-09-18 03:59:20,747 INFO SendInput scan=0x20 down=True accepted=1 error=0 target_pid=9084
2026-09-18 03:59:21,031 INFO SendInput scan=0x39 down=True accepted=1 error=0 target_pid=9084
2026-09-18 03:59:21,141 INFO SendInput scan=0x39 down=False accepted=1 error=0 target_pid=9084
2026-09-18 03:59:21,205 INFO SendInput scan=0x2A down=True accepted=1 error=0 target_pid=9084
2026-09-18 03:59:21,206 INFO SendInput scan=0x20 down=False accepted=1 error=0 target_pid=9084
2026-09-18 03:59:21,640 INFO Tracking camera_fps=32.4 inference_fps=37.1 model_ms=16.0 age_ms=31.0 hands=1 pose=True mode=Swing
2026-09-18 03:59:21,772 INFO SendInput scan=0x2A down=False accepted=1 error=0 target_pid=9084
2026-09-18 03:59:24,674 INFO Tracking camera_fps=32.4 inference_fps=37.3 model_ms=15.0 age_ms=31.0 hands=1 pose=True mode=Serbest
2026-09-18 03:59:27,722 INFO Tracking camera_fps=34.7 inference_fps=36.0 model_ms=15.0 age_ms=31.0 hands=2 pose=True mode=Serbest
2026-09-18 03:59:28,664 INFO SendInput scan=0x20 down=True accepted=1 error=0 target_pid=9084
2026-09-18 03:59:28,713 INFO SendInput scan=0x39 down=True accepted=1 error=0 target_pid=9084
2026-09-18 03:59:28,807 INFO SendInput scan=0x39 down=False accepted=1 error=0 target_pid=9084
2026-09-18 03:59:28,874 INFO SendInput scan=0x2A down=True accepted=1 error=0 target_pid=9084
2026-09-18 03:59:30,484 INFO SendInput scan=0x2A down=False accepted=1 error=0 target_pid=9084
2026-09-18 03:59:30,743 INFO Tracking camera_fps=33.5 inference_fps=33.8 model_ms=16.0 age_ms=16.0 hands=2 pose=True mode=Eğilme
2026-09-18 03:59:30,878 INFO SendInput scan=0x20 down=False accepted=1 error=0 target_pid=9084
2026-09-18 03:59:31,114 INFO SendInput scan=0x39 down=True accepted=1 error=0 target_pid=9084
2026-09-18 03:59:31,223 INFO SendInput scan=0x39 down=False accepted=1 error=0 target_pid=9084
2026-09-18 03:59:31,291 INFO SendInput scan=0x2A down=True accepted=1 error=0 target_pid=9084
2026-09-18 03:59:32,780 INFO SendInput scan=0x2A down=False accepted=1 error=0 target_pid=9084
2026-09-18 03:59:32,955 INFO SendInput scan=0x20 down=True accepted=1 error=0 target_pid=9084
2026-09-18 03:59:33,079 INFO SendInput scan=0x20 down=False accepted=1 error=0 target_pid=9084
2026-09-18 03:59:33,351 INFO SendInput scan=0x39 down=True accepted=1 error=0 target_pid=9084
2026-09-18 03:59:33,380 INFO SendInput scan=0x20 down=True accepted=1 error=0 target_pid=9084
2026-09-18 03:59:33,458 INFO SendInput scan=0x39 down=False accepted=1 error=0 target_pid=9084
2026-09-18 03:59:33,521 INFO SendInput scan=0x2A down=True accepted=1 error=0 target_pid=9084
2026-09-18 03:59:33,747 INFO Tracking camera_fps=32.4 inference_fps=36.0 model_ms=31.0 age_ms=46.0 hands=2 pose=True mode=Swing
2026-09-18 03:59:35,842 INFO SendInput scan=0x20 down=False accepted=1 error=0 target_pid=9084
2026-09-18 03:59:36,438 INFO SendInput scan=0x1E down=True accepted=1 error=0 target_pid=9084
2026-09-18 03:59:36,779 INFO Tracking camera_fps=33.3 inference_fps=32.3 model_ms=32.0 age_ms=47.0 hands=2 pose=True mode=Swing
2026-09-18 03:59:36,819 INFO SendInput scan=0x1E down=False accepted=1 error=0 target_pid=9084
2026-09-18 03:59:38,534 INFO SendInput scan=0x2A down=False accepted=1 error=0 target_pid=9084
2026-09-18 03:59:39,845 INFO Tracking camera_fps=32.7 inference_fps=36.6 model_ms=31.0 age_ms=47.0 hands=1 pose=True mode=Serbest
2026-09-18 03:59:40,538 INFO SendInput scan=0x39 down=True accepted=1 error=0 target_pid=9084
2026-09-18 03:59:40,651 INFO SendInput scan=0x39 down=False accepted=1 error=0 target_pid=9084
2026-09-18 03:59:40,697 INFO SendInput scan=0x2A down=True accepted=1 error=0 target_pid=9084
2026-09-18 03:59:40,809 INFO SendInput scan=0x2A down=False accepted=1 error=0 target_pid=9084
2026-09-18 03:59:40,936 INFO SendInput scan=0x1E down=True accepted=1 error=0 target_pid=9084
2026-09-18 03:59:41,045 INFO SendInput scan=0x39 down=True accepted=1 error=0 target_pid=9084
2026-09-18 03:59:41,154 INFO SendInput scan=0x39 down=False accepted=1 error=0 target_pid=9084
2026-09-18 03:59:41,217 INFO SendInput scan=0x2A down=True accepted=1 error=0 target_pid=9084
2026-09-18 03:59:41,265 INFO SendInput scan=0x2A down=False accepted=1 error=0 target_pid=9084
2026-09-18 03:59:41,312 INFO SendInput scan=0x1E down=False accepted=1 error=0 target_pid=9084
2026-09-18 03:59:42,271 INFO SendInput scan=0x39 down=True accepted=1 error=0 target_pid=9084
2026-09-18 03:59:42,381 INFO SendInput scan=0x39 down=False accepted=1 error=0 target_pid=9084
2026-09-18 03:59:42,445 INFO SendInput scan=0x2A down=True accepted=1 error=0 target_pid=9084
2026-09-18 03:59:42,859 INFO Tracking camera_fps=32.8 inference_fps=30.7 model_ms=31.0 age_ms=63.0 hands=1 pose=True mode=Swing
2026-09-18 03:59:44,170 INFO SendInput scan=0x2A down=False accepted=1 error=0 target_pid=9084
2026-09-18 03:59:44,564 INFO SendInput scan=0x39 down=True accepted=1 error=0 target_pid=9084
2026-09-18 03:59:44,675 INFO SendInput scan=0x39 down=False accepted=1 error=0 target_pid=9084
2026-09-18 03:59:44,737 INFO SendInput scan=0x2A down=True accepted=1 error=0 target_pid=9084
2026-09-18 03:59:45,194 INFO SendInput scan=0x20 down=True accepted=1 error=0 target_pid=9084
2026-09-18 03:59:45,857 INFO SendInput scan=0x20 down=False accepted=1 error=0 target_pid=9084
2026-09-18 03:59:45,895 INFO Tracking camera_fps=31.4 inference_fps=37.2 model_ms=16.0 age_ms=31.0 hands=2 pose=True mode=Swing
2026-09-18 03:59:46,770 INFO SendInput scan=0x20 down=True accepted=1 error=0 target_pid=9084
2026-09-18 03:59:46,786 INFO SendInput scan=0x2A down=False accepted=1 error=0 target_pid=9084
2026-09-18 03:59:47,704 INFO SendInput scan=0x20 down=False accepted=1 error=0 target_pid=9084
2026-09-18 03:59:47,940 INFO SendInput scan=0x39 down=True accepted=1 error=0 target_pid=9084
2026-09-18 03:59:48,053 INFO SendInput scan=0x39 down=False accepted=1 error=0 target_pid=9084
2026-09-18 03:59:48,115 INFO SendInput scan=0x2A down=True accepted=1 error=0 target_pid=9084
2026-09-18 03:59:48,809 INFO SendInput scan=0x20 down=True accepted=1 error=0 target_pid=9084
2026-09-18 03:59:48,925 INFO Tracking camera_fps=34.4 inference_fps=34.6 model_ms=15.0 age_ms=31.0 hands=2 pose=True mode=Swing
2026-09-18 03:59:49,329 INFO SendInput scan=0x20 down=False accepted=1 error=0 target_pid=9084
2026-09-18 03:59:49,963 INFO SendInput scan=0x20 down=True accepted=1 error=0 target_pid=9084
2026-09-18 03:59:50,324 INFO SendInput scan=0x20 down=False accepted=1 error=0 target_pid=9084
2026-09-18 03:59:51,364 INFO SendInput scan=0x2A down=False accepted=1 error=0 target_pid=9084
2026-09-18 03:59:51,823 INFO SendInput scan=0x39 down=True accepted=1 error=0 target_pid=9084
2026-09-18 03:59:51,934 INFO SendInput scan=0x39 down=False accepted=1 error=0 target_pid=9084
2026-09-18 03:59:51,946 INFO Tracking camera_fps=36.6 inference_fps=37.4 model_ms=16.0 age_ms=16.0 hands=2 pose=True mode=Swing
2026-09-18 03:59:51,996 INFO SendInput scan=0x2A down=True accepted=1 error=0 target_pid=9084
2026-09-18 03:59:52,374 INFO SendInput scan=0x20 down=True accepted=1 error=0 target_pid=9084
2026-09-18 03:59:52,830 INFO SendInput scan=0x20 down=False accepted=1 error=0 target_pid=9084
2026-09-18 03:59:53,886 INFO SendInput scan=0x2A down=False accepted=1 error=0 target_pid=9084
2026-09-18 03:59:54,948 INFO Tracking camera_fps=33.5 inference_fps=32.3 model_ms=32.0 age_ms=47.0 hands=1 pose=True mode=Serbest
2026-09-18 03:59:57,979 INFO Tracking camera_fps=31.6 inference_fps=32.5 model_ms=15.0 age_ms=31.0 hands=2 pose=True mode=Serbest
2026-09-18 04:00:01,009 INFO Tracking camera_fps=32.2 inference_fps=34.0 model_ms=15.0 age_ms=31.0 hands=2 pose=True mode=Serbest
2026-09-18 04:00:02,115 INFO SendInput scan=0x39 down=True accepted=1 error=0 target_pid=9084
2026-09-18 04:00:02,226 INFO SendInput scan=0x39 down=False accepted=1 error=0 target_pid=9084
2026-09-18 04:00:02,289 INFO SendInput scan=0x2A down=True accepted=1 error=0 target_pid=9084
2026-09-18 04:00:02,734 INFO SendInput scan=0x1E down=True accepted=1 error=0 target_pid=9084
2026-09-18 04:00:03,318 INFO SendInput scan=0x1E down=False accepted=1 error=0 target_pid=9084
2026-09-18 04:00:04,046 INFO Tracking camera_fps=31.5 inference_fps=33.3 model_ms=15.0 age_ms=31.0 hands=2 pose=True mode=Swing
2026-09-18 04:00:04,420 INFO SendInput scan=0x2A down=False accepted=1 error=0 target_pid=9084
2026-09-18 04:00:04,721 INFO SendInput scan=0x39 down=True accepted=1 error=0 target_pid=9084
2026-09-18 04:00:04,829 INFO SendInput scan=0x39 down=False accepted=1 error=0 target_pid=9084
2026-09-18 04:00:04,892 INFO SendInput scan=0x2A down=True accepted=1 error=0 target_pid=9084
2026-09-18 04:00:06,452 INFO SendInput scan=0x2A down=False accepted=1 error=0 target_pid=9084
2026-09-18 04:00:06,673 INFO SendInput scan=0x39 down=True accepted=1 error=0 target_pid=9084
2026-09-18 04:00:06,784 INFO SendInput scan=0x39 down=False accepted=1 error=0 target_pid=9084
2026-09-18 04:00:06,846 INFO SendInput scan=0x2A down=True accepted=1 error=0 target_pid=9084
2026-09-18 04:00:07,073 INFO Tracking camera_fps=34.3 inference_fps=35.9 model_ms=32.0 age_ms=47.0 hands=2 pose=True mode=Swing
2026-09-18 04:00:07,574 INFO SendInput scan=0x2A down=False accepted=1 error=0 target_pid=9084
2026-09-18 04:00:07,701 INFO SendInput scan=0x39 down=True accepted=1 error=0 target_pid=9084
2026-09-18 04:00:07,810 INFO SendInput scan=0x39 down=False accepted=1 error=0 target_pid=9084
2026-09-18 04:00:07,873 INFO SendInput scan=0x2A down=True accepted=1 error=0 target_pid=9084
2026-09-18 04:00:10,100 INFO Tracking camera_fps=31.7 inference_fps=28.8 model_ms=15.0 age_ms=62.0 hands=1 pose=True mode=Swing
2026-09-18 04:00:11,930 INFO SendInput scan=0x2A down=False accepted=1 error=0 target_pid=9084
2026-09-18 04:00:12,651 INFO SendInput scan=0x39 down=True accepted=1 error=0 target_pid=9084
2026-09-18 04:00:12,760 INFO SendInput scan=0x39 down=False accepted=1 error=0 target_pid=9084
2026-09-18 04:00:12,826 INFO SendInput scan=0x2A down=True accepted=1 error=0 target_pid=9084
2026-09-18 04:00:13,130 INFO Tracking camera_fps=31.0 inference_fps=30.0 model_ms=31.0 age_ms=31.0 hands=1 pose=True mode=Swing
2026-09-18 04:00:15,407 INFO SendInput scan=0x2A down=False accepted=1 error=0 target_pid=9084
2026-09-18 04:00:16,174 INFO Tracking camera_fps=34.4 inference_fps=30.9 model_ms=31.0 age_ms=78.0 hands=1 pose=True mode=Serbest
2026-09-18 04:00:16,310 INFO SendInput scan=0x39 down=True accepted=1 error=0 target_pid=9084
2026-09-18 04:00:16,422 INFO SendInput scan=0x39 down=False accepted=1 error=0 target_pid=9084
2026-09-18 04:00:16,482 INFO SendInput scan=0x2A down=True accepted=1 error=0 target_pid=9084
2026-09-18 04:00:19,211 INFO Tracking camera_fps=33.3 inference_fps=31.6 model_ms=16.0 age_ms=47.0 hands=1 pose=True mode=Swing
2026-09-18 04:00:19,390 INFO SendInput scan=0x2A down=False accepted=1 error=0 target_pid=9084
2026-09-18 04:00:20,392 INFO SendInput scan=0x39 down=True accepted=1 error=0 target_pid=9084
2026-09-18 04:00:20,506 INFO SendInput scan=0x39 down=False accepted=1 error=0 target_pid=9084
2026-09-18 04:00:20,566 INFO SendInput scan=0x2A down=True accepted=1 error=0 target_pid=9084
2026-09-18 04:00:22,230 INFO Tracking camera_fps=33.1 inference_fps=31.8 model_ms=31.0 age_ms=47.0 hands=1 pose=True mode=Swing
2026-09-18 04:00:24,082 INFO SendInput scan=0x2A down=False accepted=1 error=0 target_pid=9084
2026-09-18 04:00:24,332 INFO SendInput scan=0x39 down=True accepted=1 error=0 target_pid=9084
2026-09-18 04:00:24,442 INFO SendInput scan=0x39 down=False accepted=1 error=0 target_pid=9084
2026-09-18 04:00:24,506 INFO SendInput scan=0x2A down=True accepted=1 error=0 target_pid=9084
2026-09-18 04:00:25,272 INFO Tracking camera_fps=36.6 inference_fps=32.1 model_ms=31.0 age_ms=47.0 hands=1 pose=True mode=Serbest
2026-09-18 04:00:25,273 INFO SendInput scan=0x2A down=False accepted=1 error=0 target_pid=9084
2026-09-18 04:00:26,222 INFO SendInput scan=0x39 down=True accepted=1 error=0 target_pid=9084
2026-09-18 04:00:26,301 INFO SendInput scan=0x39 down=False accepted=1 error=0 target_pid=9084
2026-09-18 04:00:26,473 INFO SendInput scan=0x39 down=True accepted=1 error=0 target_pid=9084
2026-09-18 04:00:26,584 INFO SendInput scan=0x39 down=False accepted=1 error=0 target_pid=9084
2026-09-18 04:00:26,647 INFO SendInput scan=0x2A down=True accepted=1 error=0 target_pid=9084
2026-09-18 04:00:28,293 INFO Tracking camera_fps=31.1 inference_fps=31.2 model_ms=31.0 age_ms=47.0 hands=1 pose=True mode=Swing
2026-09-18 04:00:28,583 INFO SendInput scan=0x2A down=False accepted=1 error=0 target_pid=9084
2026-09-18 04:00:29,876 INFO SendInput scan=0x39 down=True accepted=1 error=0 target_pid=9084
2026-09-18 04:00:29,909 INFO SendInput scan=0x39 down=False accepted=1 error=0 target_pid=9084
2026-09-18 04:00:30,126 INFO SendInput scan=0x39 down=True accepted=1 error=0 target_pid=9084
2026-09-18 04:00:30,158 INFO SendInput scan=0x39 down=False accepted=1 error=0 target_pid=9084
2026-09-18 04:00:30,917 INFO SendInput scan=0x39 down=True accepted=1 error=0 target_pid=9084
2026-09-18 04:00:31,026 INFO SendInput scan=0x39 down=False accepted=1 error=0 target_pid=9084
2026-09-18 04:00:31,027 INFO SendInput scan=0x1E down=True accepted=1 error=0 target_pid=9084
2026-09-18 04:00:31,090 INFO SendInput scan=0x2A down=True accepted=1 error=0 target_pid=9084
2026-09-18 04:00:31,309 INFO Tracking camera_fps=32.4 inference_fps=33.5 model_ms=31.0 age_ms=31.0 hands=1 pose=True mode=Swing
2026-09-18 04:00:32,043 INFO SendInput scan=0x1E down=False accepted=1 error=0 target_pid=9084
2026-09-18 04:00:33,148 INFO SendInput scan=0x20 down=True accepted=1 error=0 target_pid=9084
2026-09-18 04:00:34,336 INFO Tracking camera_fps=33.9 inference_fps=37.2 model_ms=16.0 age_ms=32.0 hands=2 pose=True mode=Swing
2026-09-18 04:00:34,706 INFO SendInput scan=0x2A down=False accepted=1 error=0 target_pid=9084
2026-09-18 04:00:35,068 INFO SendInput scan=0x20 down=False accepted=1 error=0 target_pid=9084
2026-09-18 04:00:35,211 INFO SendInput scan=0x1E down=True accepted=1 error=0 target_pid=9084
2026-09-18 04:00:35,606 INFO SendInput scan=0x1E down=False accepted=1 error=0 target_pid=9084
2026-09-18 04:00:35,780 INFO SendInput scan=0x20 down=True accepted=1 error=0 target_pid=9084
2026-09-18 04:00:36,398 INFO SendInput scan=0x20 down=False accepted=1 error=0 target_pid=9084
2026-09-18 04:00:36,446 INFO SendInput scan=0x1D down=True accepted=1 error=0 target_pid=9084
2026-09-18 04:00:36,541 INFO SendInput scan=0x1D down=False accepted=1 error=0 target_pid=9084
2026-09-18 04:00:37,349 INFO Tracking camera_fps=31.9 inference_fps=33.5 model_ms=31.0 age_ms=31.0 hands=2 pose=True mode=Serbest
2026-09-18 04:00:40,364 INFO Tracking camera_fps=33.9 inference_fps=37.2 model_ms=16.0 age_ms=31.0 hands=2 pose=True mode=Serbest
2026-09-18 04:00:40,432 INFO SendInput scan=0x39 down=True accepted=1 error=0 target_pid=9084
2026-09-18 04:00:40,546 INFO SendInput scan=0x39 down=False accepted=1 error=0 target_pid=9084
2026-09-18 04:00:40,606 INFO SendInput scan=0x2A down=True accepted=1 error=0 target_pid=9084
2026-09-18 04:00:42,086 INFO SendInput scan=0x2A down=False accepted=1 error=0 target_pid=9084
2026-09-18 04:00:42,432 INFO SendInput scan=0x39 down=True accepted=1 error=0 target_pid=9084
2026-09-18 04:00:42,544 INFO SendInput scan=0x39 down=False accepted=1 error=0 target_pid=9084
2026-09-18 04:00:42,592 INFO SendInput scan=0x20 down=True accepted=1 error=0 target_pid=9084
2026-09-18 04:00:42,607 INFO SendInput scan=0x2A down=True accepted=1 error=0 target_pid=9084
2026-09-18 04:00:43,046 INFO SendInput scan=0x2A down=False accepted=1 error=0 target_pid=9084
2026-09-18 04:00:43,141 INFO SendInput scan=0x20 down=False accepted=1 error=0 target_pid=9084
2026-09-18 04:00:43,217 INFO SendInput scan=0x39 down=True accepted=1 error=0 target_pid=9084
2026-09-18 04:00:43,328 INFO SendInput scan=0x39 down=False accepted=1 error=0 target_pid=9084
2026-09-18 04:00:43,390 INFO SendInput scan=0x2A down=True accepted=1 error=0 target_pid=9084
2026-09-18 04:00:43,396 INFO Tracking camera_fps=30.7 inference_fps=33.8 model_ms=16.0 age_ms=16.0 hands=2 pose=True mode=Swing
2026-09-18 04:00:43,454 INFO SendInput scan=0x2A down=False accepted=1 error=0 target_pid=9084
2026-09-18 04:00:43,740 INFO SendInput scan=0x20 down=True accepted=1 error=0 target_pid=9084
2026-09-18 04:00:44,526 INFO SendInput scan=0x20 down=False accepted=1 error=0 target_pid=9084
2026-09-18 04:00:46,431 INFO Tracking camera_fps=31.8 inference_fps=36.6 model_ms=15.0 age_ms=31.0 hands=2 pose=True mode=Eğilme
2026-09-18 04:00:46,940 INFO SendInput scan=0x1D down=True accepted=1 error=0 target_pid=9084
2026-09-18 04:00:47,051 INFO SendInput scan=0x1D down=False accepted=1 error=0 target_pid=9084
2026-09-18 04:00:49,462 INFO Tracking camera_fps=32.9 inference_fps=33.1 model_ms=16.0 age_ms=32.0 hands=2 pose=True mode=Serbest
2026-09-18 04:00:50,069 INFO SendInput scan=0x39 down=True accepted=1 error=0 target_pid=9084
2026-09-18 04:00:50,179 INFO SendInput scan=0x39 down=False accepted=1 error=0 target_pid=9084
2026-09-18 04:00:50,242 INFO SendInput scan=0x2A down=True accepted=1 error=0 target_pid=9084
2026-09-18 04:00:52,278 INFO SendInput scan=0x20 down=True accepted=1 error=0 target_pid=9084
2026-09-18 04:00:52,493 INFO Tracking camera_fps=34.4 inference_fps=35.0 model_ms=16.0 age_ms=31.0 hands=2 pose=True mode=Swing
2026-09-18 04:00:52,639 INFO SendInput scan=0x2A down=False accepted=1 error=0 target_pid=9084
2026-09-18 04:00:52,794 INFO SendInput scan=0x20 down=False accepted=1 error=0 target_pid=9084
2026-09-18 04:00:53,236 INFO SendInput scan=0x39 down=True accepted=1 error=0 target_pid=9084
2026-09-18 04:00:53,345 INFO SendInput scan=0x39 down=False accepted=1 error=0 target_pid=9084
2026-09-18 04:00:53,394 INFO SendInput scan=0x1E down=True accepted=1 error=0 target_pid=9084
2026-09-18 04:00:53,410 INFO SendInput scan=0x2A down=True accepted=1 error=0 target_pid=9084
2026-09-18 04:00:53,899 INFO SendInput scan=0x1E down=False accepted=1 error=0 target_pid=9084
2026-09-18 04:00:54,658 INFO SendInput scan=0x20 down=True accepted=1 error=0 target_pid=9084
2026-09-18 04:00:55,516 INFO Tracking camera_fps=34.9 inference_fps=35.1 model_ms=16.0 age_ms=31.0 hands=2 pose=True mode=Swing
2026-09-18 04:00:55,941 INFO SendInput scan=0x2A down=False accepted=1 error=0 target_pid=9084
2026-09-18 04:00:56,207 INFO SendInput scan=0x20 down=False accepted=1 error=0 target_pid=9084
2026-09-18 04:00:56,254 INFO SendInput scan=0x39 down=True accepted=1 error=0 target_pid=9084
2026-09-18 04:00:56,364 INFO SendInput scan=0x39 down=False accepted=1 error=0 target_pid=9084
2026-09-18 04:00:56,428 INFO SendInput scan=0x2A down=True accepted=1 error=0 target_pid=9084
2026-09-18 04:00:57,612 INFO SendInput scan=0x1E down=True accepted=1 error=0 target_pid=9084
2026-09-18 04:00:58,533 INFO Tracking camera_fps=33.6 inference_fps=34.4 model_ms=16.0 age_ms=32.0 hands=2 pose=True mode=Swing
2026-09-18 04:00:58,605 INFO SendInput scan=0x2A down=False accepted=1 error=0 target_pid=9084
2026-09-18 04:00:58,731 INFO SendInput scan=0x1E down=False accepted=1 error=0 target_pid=9084
2026-09-18 04:00:59,167 INFO SendInput scan=0x39 down=True accepted=1 error=0 target_pid=9084
2026-09-18 04:00:59,278 INFO SendInput scan=0x39 down=False accepted=1 error=0 target_pid=9084
2026-09-18 04:00:59,343 INFO SendInput scan=0x2A down=True accepted=1 error=0 target_pid=9084
2026-09-18 04:01:01,593 INFO Tracking camera_fps=31.2 inference_fps=35.7 model_ms=31.0 age_ms=47.0 hands=2 pose=True mode=Swing
2026-09-18 04:01:01,661 INFO SendInput scan=0x2A down=False accepted=1 error=0 target_pid=9084
2026-09-18 04:01:02,256 INFO SendInput scan=0x39 down=True accepted=1 error=0 target_pid=9084
2026-09-18 04:01:02,364 INFO SendInput scan=0x39 down=False accepted=1 error=0 target_pid=9084
2026-09-18 04:01:02,428 INFO SendInput scan=0x2A down=True accepted=1 error=0 target_pid=9084
2026-09-18 04:01:04,613 INFO Tracking camera_fps=31.1 inference_fps=35.2 model_ms=16.0 age_ms=31.0 hands=2 pose=True mode=Swing
2026-09-18 04:01:04,748 INFO SendInput scan=0x2A down=False accepted=1 error=0 target_pid=9084
2026-09-18 04:01:05,126 INFO SendInput scan=0x39 down=True accepted=1 error=0 target_pid=9084
2026-09-18 04:01:05,126 INFO SendInput scan=0x20 down=True accepted=1 error=0 target_pid=9084
2026-09-18 04:01:05,159 INFO SendInput scan=0x39 down=False accepted=1 error=0 target_pid=9084
2026-09-18 04:01:05,596 INFO SendInput scan=0x39 down=True accepted=1 error=0 target_pid=9084
2026-09-18 04:01:05,709 INFO SendInput scan=0x39 down=False accepted=1 error=0 target_pid=9084
2026-09-18 04:01:05,771 INFO SendInput scan=0x2A down=True accepted=1 error=0 target_pid=9084
2026-09-18 04:01:06,197 INFO SendInput scan=0x20 down=False accepted=1 error=0 target_pid=9084
2026-09-18 04:01:06,468 INFO SendInput scan=0x1E down=True accepted=1 error=0 target_pid=9084
2026-09-18 04:01:06,922 INFO SendInput scan=0x1E down=False accepted=1 error=0 target_pid=9084
2026-09-18 04:01:07,641 INFO Tracking camera_fps=32.5 inference_fps=36.0 model_ms=16.0 age_ms=31.0 hands=1 pose=True mode=Eğilme
2026-09-18 04:01:07,647 INFO SendInput scan=0x2A down=False accepted=1 error=0 target_pid=9084
2026-09-18 04:01:08,326 INFO SendInput scan=0x20 down=True accepted=1 error=0 target_pid=9084
2026-09-18 04:01:08,481 INFO SendInput scan=0x39 down=True accepted=1 error=0 target_pid=9084
2026-09-18 04:01:08,483 INFO SendInput scan=0x1D down=True accepted=1 error=0 target_pid=9084
2026-09-18 04:01:08,593 INFO SendInput scan=0x39 down=False accepted=1 error=0 target_pid=9084
2026-09-18 04:01:08,593 INFO SendInput scan=0x1D down=False accepted=1 error=0 target_pid=9084
2026-09-18 04:01:08,658 INFO SendInput scan=0x2A down=True accepted=1 error=0 target_pid=9084
2026-09-18 04:01:10,661 INFO Tracking camera_fps=36.7 inference_fps=33.0 model_ms=32.0 age_ms=47.0 hands=1 pose=True mode=Swing
2026-09-18 04:01:13,489 INFO SendInput scan=0x20 down=False accepted=1 error=0 target_pid=9084
2026-09-18 04:01:13,670 INFO Tracking camera_fps=34.0 inference_fps=37.2 model_ms=31.0 age_ms=31.0 hands=2 pose=True mode=Swing
2026-09-18 04:01:14,611 INFO SendInput scan=0x1E down=True accepted=1 error=0 target_pid=9084
2026-09-18 04:01:14,769 INFO SendInput scan=0x2A down=False accepted=1 error=0 target_pid=9084
2026-09-18 04:01:15,367 INFO SendInput scan=0x39 down=True accepted=1 error=0 target_pid=9084
2026-09-18 04:01:15,477 INFO SendInput scan=0x39 down=False accepted=1 error=0 target_pid=9084
2026-09-18 04:01:15,542 INFO SendInput scan=0x2A down=True accepted=1 error=0 target_pid=9084
2026-09-18 04:01:16,141 INFO SendInput scan=0x2A down=False accepted=1 error=0 target_pid=9084
2026-09-18 04:01:16,283 INFO SendInput scan=0x1E down=False accepted=1 error=0 target_pid=9084
2026-09-18 04:01:16,682 INFO Tracking camera_fps=31.2 inference_fps=32.9 model_ms=15.0 age_ms=63.0 hands=1 pose=True mode=Serbest
2026-09-18 04:01:17,082 INFO SendInput scan=0x1E down=True accepted=1 error=0 target_pid=9084
2026-09-18 04:01:17,145 INFO SendInput scan=0x39 down=True accepted=1 error=0 target_pid=9084
2026-09-18 04:01:17,259 INFO SendInput scan=0x39 down=False accepted=1 error=0 target_pid=9084
2026-09-18 04:01:17,321 INFO SendInput scan=0x2A down=True accepted=1 error=0 target_pid=9084
2026-09-18 04:01:17,415 INFO SendInput scan=0x1E down=False accepted=1 error=0 target_pid=9084
2026-09-18 04:01:19,365 INFO SendInput scan=0x2A down=False accepted=1 error=0 target_pid=9084
2026-09-18 04:01:19,713 INFO Tracking camera_fps=36.5 inference_fps=33.7 model_ms=32.0 age_ms=32.0 hands=1 pose=True mode=Serbest
2026-09-18 04:01:20,322 INFO SendInput scan=0x20 down=True accepted=1 error=0 target_pid=9084
2026-09-18 04:01:20,337 INFO SendInput scan=0x39 down=True accepted=1 error=0 target_pid=9084
2026-09-18 04:01:20,447 INFO SendInput scan=0x39 down=False accepted=1 error=0 target_pid=9084
2026-09-18 04:01:20,510 INFO SendInput scan=0x2A down=True accepted=1 error=0 target_pid=9084
2026-09-18 04:01:21,976 INFO SendInput scan=0x20 down=False accepted=1 error=0 target_pid=9084
2026-09-18 04:01:22,721 INFO Tracking camera_fps=32.4 inference_fps=33.1 model_ms=15.0 age_ms=31.0 hands=2 pose=True mode=Swing
2026-09-18 04:01:24,432 INFO SendInput scan=0x2A down=False accepted=1 error=0 target_pid=9084
2026-09-18 04:01:24,681 INFO SendInput scan=0x20 down=True accepted=1 error=0 target_pid=9084
2026-09-18 04:01:24,872 INFO SendInput scan=0x20 down=False accepted=1 error=0 target_pid=9084
2026-09-18 04:01:25,740 INFO Tracking camera_fps=35.1 inference_fps=33.8 model_ms=16.0 age_ms=47.0 hands=2 pose=True mode=Serbest
2026-09-18 04:01:25,775 INFO SendInput scan=0x39 down=True accepted=1 error=0 target_pid=9084
2026-09-18 04:01:25,882 INFO SendInput scan=0x39 down=False accepted=1 error=0 target_pid=9084
2026-09-18 04:01:25,945 INFO SendInput scan=0x2A down=True accepted=1 error=0 target_pid=9084
2026-09-18 04:01:28,752 INFO Tracking camera_fps=32.3 inference_fps=32.8 model_ms=15.0 age_ms=31.0 hands=1 pose=True mode=Swing
2026-09-18 04:01:28,845 INFO SendInput scan=0x2A down=False accepted=1 error=0 target_pid=9084
2026-09-18 04:01:29,051 INFO SendInput scan=0x39 down=True accepted=1 error=0 target_pid=9084
2026-09-18 04:01:29,160 INFO SendInput scan=0x39 down=False accepted=1 error=0 target_pid=9084
2026-09-18 04:01:29,225 INFO SendInput scan=0x2A down=True accepted=1 error=0 target_pid=9084
2026-09-18 04:01:31,789 INFO Tracking camera_fps=32.4 inference_fps=31.2 model_ms=32.0 age_ms=32.0 hands=1 pose=True mode=Swing
2026-09-18 04:01:32,941 INFO SendInput scan=0x2A down=False accepted=1 error=0 target_pid=9084
2026-09-18 04:01:33,320 INFO SendInput scan=0x39 down=True accepted=1 error=0 target_pid=9084
2026-09-18 04:01:33,429 INFO SendInput scan=0x39 down=False accepted=1 error=0 target_pid=9084
2026-09-18 04:01:33,492 INFO SendInput scan=0x2A down=True accepted=1 error=0 target_pid=9084
2026-09-18 04:01:34,808 INFO Tracking camera_fps=33.3 inference_fps=32.6 model_ms=31.0 age_ms=31.0 hands=2 pose=True mode=Swing
2026-09-18 04:01:36,252 INFO SendInput scan=0x2A down=False accepted=1 error=0 target_pid=9084
2026-09-18 04:01:36,395 INFO SendInput scan=0x1E down=True accepted=1 error=0 target_pid=9084
2026-09-18 04:01:36,613 INFO SendInput scan=0x1E down=False accepted=1 error=0 target_pid=9084
2026-09-18 04:01:36,818 INFO SendInput scan=0x1E down=True accepted=1 error=0 target_pid=9084
2026-09-18 04:01:36,991 INFO SendInput scan=0x39 down=True accepted=1 error=0 target_pid=9084
2026-09-18 04:01:37,086 INFO SendInput scan=0x1E down=False accepted=1 error=0 target_pid=9084
2026-09-18 04:01:37,100 INFO SendInput scan=0x39 down=False accepted=1 error=0 target_pid=9084
2026-09-18 04:01:37,163 INFO SendInput scan=0x2A down=True accepted=1 error=0 target_pid=9084
2026-09-18 04:01:37,861 INFO Tracking camera_fps=31.5 inference_fps=30.9 model_ms=16.0 age_ms=47.0 hands=1 pose=True mode=Swing
2026-09-18 04:01:38,514 INFO SendInput scan=0x20 down=True accepted=1 error=0 target_pid=9084
2026-09-18 04:01:39,194 INFO SendInput scan=0x2A down=False accepted=1 error=0 target_pid=9084
2026-09-18 04:01:39,351 INFO SendInput scan=0x20 down=False accepted=1 error=0 target_pid=9084
2026-09-18 04:01:39,493 INFO SendInput scan=0x39 down=True accepted=1 error=0 target_pid=9084
2026-09-18 04:01:39,603 INFO SendInput scan=0x39 down=False accepted=1 error=0 target_pid=9084
2026-09-18 04:01:39,651 INFO SendInput scan=0x2A down=True accepted=1 error=0 target_pid=9084
2026-09-18 04:01:39,936 INFO SendInput scan=0x1E down=True accepted=1 error=0 target_pid=9084
2026-09-18 04:01:40,883 INFO Tracking camera_fps=31.5 inference_fps=38.1 model_ms=15.0 age_ms=31.0 hands=2 pose=True mode=Swing
2026-09-18 04:01:41,950 INFO SendInput scan=0x1E down=False accepted=1 error=0 target_pid=9084
2026-09-18 04:01:42,062 INFO SendInput scan=0x2A down=False accepted=1 error=0 target_pid=9084
2026-09-18 04:01:42,265 INFO SendInput scan=0x20 down=True accepted=1 error=0 target_pid=9084
2026-09-18 04:01:42,659 INFO SendInput scan=0x39 down=True accepted=1 error=0 target_pid=9084
2026-09-18 04:01:42,769 INFO SendInput scan=0x39 down=False accepted=1 error=0 target_pid=9084
2026-09-18 04:01:42,832 INFO SendInput scan=0x2A down=True accepted=1 error=0 target_pid=9084
2026-09-18 04:01:43,525 INFO SendInput scan=0x2A down=False accepted=1 error=0 target_pid=9084
2026-09-18 04:01:43,681 INFO SendInput scan=0x20 down=False accepted=1 error=0 target_pid=9084
2026-09-18 04:01:43,867 INFO SendInput scan=0x1E down=True accepted=1 error=0 target_pid=9084
2026-09-18 04:01:43,912 INFO Tracking camera_fps=33.1 inference_fps=34.2 model_ms=16.0 age_ms=32.0 hands=1 pose=True mode=Eğilme
2026-09-18 04:01:43,979 INFO SendInput scan=0x39 down=True accepted=1 error=0 target_pid=9084
2026-09-18 04:01:44,089 INFO SendInput scan=0x39 down=False accepted=1 error=0 target_pid=9084
2026-09-18 04:01:44,166 INFO SendInput scan=0x2A down=True accepted=1 error=0 target_pid=9084
2026-09-18 04:01:45,458 INFO SendInput scan=0x1E down=False accepted=1 error=0 target_pid=9084
2026-09-18 04:01:45,994 INFO SendInput scan=0x20 down=True accepted=1 error=0 target_pid=9084
2026-09-18 04:01:46,117 INFO SendInput scan=0x2A down=False accepted=1 error=0 target_pid=9084
2026-09-18 04:01:46,528 INFO SendInput scan=0x39 down=True accepted=1 error=0 target_pid=9084
2026-09-18 04:01:46,635 INFO SendInput scan=0x39 down=False accepted=1 error=0 target_pid=9084
2026-09-18 04:01:46,683 INFO SendInput scan=0x2A down=True accepted=1 error=0 target_pid=9084
2026-09-18 04:01:46,939 INFO Tracking camera_fps=35.7 inference_fps=31.4 model_ms=31.0 age_ms=31.0 hands=1 pose=True mode=Swing
2026-09-18 04:01:49,106 INFO SendInput scan=0x2A down=False accepted=1 error=0 target_pid=9084
2026-09-18 04:01:49,482 INFO SendInput scan=0x39 down=True accepted=1 error=0 target_pid=9084
2026-09-18 04:01:49,592 INFO SendInput scan=0x39 down=False accepted=1 error=0 target_pid=9084
2026-09-18 04:01:49,656 INFO SendInput scan=0x2A down=True accepted=1 error=0 target_pid=9084
2026-09-18 04:01:49,960 INFO Tracking camera_fps=32.1 inference_fps=38.4 model_ms=16.0 age_ms=32.0 hands=2 pose=True mode=Swing
2026-09-18 04:01:50,067 INFO SendInput scan=0x20 down=False accepted=1 error=0 target_pid=9084
2026-09-18 04:01:50,981 INFO SendInput scan=0x20 down=True accepted=1 error=0 target_pid=9084
2026-09-18 04:01:52,905 INFO SendInput scan=0x20 down=False accepted=1 error=0 target_pid=9084
2026-09-18 04:01:52,976 INFO Tracking camera_fps=32.3 inference_fps=35.6 model_ms=31.0 age_ms=31.0 hands=2 pose=True mode=Swing
2026-09-18 04:01:53,142 INFO SendInput scan=0x1E down=True accepted=1 error=0 target_pid=9084
2026-09-18 04:01:54,265 INFO SendInput scan=0x2A down=False accepted=1 error=0 target_pid=9084
2026-09-18 04:01:54,473 INFO SendInput scan=0x1E down=False accepted=1 error=0 target_pid=9084
2026-09-18 04:01:55,508 INFO SendInput scan=0x39 down=True accepted=1 error=0 target_pid=9084
2026-09-18 04:01:55,615 INFO SendInput scan=0x39 down=False accepted=1 error=0 target_pid=9084
2026-09-18 04:01:55,680 INFO SendInput scan=0x2A down=True accepted=1 error=0 target_pid=9084
2026-09-18 04:01:55,988 INFO Tracking camera_fps=32.1 inference_fps=32.6 model_ms=16.0 age_ms=16.0 hands=2 pose=True mode=Swing
2026-09-18 04:01:56,734 INFO SendInput scan=0x20 down=True accepted=1 error=0 target_pid=9084
2026-09-18 04:01:57,571 INFO SendInput scan=0x20 down=False accepted=1 error=0 target_pid=9084
2026-09-18 04:01:57,744 INFO SendInput scan=0x2A down=False accepted=1 error=0 target_pid=9084
2026-09-18 04:01:58,607 INFO SendInput scan=0x39 down=True accepted=1 error=0 target_pid=9084
2026-09-18 04:01:58,655 INFO SendInput scan=0x20 down=True accepted=1 error=0 target_pid=9084
2026-09-18 04:01:58,718 INFO SendInput scan=0x39 down=False accepted=1 error=0 target_pid=9084
2026-09-18 04:01:58,781 INFO SendInput scan=0x2A down=True accepted=1 error=0 target_pid=9084
2026-09-18 04:01:59,030 INFO Tracking camera_fps=35.3 inference_fps=31.9 model_ms=32.0 age_ms=32.0 hands=2 pose=True mode=Swing
2026-09-18 04:01:59,636 INFO SendInput scan=0x20 down=False accepted=1 error=0 target_pid=9084
2026-09-18 04:02:02,062 INFO Tracking camera_fps=32.7 inference_fps=31.6 model_ms=31.0 age_ms=31.0 hands=1 pose=True mode=Swing
2026-09-18 04:02:02,762 INFO SendInput scan=0x2A down=False accepted=1 error=0 target_pid=9084
2026-09-18 04:02:02,889 INFO SendInput scan=0x39 down=True accepted=1 error=0 target_pid=9084
2026-09-18 04:02:02,999 INFO SendInput scan=0x39 down=False accepted=1 error=0 target_pid=9084
2026-09-18 04:02:05,080 INFO Tracking camera_fps=32.3 inference_fps=33.8 model_ms=16.0 age_ms=32.0 hands=2 pose=True mode=Eğilme
2026-09-18 04:02:06,832 INFO SendInput scan=0x1E down=True accepted=1 error=0 target_pid=9084
2026-09-18 04:02:07,463 INFO SendInput scan=0x1E down=False accepted=1 error=0 target_pid=9084
2026-09-18 04:02:08,118 INFO Tracking camera_fps=31.1 inference_fps=33.5 model_ms=16.0 age_ms=31.0 hands=2 pose=True mode=Serbest
2026-09-18 04:02:09,201 INFO Mouse button=right down=True accepted=1
2026-09-18 04:02:10,713 INFO SendInput scan=0x12 down=True accepted=1 error=0 target_pid=9084
2026-09-18 04:02:10,822 INFO SendInput scan=0x12 down=False accepted=1 error=0 target_pid=9084
2026-09-18 04:02:11,146 INFO Tracking camera_fps=31.1 inference_fps=33.3 model_ms=16.0 age_ms=31.0 hands=2 pose=True mode=Nişan
2026-09-18 04:02:11,153 INFO SendInput scan=0x12 down=True accepted=1 error=0 target_pid=9084
2026-09-18 04:02:11,263 INFO SendInput scan=0x12 down=False accepted=1 error=0 target_pid=9084
2026-09-18 04:02:11,658 INFO SendInput scan=0x12 down=True accepted=1 error=0 target_pid=9084
2026-09-18 04:02:11,771 INFO SendInput scan=0x12 down=False accepted=1 error=0 target_pid=9084
2026-09-18 04:02:12,177 INFO SendInput scan=0x12 down=True accepted=1 error=0 target_pid=9084
2026-09-18 04:02:12,286 INFO SendInput scan=0x12 down=False accepted=1 error=0 target_pid=9084
2026-09-18 04:02:12,491 INFO Mouse button=right down=False accepted=1
2026-09-18 04:02:13,231 INFO SendInput scan=0x39 down=True accepted=1 error=0 target_pid=9084
2026-09-18 04:02:13,262 INFO SendInput scan=0x39 down=False accepted=1 error=0 target_pid=9084
2026-09-18 04:02:13,514 INFO SendInput scan=0x39 down=True accepted=1 error=0 target_pid=9084
2026-09-18 04:02:13,561 INFO SendInput scan=0x39 down=False accepted=1 error=0 target_pid=9084
2026-09-18 04:02:14,168 INFO Tracking camera_fps=33.9 inference_fps=31.5 model_ms=47.0 age_ms=62.0 hands=0 pose=True mode=Eğilme
2026-09-18 04:02:15,311 INFO SendInput scan=0x39 down=True accepted=1 error=0 target_pid=9084
2026-09-18 04:02:15,311 INFO SendInput scan=0x1E down=True accepted=1 error=0 target_pid=9084
2026-09-18 04:02:15,356 INFO SendInput scan=0x39 down=False accepted=1 error=0 target_pid=9084
2026-09-18 04:02:15,590 INFO SendInput scan=0x39 down=True accepted=1 error=0 target_pid=9084
2026-09-18 04:02:15,621 INFO SendInput scan=0x39 down=False accepted=1 error=0 target_pid=9084
2026-09-18 04:02:15,748 INFO SendInput scan=0x39 down=True accepted=1 error=0 target_pid=9084
2026-09-18 04:02:15,860 INFO SendInput scan=0x39 down=False accepted=1 error=0 target_pid=9084
2026-09-18 04:02:15,923 INFO SendInput scan=0x2A down=True accepted=1 error=0 target_pid=9084
2026-09-18 04:02:17,026 INFO SendInput scan=0x1E down=False accepted=1 error=0 target_pid=9084
2026-09-18 04:02:17,202 INFO Tracking camera_fps=33.6 inference_fps=36.9 model_ms=16.0 age_ms=32.0 hands=2 pose=True mode=Swing
2026-09-18 04:02:18,340 INFO SendInput scan=0x2A down=False accepted=1 error=0 target_pid=9084
2026-09-18 04:02:18,718 INFO SendInput scan=0x39 down=True accepted=1 error=0 target_pid=9084
2026-09-18 04:02:18,750 INFO SendInput scan=0x39 down=False accepted=1 error=0 target_pid=9084
2026-09-18 04:02:18,781 INFO SendInput scan=0x1E down=True accepted=1 error=0 target_pid=9084
2026-09-18 04:02:19,268 INFO SendInput scan=0x1E down=False accepted=1 error=0 target_pid=9084
2026-09-18 04:02:20,217 INFO Tracking camera_fps=34.5 inference_fps=30.5 model_ms=31.0 age_ms=47.0 hands=2 pose=True mode=Serbest
2026-09-18 04:02:20,544 INFO SendInput scan=0x39 down=True accepted=1 error=0 target_pid=9084
2026-09-18 04:02:20,657 INFO SendInput scan=0x39 down=False accepted=1 error=0 target_pid=9084
2026-09-18 04:02:20,719 INFO SendInput scan=0x2A down=True accepted=1 error=0 target_pid=9084
2026-09-18 04:02:22,078 INFO SendInput scan=0x2A down=False accepted=1 error=0 target_pid=9084
2026-09-18 04:02:22,409 INFO SendInput scan=0x39 down=True accepted=1 error=0 target_pid=9084
2026-09-18 04:02:22,516 INFO SendInput scan=0x39 down=False accepted=1 error=0 target_pid=9084
2026-09-18 04:02:22,581 INFO SendInput scan=0x2A down=True accepted=1 error=0 target_pid=9084
2026-09-18 04:02:23,235 INFO Tracking camera_fps=32.1 inference_fps=33.2 model_ms=16.0 age_ms=31.0 hands=2 pose=True mode=Swing
2026-09-18 04:02:23,936 INFO SendInput scan=0x2A down=False accepted=1 error=0 target_pid=9084
2026-09-18 04:02:24,532 INFO Mouse button=left down=True accepted=1
2026-09-18 04:02:24,643 INFO Mouse button=left down=False accepted=1
2026-09-18 04:02:26,256 INFO Tracking camera_fps=32.6 inference_fps=34.1 model_ms=15.0 age_ms=15.0 hands=2 pose=True mode=Serbest
2026-09-18 04:02:27,242 INFO SendInput scan=0x1E down=True accepted=1 error=0 target_pid=9084
2026-09-18 04:02:27,576 INFO SendInput scan=0x39 down=True accepted=1 error=0 target_pid=9084
2026-09-18 04:02:27,667 INFO SendInput scan=0x1E down=False accepted=1 error=0 target_pid=9084
2026-09-18 04:02:27,683 INFO SendInput scan=0x39 down=False accepted=1 error=0 target_pid=9084
2026-09-18 04:02:27,746 INFO SendInput scan=0x2A down=True accepted=1 error=0 target_pid=9084
2026-09-18 04:02:27,873 INFO SendInput scan=0x20 down=True accepted=1 error=0 target_pid=9084
2026-09-18 04:02:28,942 INFO SendInput scan=0x2A down=False accepted=1 error=0 target_pid=9084
2026-09-18 04:02:29,148 INFO SendInput scan=0x20 down=False accepted=1 error=0 target_pid=9084
2026-09-18 04:02:29,264 INFO Tracking camera_fps=34.4 inference_fps=29.4 model_ms=47.0 age_ms=62.0 hands=1 pose=True mode=Eğilme
2026-09-18 04:02:29,337 INFO SendInput scan=0x1E down=True accepted=1 error=0 target_pid=9084
2026-09-18 04:02:30,296 INFO SendInput scan=0x1E down=False accepted=1 error=0 target_pid=9084
2026-09-18 04:02:30,944 INFO SendInput scan=0x1E down=True accepted=1 error=0 target_pid=9084
2026-09-18 04:02:31,523 INFO SendInput scan=0x1E down=False accepted=1 error=0 target_pid=9084
2026-09-18 04:02:32,101 INFO SendInput scan=0x1E down=True accepted=1 error=0 target_pid=9084
2026-09-18 04:02:32,302 INFO Tracking camera_fps=33.1 inference_fps=32.2 model_ms=15.0 age_ms=31.0 hands=2 pose=True mode=Serbest
2026-09-18 04:02:32,735 INFO SendInput scan=0x1E down=False accepted=1 error=0 target_pid=9084
2026-09-18 04:02:35,342 INFO Tracking camera_fps=35.8 inference_fps=31.0 model_ms=16.0 age_ms=47.0 hands=2 pose=True mode=Serbest
2026-09-18 04:02:37,546 INFO SendInput scan=0x20 down=True accepted=1 error=0 target_pid=9084
2026-09-18 04:02:37,706 INFO SendInput scan=0x39 down=True accepted=1 error=0 target_pid=9084
2026-09-18 04:02:37,816 INFO SendInput scan=0x39 down=False accepted=1 error=0 target_pid=9084
2026-09-18 04:02:37,940 INFO SendInput scan=0x39 down=True accepted=1 error=0 target_pid=9084
2026-09-18 04:02:37,972 INFO SendInput scan=0x39 down=False accepted=1 error=0 target_pid=9084
2026-09-18 04:02:38,365 INFO Tracking camera_fps=31.3 inference_fps=31.0 model_ms=16.0 age_ms=47.0 hands=1 pose=True mode=Serbest
2026-09-18 04:02:38,523 INFO SendInput scan=0x39 down=True accepted=1 error=0 target_pid=9084
2026-09-18 04:02:38,633 INFO SendInput scan=0x39 down=False accepted=1 error=0 target_pid=9084
2026-09-18 04:02:38,697 INFO SendInput scan=0x2A down=True accepted=1 error=0 target_pid=9084
2026-09-18 04:02:38,758 INFO SendInput scan=0x2A down=False accepted=1 error=0 target_pid=9084
2026-09-18 04:02:39,027 INFO SendInput scan=0x20 down=False accepted=1 error=0 target_pid=9084
2026-09-18 04:02:39,105 INFO SendInput scan=0x1E down=True accepted=1 error=0 target_pid=9084
2026-09-18 04:02:39,169 INFO SendInput scan=0x39 down=True accepted=1 error=0 target_pid=9084
2026-09-18 04:02:39,281 INFO SendInput scan=0x39 down=False accepted=1 error=0 target_pid=9084
2026-09-18 04:02:39,419 INFO SendInput scan=0x39 down=True accepted=1 error=0 target_pid=9084
2026-09-18 04:02:39,497 INFO SendInput scan=0x39 down=False accepted=1 error=0 target_pid=9084
2026-09-18 04:02:39,625 INFO SendInput scan=0x39 down=True accepted=1 error=0 target_pid=9084
2026-09-18 04:02:39,733 INFO SendInput scan=0x39 down=False accepted=1 error=0 target_pid=9084
2026-09-18 04:02:39,795 INFO SendInput scan=0x2A down=True accepted=1 error=0 target_pid=9084
2026-09-18 04:02:40,364 INFO SendInput scan=0x2A down=False accepted=1 error=0 target_pid=9084
2026-09-18 04:02:40,522 INFO SendInput scan=0x39 down=True accepted=1 error=0 target_pid=9084
2026-09-18 04:02:40,633 INFO SendInput scan=0x39 down=False accepted=1 error=0 target_pid=9084
2026-09-18 04:02:40,697 INFO SendInput scan=0x2A down=True accepted=1 error=0 target_pid=9084
2026-09-18 04:02:40,886 INFO SendInput scan=0x2A down=False accepted=1 error=0 target_pid=9084
2026-09-18 04:02:40,996 INFO SendInput scan=0x1E down=False accepted=1 error=0 target_pid=9084
2026-09-18 04:02:41,093 INFO SendInput scan=0x39 down=True accepted=1 error=0 target_pid=9084
2026-09-18 04:02:41,201 INFO SendInput scan=0x39 down=False accepted=1 error=0 target_pid=9084
2026-09-18 04:02:41,202 INFO SendInput scan=0x20 down=True accepted=1 error=0 target_pid=9084
2026-09-18 04:02:41,264 INFO SendInput scan=0x2A down=True accepted=1 error=0 target_pid=9084
2026-09-18 04:02:41,384 INFO Tracking camera_fps=31.8 inference_fps=33.3 model_ms=15.0 age_ms=31.0 hands=2 pose=True mode=Swing
2026-09-18 04:02:42,429 INFO SendInput scan=0x2A down=False accepted=1 error=0 target_pid=9084
2026-09-18 04:02:42,617 INFO SendInput scan=0x20 down=False accepted=1 error=0 target_pid=9084
2026-09-18 04:02:42,697 INFO SendInput scan=0x39 down=True accepted=1 error=0 target_pid=9084
2026-09-18 04:02:42,727 INFO SendInput scan=0x1E down=True accepted=1 error=0 target_pid=9084
2026-09-18 04:02:42,793 INFO SendInput scan=0x39 down=False accepted=1 error=0 target_pid=9084
2026-09-18 04:02:43,546 INFO SendInput scan=0x39 down=True accepted=1 error=0 target_pid=9084
2026-09-18 04:02:43,656 INFO SendInput scan=0x39 down=False accepted=1 error=0 target_pid=9084
2026-09-18 04:02:43,894 INFO SendInput scan=0x1E down=False accepted=1 error=0 target_pid=9084
2026-09-18 04:02:43,913 INFO SendInput scan=0x39 down=True accepted=1 error=0 target_pid=9084
2026-09-18 04:02:44,020 INFO SendInput scan=0x39 down=False accepted=1 error=0 target_pid=9084
2026-09-18 04:02:44,198 INFO SendInput scan=0x39 down=True accepted=1 error=0 target_pid=9084
2026-09-18 04:02:44,302 INFO SendInput scan=0x39 down=False accepted=1 error=0 target_pid=9084
2026-09-18 04:02:44,365 INFO SendInput scan=0x2A down=True accepted=1 error=0 target_pid=9084
2026-09-18 04:02:44,425 INFO Tracking camera_fps=33.4 inference_fps=32.9 model_ms=31.0 age_ms=47.0 hands=2 pose=True mode=Swing
2026-09-18 04:02:44,885 INFO SendInput scan=0x2A down=False accepted=1 error=0 target_pid=9084
2026-09-18 04:02:45,026 INFO SendInput scan=0x39 down=True accepted=1 error=0 target_pid=9084
2026-09-18 04:02:45,120 INFO SendInput scan=0x39 down=False accepted=1 error=0 target_pid=9084
2026-09-18 04:02:45,329 INFO SendInput scan=0x39 down=True accepted=1 error=0 target_pid=9084
2026-09-18 04:02:45,419 INFO SendInput scan=0x39 down=False accepted=1 error=0 target_pid=9084
2026-09-18 04:02:46,114 INFO SendInput scan=0x1E down=True accepted=1 error=0 target_pid=9084
2026-09-18 04:02:46,225 INFO SendInput scan=0x39 down=True accepted=1 error=0 target_pid=9084
2026-09-18 04:02:46,270 INFO SendInput scan=0x1E down=False accepted=1 error=0 target_pid=9084
2026-09-18 04:02:46,333 INFO SendInput scan=0x39 down=False accepted=1 error=0 target_pid=9084
2026-09-18 04:02:46,397 INFO SendInput scan=0x2A down=True accepted=1 error=0 target_pid=9084
2026-09-18 04:02:46,538 INFO SendInput scan=0x1E down=True accepted=1 error=0 target_pid=9084
2026-09-18 04:02:47,252 INFO SendInput scan=0x1E down=False accepted=1 error=0 target_pid=9084
2026-09-18 04:02:47,447 INFO Tracking camera_fps=33.3 inference_fps=34.4 model_ms=16.0 age_ms=31.0 hands=2 pose=True mode=Swing
2026-09-18 04:02:47,580 INFO SendInput scan=0x1E down=True accepted=1 error=0 target_pid=9084
2026-09-18 04:02:47,787 INFO SendInput scan=0x1E down=False accepted=1 error=0 target_pid=9084
2026-09-18 04:02:48,210 INFO SendInput scan=0x20 down=True accepted=1 error=0 target_pid=9084
2026-09-18 04:02:49,015 INFO SendInput scan=0x2A down=False accepted=1 error=0 target_pid=9084
2026-09-18 04:02:49,174 INFO SendInput scan=0x20 down=False accepted=1 error=0 target_pid=9084
2026-09-18 04:02:49,345 INFO SendInput scan=0x39 down=True accepted=1 error=0 target_pid=9084
2026-09-18 04:02:49,440 INFO SendInput scan=0x1E down=True accepted=1 error=0 target_pid=9084
2026-09-18 04:02:49,455 INFO SendInput scan=0x39 down=False accepted=1 error=0 target_pid=9084
2026-09-18 04:02:49,517 INFO SendInput scan=0x2A down=True accepted=1 error=0 target_pid=9084
2026-09-18 04:02:50,276 INFO SendInput scan=0x1E down=False accepted=1 error=0 target_pid=9084
2026-09-18 04:02:50,473 INFO Tracking camera_fps=34.7 inference_fps=35.4 model_ms=15.0 age_ms=31.0 hands=2 pose=True mode=Swing
2026-09-18 04:02:50,960 INFO SendInput scan=0x20 down=True accepted=1 error=0 target_pid=9084
2026-09-18 04:02:52,601 INFO SendInput scan=0x2A down=False accepted=1 error=0 target_pid=9084
2026-09-18 04:02:52,805 INFO SendInput scan=0x39 down=True accepted=1 error=0 target_pid=9084
2026-09-18 04:02:52,836 INFO SendInput scan=0x39 down=False accepted=1 error=0 target_pid=9084
2026-09-18 04:02:52,836 INFO SendInput scan=0x20 down=False accepted=1 error=0 target_pid=9084
2026-09-18 04:02:53,169 INFO SendInput scan=0x1E down=True accepted=1 error=0 target_pid=9084
2026-09-18 04:02:53,248 INFO SendInput scan=0x39 down=True accepted=1 error=0 target_pid=9084
2026-09-18 04:02:53,357 INFO SendInput scan=0x39 down=False accepted=1 error=0 target_pid=9084
2026-09-18 04:02:53,499 INFO Tracking camera_fps=32.4 inference_fps=31.5 model_ms=15.0 age_ms=31.0 hands=2 pose=True mode=Eğilme
2026-09-18 04:02:53,545 INFO SendInput scan=0x39 down=True accepted=1 error=0 target_pid=9084
2026-09-18 04:02:53,655 INFO SendInput scan=0x39 down=False accepted=1 error=0 target_pid=9084
2026-09-18 04:02:53,718 INFO SendInput scan=0x2A down=True accepted=1 error=0 target_pid=9084
2026-09-18 04:02:53,751 INFO SendInput scan=0x2A down=False accepted=1 error=0 target_pid=9084
2026-09-18 04:02:53,914 INFO SendInput scan=0x39 down=True accepted=1 error=0 target_pid=9084
2026-09-18 04:02:54,022 INFO SendInput scan=0x39 down=False accepted=1 error=0 target_pid=9084
2026-09-18 04:02:54,084 INFO SendInput scan=0x2A down=True accepted=1 error=0 target_pid=9084
2026-09-18 04:02:54,415 INFO SendInput scan=0x2A down=False accepted=1 error=0 target_pid=9084
2026-09-18 04:02:54,540 INFO SendInput scan=0x39 down=True accepted=1 error=0 target_pid=9084
2026-09-18 04:02:54,635 INFO SendInput scan=0x39 down=False accepted=1 error=0 target_pid=9084
2026-09-18 04:02:54,713 INFO SendInput scan=0x2A down=True accepted=1 error=0 target_pid=9084
2026-09-18 04:02:54,810 INFO SendInput scan=0x1E down=False accepted=1 error=0 target_pid=9084
2026-09-18 04:02:55,470 INFO SendInput scan=0x20 down=True accepted=1 error=0 target_pid=9084
2026-09-18 04:02:55,917 INFO SendInput scan=0x20 down=False accepted=1 error=0 target_pid=9084
2026-09-18 04:02:56,337 INFO SendInput scan=0x1E down=True accepted=1 error=0 target_pid=9084
2026-09-18 04:02:56,534 INFO Tracking camera_fps=31.9 inference_fps=30.4 model_ms=16.0 age_ms=32.0 hands=2 pose=True mode=Swing
2026-09-18 04:02:57,471 INFO SendInput scan=0x2A down=False accepted=1 error=0 target_pid=9084
2026-09-18 04:02:58,180 INFO SendInput scan=0x1E down=False accepted=1 error=0 target_pid=9084
2026-09-18 04:02:58,846 INFO SendInput scan=0x39 down=True accepted=1 error=0 target_pid=9084
2026-09-18 04:02:58,846 INFO SendInput scan=0x1E down=True accepted=1 error=0 target_pid=9084
2026-09-18 04:02:58,953 INFO SendInput scan=0x39 down=False accepted=1 error=0 target_pid=9084
2026-09-18 04:02:59,017 INFO SendInput scan=0x2A down=True accepted=1 error=0 target_pid=9084
2026-09-18 04:02:59,566 INFO Tracking camera_fps=31.5 inference_fps=33.4 model_ms=16.0 age_ms=31.0 hands=2 pose=True mode=Swing
2026-09-18 04:02:59,712 INFO SendInput scan=0x1E down=False accepted=1 error=0 target_pid=9084
2026-09-18 04:03:00,466 INFO SendInput scan=0x20 down=True accepted=1 error=0 target_pid=9084
2026-09-18 04:03:01,302 INFO SendInput scan=0x2A down=False accepted=1 error=0 target_pid=9084
2026-09-18 04:03:01,713 INFO SendInput scan=0x39 down=True accepted=1 error=0 target_pid=9084
2026-09-18 04:03:01,775 INFO SendInput scan=0x39 down=False accepted=1 error=0 target_pid=9084
2026-09-18 04:03:01,821 INFO SendInput scan=0x20 down=False accepted=1 error=0 target_pid=9084
2026-09-18 04:03:02,602 INFO Tracking camera_fps=31.5 inference_fps=36.0 model_ms=15.0 age_ms=31.0 hands=2 pose=True mode=Serbest
2026-09-18 04:03:03,350 INFO SendInput scan=0x1E down=True accepted=1 error=0 target_pid=9084
2026-09-18 04:03:03,742 INFO SendInput scan=0x39 down=True accepted=1 error=0 target_pid=9084
2026-09-18 04:03:03,851 INFO SendInput scan=0x39 down=False accepted=1 error=0 target_pid=9084
2026-09-18 04:03:03,914 INFO SendInput scan=0x2A down=True accepted=1 error=0 target_pid=9084
2026-09-18 04:03:04,305 INFO SendInput scan=0x1E down=False accepted=1 error=0 target_pid=9084
2026-09-18 04:03:04,999 INFO SendInput scan=0x20 down=True accepted=1 error=0 target_pid=9084
2026-09-18 04:03:05,533 INFO SendInput scan=0x20 down=False accepted=1 error=0 target_pid=9084
2026-09-18 04:03:05,549 INFO SendInput scan=0x2A down=False accepted=1 error=0 target_pid=9084
2026-09-18 04:03:05,605 INFO Tracking camera_fps=37.5 inference_fps=33.1 model_ms=15.0 age_ms=47.0 hands=2 pose=True mode=Eğilme
2026-09-18 04:03:05,756 INFO SendInput scan=0x1E down=True accepted=1 error=0 target_pid=9084
2026-09-18 04:03:06,227 INFO SendInput scan=0x39 down=True accepted=1 error=0 target_pid=9084
2026-09-18 04:03:06,336 INFO SendInput scan=0x39 down=False accepted=1 error=0 target_pid=9084
2026-09-18 04:03:06,398 INFO SendInput scan=0x2A down=True accepted=1 error=0 target_pid=9084
2026-09-18 04:03:06,695 INFO SendInput scan=0x2A down=False accepted=1 error=0 target_pid=9084
2026-09-18 04:03:06,822 INFO SendInput scan=0x39 down=True accepted=1 error=0 target_pid=9084
2026-09-18 04:03:06,914 INFO SendInput scan=0x1E down=False accepted=1 error=0 target_pid=9084
2026-09-18 04:03:06,930 INFO SendInput scan=0x39 down=False accepted=1 error=0 target_pid=9084
2026-09-18 04:03:06,992 INFO SendInput scan=0x2A down=True accepted=1 error=0 target_pid=9084
2026-09-18 04:03:08,651 INFO Tracking camera_fps=34.8 inference_fps=33.5 model_ms=16.0 age_ms=32.0 hands=2 pose=True mode=Swing
2026-09-18 04:03:09,315 INFO SendInput scan=0x20 down=True accepted=1 error=0 target_pid=9084
2026-09-18 04:03:10,164 INFO SendInput scan=0x20 down=False accepted=1 error=0 target_pid=9084
2026-09-18 04:03:11,201 INFO SendInput scan=0x2A down=False accepted=1 error=0 target_pid=9084
2026-09-18 04:03:11,678 INFO Tracking camera_fps=31.1 inference_fps=35.5 model_ms=15.0 age_ms=15.0 hands=0 pose=True mode=Eğilme
2026-09-18 04:03:12,958 INFO SendInput scan=0x1E down=True accepted=1 error=0 target_pid=9084
2026-09-18 04:03:13,289 INFO SendInput scan=0x1D down=True accepted=1 error=0 target_pid=9084
2026-09-18 04:03:13,399 INFO SendInput scan=0x1D down=False accepted=1 error=0 target_pid=9084
2026-09-18 04:03:13,841 INFO SendInput scan=0x1E down=False accepted=1 error=0 target_pid=9084
2026-09-18 04:03:14,712 INFO Tracking camera_fps=31.4 inference_fps=33.7 model_ms=16.0 age_ms=16.0 hands=2 pose=True mode=Serbest
2026-09-18 04:03:14,723 INFO SendInput scan=0x1E down=True accepted=1 error=0 target_pid=9084
2026-09-18 04:03:15,276 INFO SendInput scan=0x1E down=False accepted=1 error=0 target_pid=9084
2026-09-18 04:03:15,415 INFO SendInput scan=0x1E down=True accepted=1 error=0 target_pid=9084
2026-09-18 04:03:15,750 INFO SendInput scan=0x1E down=False accepted=1 error=0 target_pid=9084
2026-09-18 04:03:17,603 INFO SendInput scan=0x39 down=True accepted=1 error=0 target_pid=9084
2026-09-18 04:03:17,603 INFO SendInput scan=0x20 down=True accepted=1 error=0 target_pid=9084
2026-09-18 04:03:17,713 INFO SendInput scan=0x39 down=False accepted=1 error=0 target_pid=9084
2026-09-18 04:03:17,775 INFO SendInput scan=0x2A down=True accepted=1 error=0 target_pid=9084
2026-09-18 04:03:17,926 INFO Tracking camera_fps=473.7 inference_fps=26.5 model_ms=31.0 age_ms=31.0 hands=2 pose=True mode=Swing
2026-09-18 04:03:18,263 INFO SendInput scan=0x20 down=False accepted=1 error=0 target_pid=9084
2026-09-18 04:03:18,263 INFO SendInput scan=0x2A down=False accepted=1 error=0 target_pid=9084
2026-09-18 04:03:18,278 INFO SendInput scan=0x39 down=True accepted=1 error=0 target_pid=9084
2026-09-18 04:03:18,343 INFO SendInput scan=0x39 down=False accepted=1 error=0 target_pid=9084
2026-09-18 04:03:18,374 INFO SendInput scan=0x1E down=True accepted=1 error=0 target_pid=9084
2026-09-18 04:03:18,451 INFO SendInput scan=0x39 down=True accepted=1 error=0 target_pid=9084
2026-09-18 04:03:18,562 INFO SendInput scan=0x39 down=False accepted=1 error=0 target_pid=9084
2026-09-18 04:03:18,625 INFO SendInput scan=0x2A down=True accepted=1 error=0 target_pid=9084
2026-09-18 04:03:18,782 INFO SendInput scan=0x1E down=False accepted=1 error=0 target_pid=9084
2026-09-18 04:03:19,085 INFO SendInput scan=0x2A down=False accepted=1 error=0 target_pid=9084
2026-09-18 04:03:19,132 INFO SendInput scan=0x20 down=True accepted=1 error=0 target_pid=9084
2026-09-18 04:03:19,229 INFO SendInput scan=0x39 down=True accepted=1 error=0 target_pid=9084
2026-09-18 04:03:19,337 INFO SendInput scan=0x39 down=False accepted=1 error=0 target_pid=9084
2026-09-18 04:03:19,401 INFO SendInput scan=0x2A down=True accepted=1 error=0 target_pid=9084
2026-09-18 04:03:20,933 INFO Tracking camera_fps=35.7 inference_fps=35.9 model_ms=31.0 age_ms=31.0 hands=2 pose=True mode=Swing
2026-09-18 04:03:21,318 INFO SendInput scan=0x2A down=False accepted=1 error=0 target_pid=9084
2026-09-18 04:03:21,413 INFO SendInput scan=0x20 down=False accepted=1 error=0 target_pid=9084
2026-09-18 04:03:21,899 INFO SendInput scan=0x1E down=True accepted=1 error=0 target_pid=9084
2026-09-18 04:03:22,532 INFO SendInput scan=0x39 down=True accepted=1 error=0 target_pid=9084
2026-09-18 04:03:22,641 INFO SendInput scan=0x39 down=False accepted=1 error=0 target_pid=9084
2026-09-18 04:03:22,704 INFO SendInput scan=0x2A down=True accepted=1 error=0 target_pid=9084
2026-09-18 04:03:23,586 INFO SendInput scan=0x1E down=False accepted=1 error=0 target_pid=9084
2026-09-18 04:03:23,963 INFO Tracking camera_fps=31.9 inference_fps=29.2 model_ms=31.0 age_ms=31.0 hands=2 pose=True mode=Swing
2026-09-18 04:03:24,013 INFO SendInput scan=0x20 down=True accepted=1 error=0 target_pid=9084
2026-09-18 04:03:25,104 INFO SendInput scan=0x2A down=False accepted=1 error=0 target_pid=9084
2026-09-18 04:03:25,292 INFO SendInput scan=0x20 down=False accepted=1 error=0 target_pid=9084
2026-09-18 04:03:27,012 INFO Tracking camera_fps=31.3 inference_fps=31.7 model_ms=31.0 age_ms=47.0 hands=2 pose=True mode=Serbest
2026-09-18 04:03:30,031 INFO Tracking camera_fps=36.2 inference_fps=38.1 model_ms=16.0 age_ms=32.0 hands=2 pose=True mode=Serbest
2026-09-18 04:03:33,069 INFO Tracking camera_fps=33.4 inference_fps=30.9 model_ms=16.0 age_ms=31.0 hands=2 pose=True mode=Serbest
2026-09-18 04:03:33,630 INFO SendInput scan=0x39 down=True accepted=1 error=0 target_pid=9084
2026-09-18 04:03:33,694 INFO SendInput scan=0x39 down=False accepted=1 error=0 target_pid=9084
2026-09-18 04:03:33,836 INFO SendInput scan=0x39 down=True accepted=1 error=0 target_pid=9084
2026-09-18 04:03:33,947 INFO SendInput scan=0x39 down=False accepted=1 error=0 target_pid=9084
2026-09-18 04:03:33,995 INFO SendInput scan=0x2A down=True accepted=1 error=0 target_pid=9084
2026-09-18 04:03:34,011 INFO SendInput scan=0x2A down=False accepted=1 error=0 target_pid=9084
2026-09-18 04:03:34,358 INFO SendInput scan=0x39 down=True accepted=1 error=0 target_pid=9084
2026-09-18 04:03:34,424 INFO SendInput scan=0x39 down=False accepted=1 error=0 target_pid=9084
2026-09-18 04:03:35,334 INFO SendInput scan=0x39 down=True accepted=1 error=0 target_pid=9084
2026-09-18 04:03:35,443 INFO SendInput scan=0x39 down=False accepted=1 error=0 target_pid=9084
2026-09-18 04:03:35,507 INFO SendInput scan=0x2A down=True accepted=1 error=0 target_pid=9084
2026-09-18 04:03:35,932 INFO SendInput scan=0x2A down=False accepted=1 error=0 target_pid=9084
2026-09-18 04:03:36,096 INFO Tracking camera_fps=32.3 inference_fps=34.0 model_ms=15.0 age_ms=31.0 hands=2 pose=True mode=Serbest
2026-09-18 04:03:36,344 INFO SendInput scan=0x39 down=True accepted=1 error=0 target_pid=9084
2026-09-18 04:03:36,454 INFO SendInput scan=0x39 down=False accepted=1 error=0 target_pid=9084
2026-09-18 04:03:37,334 INFO SendInput scan=0x39 down=True accepted=1 error=0 target_pid=9084
2026-09-18 04:03:37,447 INFO SendInput scan=0x39 down=False accepted=1 error=0 target_pid=9084
2026-09-18 04:03:37,509 INFO SendInput scan=0x2A down=True accepted=1 error=0 target_pid=9084
2026-09-18 04:03:37,760 INFO SendInput scan=0x2A down=False accepted=1 error=0 target_pid=9084
2026-09-18 04:03:37,887 INFO SendInput scan=0x39 down=True accepted=1 error=0 target_pid=9084
2026-09-18 04:03:37,996 INFO SendInput scan=0x39 down=False accepted=1 error=0 target_pid=9084
2026-09-18 04:03:38,058 INFO SendInput scan=0x2A down=True accepted=1 error=0 target_pid=9084
2026-09-18 04:03:38,529 INFO SendInput scan=0x20 down=True accepted=1 error=0 target_pid=9084
2026-09-18 04:03:39,003 INFO SendInput scan=0x20 down=False accepted=1 error=0 target_pid=9084
2026-09-18 04:03:39,114 INFO Tracking camera_fps=32.1 inference_fps=36.4 model_ms=16.0 age_ms=16.0 hands=2 pose=True mode=Swing
2026-09-18 04:03:41,758 INFO SendInput scan=0x2A down=False accepted=1 error=0 target_pid=9084
2026-09-18 04:03:42,057 INFO SendInput scan=0x39 down=True accepted=1 error=0 target_pid=9084
2026-09-18 04:03:42,128 INFO Tracking camera_fps=32.6 inference_fps=33.5 model_ms=15.0 age_ms=46.0 hands=2 pose=True mode=Swing
2026-09-18 04:03:42,167 INFO SendInput scan=0x39 down=False accepted=1 error=0 target_pid=9084
2026-09-18 04:03:42,228 INFO SendInput scan=0x2A down=True accepted=1 error=0 target_pid=9084
2026-09-18 04:03:43,224 INFO SendInput scan=0x2A down=False accepted=1 error=0 target_pid=9084
2026-09-18 04:03:43,927 INFO SendInput scan=0x39 down=True accepted=1 error=0 target_pid=9084
2026-09-18 04:03:43,990 INFO SendInput scan=0x39 down=False accepted=1 error=0 target_pid=9084
2026-09-18 04:03:44,163 INFO SendInput scan=0x39 down=True accepted=1 error=0 target_pid=9084
2026-09-18 04:03:44,273 INFO SendInput scan=0x39 down=False accepted=1 error=0 target_pid=9084
2026-09-18 04:03:44,336 INFO SendInput scan=0x2A down=True accepted=1 error=0 target_pid=9084
2026-09-18 04:03:45,146 INFO Tracking camera_fps=32.4 inference_fps=32.4 model_ms=16.0 age_ms=31.0 hands=2 pose=True mode=Swing
2026-09-18 04:03:46,795 INFO SendInput scan=0x2A down=False accepted=1 error=0 target_pid=9084
2026-09-18 04:03:47,124 INFO SendInput scan=0x39 down=True accepted=1 error=0 target_pid=9084
2026-09-18 04:03:47,155 INFO SendInput scan=0x39 down=False accepted=1 error=0 target_pid=9084
2026-09-18 04:03:48,196 INFO Tracking camera_fps=33.0 inference_fps=32.9 model_ms=16.0 age_ms=47.0 hands=2 pose=True mode=Serbest
2026-09-18 04:03:48,591 INFO SendInput scan=0x1E down=True accepted=1 error=0 target_pid=9084
2026-09-18 04:03:48,685 INFO SendInput scan=0x39 down=True accepted=1 error=0 target_pid=9084
2026-09-18 04:03:48,799 INFO SendInput scan=0x39 down=False accepted=1 error=0 target_pid=9084
2026-09-18 04:03:48,862 INFO SendInput scan=0x2A down=True accepted=1 error=0 target_pid=9084
2026-09-18 04:03:49,643 INFO SendInput scan=0x1E down=False accepted=1 error=0 target_pid=9084
2026-09-18 04:03:50,055 INFO SendInput scan=0x2A down=False accepted=1 error=0 target_pid=9084
2026-09-18 04:03:50,311 INFO SendInput scan=0x39 down=True accepted=1 error=0 target_pid=9084
2026-09-18 04:03:50,359 INFO SendInput scan=0x20 down=True accepted=1 error=0 target_pid=9084
2026-09-18 04:03:50,418 INFO SendInput scan=0x39 down=False accepted=1 error=0 target_pid=9084
2026-09-18 04:03:50,481 INFO SendInput scan=0x2A down=True accepted=1 error=0 target_pid=9084
2026-09-18 04:03:50,528 INFO SendInput scan=0x2A down=False accepted=1 error=0 target_pid=9084
2026-09-18 04:03:50,652 INFO SendInput scan=0x39 down=True accepted=1 error=0 target_pid=9084
2026-09-18 04:03:50,762 INFO SendInput scan=0x39 down=False accepted=1 error=0 target_pid=9084
2026-09-18 04:03:50,981 INFO SendInput scan=0x20 down=False accepted=1 error=0 target_pid=9084
2026-09-18 04:03:51,063 INFO SendInput scan=0x39 down=True accepted=1 error=0 target_pid=9084
2026-09-18 04:03:51,170 INFO SendInput scan=0x39 down=False accepted=1 error=0 target_pid=9084
2026-09-18 04:03:51,208 INFO Tracking camera_fps=31.9 inference_fps=35.2 model_ms=16.0 age_ms=16.0 hands=2 pose=True mode=Serbest
2026-09-18 04:03:52,515 INFO SendInput scan=0x39 down=True accepted=1 error=0 target_pid=9084
2026-09-18 04:03:52,624 INFO SendInput scan=0x39 down=False accepted=1 error=0 target_pid=9084
2026-09-18 04:03:52,686 INFO SendInput scan=0x2A down=True accepted=1 error=0 target_pid=9084
2026-09-18 04:03:54,234 INFO Tracking camera_fps=33.5 inference_fps=30.7 model_ms=31.0 age_ms=31.0 hands=1 pose=True mode=Swing
2026-09-18 04:03:54,251 INFO SendInput scan=0x20 down=True accepted=1 error=0 target_pid=9084
2026-09-18 04:03:54,406 INFO SendInput scan=0x20 down=False accepted=1 error=0 target_pid=9084
2026-09-18 04:03:55,051 INFO SendInput scan=0x2A down=False accepted=1 error=0 target_pid=9084
2026-09-18 04:03:55,778 INFO SendInput scan=0x1E down=True accepted=1 error=0 target_pid=9084
2026-09-18 04:03:55,969 INFO SendInput scan=0x39 down=True accepted=1 error=0 target_pid=9084
2026-09-18 04:03:56,084 INFO SendInput scan=0x39 down=False accepted=1 error=0 target_pid=9084
2026-09-18 04:03:56,144 INFO SendInput scan=0x2A down=True accepted=1 error=0 target_pid=9084
2026-09-18 04:03:56,709 INFO SendInput scan=0x1E down=False accepted=1 error=0 target_pid=9084
2026-09-18 04:03:57,278 INFO Tracking camera_fps=32.2 inference_fps=31.3 model_ms=32.0 age_ms=47.0 hands=2 pose=True mode=Swing
2026-09-18 04:03:57,848 INFO SendInput scan=0x1E down=True accepted=1 error=0 target_pid=9084
2026-09-18 04:03:58,509 INFO SendInput scan=0x1E down=False accepted=1 error=0 target_pid=9084
2026-09-18 04:03:59,205 INFO SendInput scan=0x2A down=False accepted=1 error=0 target_pid=9084
2026-09-18 04:03:59,807 INFO SendInput scan=0x20 down=True accepted=1 error=0 target_pid=9084
2026-09-18 04:04:00,071 INFO SendInput scan=0x39 down=True accepted=1 error=0 target_pid=9084
2026-09-18 04:04:00,182 INFO SendInput scan=0x39 down=False accepted=1 error=0 target_pid=9084
2026-09-18 04:04:00,229 INFO SendInput scan=0x2A down=True accepted=1 error=0 target_pid=9084
2026-09-18 04:04:00,292 INFO Tracking camera_fps=42.9 inference_fps=32.6 model_ms=31.0 age_ms=31.0 hands=1 pose=True mode=Swing
2026-09-18 04:04:02,782 INFO SendInput scan=0x20 down=False accepted=1 error=0 target_pid=9084
2026-09-18 04:04:03,329 INFO Tracking camera_fps=33.6 inference_fps=37.0 model_ms=32.0 age_ms=32.0 hands=2 pose=True mode=Swing
2026-09-18 04:04:03,840 INFO SendInput scan=0x2A down=False accepted=1 error=0 target_pid=9084
2026-09-18 04:04:05,343 INFO SendInput scan=0x39 down=True accepted=1 error=0 target_pid=9084
2026-09-18 04:04:05,451 INFO SendInput scan=0x39 down=False accepted=1 error=0 target_pid=9084
2026-09-18 04:04:05,517 INFO SendInput scan=0x2A down=True accepted=1 error=0 target_pid=9084
2026-09-18 04:04:06,340 INFO Tracking camera_fps=31.7 inference_fps=33.0 model_ms=31.0 age_ms=47.0 hands=2 pose=True mode=Swing
2026-09-18 04:04:08,364 INFO SendInput scan=0x2A down=False accepted=1 error=0 target_pid=9084
2026-09-18 04:04:08,931 INFO SendInput scan=0x39 down=True accepted=1 error=0 target_pid=9084
2026-09-18 04:04:09,043 INFO SendInput scan=0x39 down=False accepted=1 error=0 target_pid=9084
2026-09-18 04:04:09,089 INFO SendInput scan=0x2A down=True accepted=1 error=0 target_pid=9084
2026-09-18 04:04:09,382 INFO Tracking camera_fps=32.5 inference_fps=35.2 model_ms=15.0 age_ms=15.0 hands=2 pose=True mode=Swing
2026-09-18 04:04:11,313 INFO SendInput scan=0x2A down=False accepted=1 error=0 target_pid=9084
2026-09-18 04:04:11,515 INFO SendInput scan=0x39 down=True accepted=1 error=0 target_pid=9084
2026-09-18 04:04:11,623 INFO SendInput scan=0x39 down=False accepted=1 error=0 target_pid=9084
2026-09-18 04:04:11,685 INFO SendInput scan=0x2A down=True accepted=1 error=0 target_pid=9084
2026-09-18 04:04:12,387 INFO Tracking camera_fps=35.6 inference_fps=36.2 model_ms=31.0 age_ms=31.0 hands=2 pose=True mode=Swing
2026-09-18 04:04:13,899 INFO SendInput scan=0x2A down=False accepted=1 error=0 target_pid=9084
2026-09-18 04:04:14,637 INFO SendInput scan=0x39 down=True accepted=1 error=0 target_pid=9084
2026-09-18 04:04:14,748 INFO SendInput scan=0x39 down=False accepted=1 error=0 target_pid=9084
2026-09-18 04:04:14,812 INFO SendInput scan=0x2A down=True accepted=1 error=0 target_pid=9084
2026-09-18 04:04:15,421 INFO Tracking camera_fps=33.7 inference_fps=35.1 model_ms=15.0 age_ms=47.0 hands=2 pose=True mode=Swing
2026-09-18 04:04:17,531 INFO SendInput scan=0x2A down=False accepted=1 error=0 target_pid=9084
2026-09-18 04:04:18,053 INFO SendInput scan=0x39 down=True accepted=1 error=0 target_pid=9084
2026-09-18 04:04:18,163 INFO SendInput scan=0x39 down=False accepted=1 error=0 target_pid=9084
2026-09-18 04:04:18,227 INFO SendInput scan=0x2A down=True accepted=1 error=0 target_pid=9084
2026-09-18 04:04:18,437 INFO Tracking camera_fps=31.8 inference_fps=34.4 model_ms=16.0 age_ms=31.0 hands=2 pose=True mode=Swing
2026-09-18 04:04:21,088 INFO SendInput scan=0x2A down=False accepted=1 error=0 target_pid=9084
2026-09-18 04:04:21,472 INFO Tracking camera_fps=32.3 inference_fps=33.6 model_ms=15.0 age_ms=15.0 hands=2 pose=True mode=Eğilme
2026-09-18 04:04:22,014 INFO SendInput scan=0x39 down=True accepted=1 error=0 target_pid=9084
2026-09-18 04:04:22,124 INFO SendInput scan=0x39 down=False accepted=1 error=0 target_pid=9084
2026-09-18 04:04:22,190 INFO SendInput scan=0x2A down=True accepted=1 error=0 target_pid=9084
2026-09-18 04:04:24,481 INFO Tracking camera_fps=32.2 inference_fps=33.2 model_ms=15.0 age_ms=31.0 hands=2 pose=True mode=Swing
2026-09-18 04:04:24,962 INFO SendInput scan=0x2A down=False accepted=1 error=0 target_pid=9084
2026-09-18 04:04:25,088 INFO SendInput scan=0x20 down=True accepted=1 error=0 target_pid=9084
2026-09-18 04:04:25,294 INFO SendInput scan=0x39 down=True accepted=1 error=0 target_pid=9084
2026-09-18 04:04:25,402 INFO SendInput scan=0x39 down=False accepted=1 error=0 target_pid=9084
2026-09-18 04:04:25,466 INFO SendInput scan=0x2A down=True accepted=1 error=0 target_pid=9084
2026-09-18 04:04:27,505 INFO Tracking camera_fps=33.3 inference_fps=34.2 model_ms=15.0 age_ms=31.0 hands=2 pose=True mode=Swing
2026-09-18 04:04:27,705 INFO SendInput scan=0x20 down=False accepted=1 error=0 target_pid=9084
2026-09-18 04:04:28,003 INFO SendInput scan=0x2A down=False accepted=1 error=0 target_pid=9084
2026-09-18 04:04:28,003 INFO SendInput scan=0x1E down=True accepted=1 error=0 target_pid=9084
2026-09-18 04:04:29,057 INFO SendInput scan=0x1D down=True accepted=1 error=0 target_pid=9084
2026-09-18 04:04:29,169 INFO SendInput scan=0x1D down=False accepted=1 error=0 target_pid=9084
2026-09-18 04:04:29,470 INFO SendInput scan=0x1E down=False accepted=1 error=0 target_pid=9084
2026-09-18 04:04:29,876 INFO SendInput scan=0x20 down=True accepted=1 error=0 target_pid=9084
2026-09-18 04:04:30,206 INFO SendInput scan=0x20 down=False accepted=1 error=0 target_pid=9084
2026-09-18 04:04:30,285 INFO SendInput scan=0x39 down=True accepted=1 error=0 target_pid=9084
2026-09-18 04:04:30,364 INFO SendInput scan=0x39 down=False accepted=1 error=0 target_pid=9084
2026-09-18 04:04:30,446 INFO SendInput scan=0x1E down=True accepted=1 error=0 target_pid=9084
2026-09-18 04:04:30,532 INFO Tracking camera_fps=34.5 inference_fps=33.4 model_ms=16.0 age_ms=32.0 hands=1 pose=True mode=Serbest
2026-09-18 04:04:31,693 INFO SendInput scan=0x1E down=False accepted=1 error=0 target_pid=9084
2026-09-18 04:04:33,565 INFO Tracking camera_fps=30.9 inference_fps=31.3 model_ms=16.0 age_ms=31.0 hands=0 pose=False mode=Gövde görünmüyor
2026-09-18 04:04:36,581 INFO Tracking camera_fps=32.6 inference_fps=31.3 model_ms=16.0 age_ms=16.0 hands=0 pose=False mode=Gövde görünmüyor
2026-09-18 04:04:39,617 INFO Tracking camera_fps=33.0 inference_fps=35.3 model_ms=0.0 age_ms=16.0 hands=0 pose=False mode=Gövde görünmüyor
2026-09-18 04:04:42,647 INFO Tracking camera_fps=33.9 inference_fps=31.8 model_ms=16.0 age_ms=16.0 hands=0 pose=False mode=Gövde görünmüyor
2026-09-18 04:04:45,664 INFO Tracking camera_fps=36.9 inference_fps=31.7 model_ms=0.0 age_ms=0.0 hands=0 pose=False mode=Gövde görünmüyor
2026-09-18 04:04:48,671 INFO Tracking camera_fps=32.1 inference_fps=31.2 model_ms=15.0 age_ms=15.0 hands=0 pose=False mode=Gövde görünmüyor
2026-09-18 04:04:51,707 INFO Tracking camera_fps=31.7 inference_fps=31.0 model_ms=16.0 age_ms=32.0 hands=0 pose=False mode=Gövde görünmüyor
2026-09-18 04:04:54,735 INFO Tracking camera_fps=33.0 inference_fps=31.6 model_ms=16.0 age_ms=31.0 hands=0 pose=False mode=Gövde görünmüyor
2026-09-18 04:04:57,753 INFO Tracking camera_fps=33.9 inference_fps=34.2 model_ms=15.0 age_ms=15.0 hands=0 pose=False mode=Gövde görünmüyor
2026-09-18 04:05:00,765 INFO Tracking camera_fps=34.8 inference_fps=34.1 model_ms=16.0 age_ms=31.0 hands=0 pose=False mode=Gövde görünmüyor
2026-09-18 04:05:03,794 INFO Tracking camera_fps=32.6 inference_fps=38.8 model_ms=15.0 age_ms=31.0 hands=0 pose=False mode=Gövde görünmüyor
2026-09-18 04:05:06,824 INFO Tracking camera_fps=32.6 inference_fps=33.6 model_ms=16.0 age_ms=32.0 hands=0 pose=False mode=Gövde görünmüyor
2026-09-18 04:05:09,852 INFO Tracking camera_fps=32.6 inference_fps=114.9 model_ms=0.0 age_ms=15.0 hands=0 pose=False mode=Gövde görünmüyor
2026-09-18 04:05:12,868 INFO Tracking camera_fps=36.3 inference_fps=35.7 model_ms=0.0 age_ms=16.0 hands=0 pose=False mode=Gövde görünmüyor
2026-09-18 04:05:15,898 INFO Tracking camera_fps=38.2 inference_fps=34.4 model_ms=0.0 age_ms=16.0 hands=0 pose=False mode=Gövde görünmüyor
2026-09-18 04:05:18,931 INFO Tracking camera_fps=31.7 inference_fps=33.7 model_ms=0.0 age_ms=15.0 hands=0 pose=False mode=Gövde görünmüyor
2026-09-18 04:05:21,935 INFO Tracking camera_fps=31.8 inference_fps=42.7 model_ms=16.0 age_ms=31.0 hands=0 pose=False mode=Gövde görünmüyor
2026-09-18 04:05:24,964 INFO Tracking camera_fps=32.3 inference_fps=34.2 model_ms=15.0 age_ms=31.0 hands=0 pose=False mode=Gövde görünmüyor
2026-09-18 04:05:28,005 INFO Tracking camera_fps=31.0 inference_fps=31.8 model_ms=15.0 age_ms=15.0 hands=0 pose=False mode=Gövde görünmüyor
2026-09-18 04:05:31,031 INFO Tracking camera_fps=32.1 inference_fps=30.4 model_ms=16.0 age_ms=32.0 hands=0 pose=False mode=Gövde görünmüyor
2026-09-18 04:05:34,057 INFO Tracking camera_fps=31.6 inference_fps=36.4 model_ms=0.0 age_ms=15.0 hands=0 pose=False mode=Gövde görünmüyor
2026-09-18 04:05:37,060 INFO Tracking camera_fps=32.9 inference_fps=61.5 model_ms=16.0 age_ms=31.0 hands=0 pose=False mode=Gövde görünmüyor
2026-09-18 04:05:40,100 INFO Tracking camera_fps=35.5 inference_fps=31.6 model_ms=0.0 age_ms=15.0 hands=0 pose=False mode=Gövde görünmüyor
2026-09-18 04:05:43,125 INFO Tracking camera_fps=32.6 inference_fps=31.8 model_ms=15.0 age_ms=31.0 hands=0 pose=False mode=Gövde görünmüyor
2026-09-18 04:05:46,146 INFO Tracking camera_fps=37.0 inference_fps=34.6 model_ms=0.0 age_ms=16.0 hands=0 pose=False mode=Gövde görünmüyor
2026-09-18 04:05:49,177 INFO Tracking camera_fps=32.3 inference_fps=32.0 model_ms=0.0 age_ms=15.0 hands=0 pose=False mode=Gövde görünmüyor
2026-09-18 04:05:52,196 INFO Tracking camera_fps=32.4 inference_fps=37.0 model_ms=0.0 age_ms=0.0 hands=0 pose=False mode=Gövde görünmüyor
2026-09-18 04:05:55,235 INFO Tracking camera_fps=35.3 inference_fps=34.9 model_ms=16.0 age_ms=16.0 hands=0 pose=False mode=Gövde görünmüyor
2026-09-18 04:05:58,272 INFO Tracking camera_fps=31.5 inference_fps=33.2 model_ms=0.0 age_ms=16.0 hands=0 pose=False mode=Gövde görünmüyor
2026-09-18 04:17:23,649 INFO WebMotion starting integrity={'rid': 12288, 'name': 'High', 'error': 0}
2026-09-18 04:17:43,195 INFO Tracking camera_fps=96.2 inference_fps=0.9 model_ms=0.0 age_ms=16.0 hands=0 pose=False mode=Gövde görünmüyor
2026-09-18 04:17:46,219 INFO Tracking camera_fps=32.1 inference_fps=31.7 model_ms=15.0 age_ms=31.0 hands=0 pose=False mode=Gövde görünmüyor
2026-09-18 04:17:49,243 INFO Tracking camera_fps=33.2 inference_fps=33.3 model_ms=0.0 age_ms=16.0 hands=0 pose=False mode=Gövde görünmüyor
2026-09-18 04:17:52,272 INFO Tracking camera_fps=32.5 inference_fps=33.0 model_ms=0.0 age_ms=16.0 hands=0 pose=False mode=Gövde görünmüyor
2026-09-18 04:17:55,295 INFO Tracking camera_fps=30.5 inference_fps=32.3 model_ms=15.0 age_ms=15.0 hands=0 pose=False mode=Gövde görünmüyor
2026-09-18 04:17:58,307 INFO Tracking camera_fps=31.0 inference_fps=63.5 model_ms=16.0 age_ms=31.0 hands=0 pose=False mode=Gövde görünmüyor
2026-09-18 04:18:01,329 INFO Tracking camera_fps=33.7 inference_fps=31.8 model_ms=16.0 age_ms=32.0 hands=0 pose=False mode=Gövde görünmüyor
2026-09-18 04:18:04,354 INFO Tracking camera_fps=109.3 inference_fps=30.6 model_ms=16.0 age_ms=31.0 hands=0 pose=False mode=Gövde görünmüyor
2026-09-18 04:18:07,392 INFO Tracking camera_fps=32.8 inference_fps=33.8 model_ms=16.0 age_ms=16.0 hands=0 pose=False mode=Gövde görünmüyor
2026-09-18 04:18:10,422 INFO Tracking camera_fps=32.5 inference_fps=37.0 model_ms=15.0 age_ms=15.0 hands=0 pose=False mode=Gövde görünmüyor
2026-09-18 04:18:13,436 INFO Tracking camera_fps=32.2 inference_fps=84.7 model_ms=16.0 age_ms=16.0 hands=0 pose=False mode=Gövde görünmüyor
2026-09-18 04:18:16,458 INFO Tracking camera_fps=32.8 inference_fps=30.1 model_ms=0.0 age_ms=32.0 hands=0 pose=False mode=Gövde görünmüyor
2026-09-18 04:18:19,484 INFO Tracking camera_fps=32.4 inference_fps=30.5 model_ms=16.0 age_ms=31.0 hands=0 pose=False mode=Gövde görünmüyor
2026-09-18 04:18:22,506 INFO Tracking camera_fps=33.7 inference_fps=31.2 model_ms=0.0 age_ms=15.0 hands=0 pose=False mode=Gövde görünmüyor
2026-09-18 04:18:25,511 INFO Tracking camera_fps=30.6 inference_fps=33.2 model_ms=16.0 age_ms=31.0 hands=0 pose=True mode=Serbest
2026-09-18 04:18:28,530 INFO Tracking camera_fps=32.8 inference_fps=31.0 model_ms=16.0 age_ms=16.0 hands=0 pose=False mode=Gövde görünmüyor
2026-09-18 04:18:31,562 INFO Tracking camera_fps=34.8 inference_fps=32.6 model_ms=16.0 age_ms=31.0 hands=0 pose=False mode=Gövde görünmüyor
2026-09-18 04:18:34,591 INFO Tracking camera_fps=30.3 inference_fps=38.9 model_ms=15.0 age_ms=15.0 hands=0 pose=False mode=Gövde görünmüyor
2026-09-18 04:18:37,633 INFO Tracking camera_fps=31.5 inference_fps=31.7 model_ms=0.0 age_ms=15.0 hands=0 pose=False mode=Gövde görünmüyor
2026-09-18 04:18:40,652 INFO Tracking camera_fps=34.1 inference_fps=31.1 model_ms=16.0 age_ms=32.0 hands=0 pose=False mode=Gövde görünmüyor
2026-09-18 04:18:43,681 INFO Tracking camera_fps=31.3 inference_fps=35.4 model_ms=0.0 age_ms=0.0 hands=0 pose=False mode=Gövde görünmüyor
2026-09-18 04:18:46,688 INFO Tracking camera_fps=32.7 inference_fps=35.3 model_ms=16.0 age_ms=31.0 hands=2 pose=True mode=Serbest
2026-09-18 04:18:49,709 INFO Tracking camera_fps=87.8 inference_fps=31.6 model_ms=0.0 age_ms=16.0 hands=0 pose=False mode=Gövde görünmüyor
2026-09-18 04:18:52,741 INFO Tracking camera_fps=31.2 inference_fps=31.7 model_ms=0.0 age_ms=16.0 hands=0 pose=False mode=Gövde görünmüyor
2026-09-18 04:18:55,788 INFO Tracking camera_fps=31.9 inference_fps=38.1 model_ms=16.0 age_ms=32.0 hands=1 pose=True mode=Serbest
2026-09-18 04:18:58,805 INFO Tracking camera_fps=34.0 inference_fps=35.5 model_ms=15.0 age_ms=15.0 hands=1 pose=True mode=Serbest
2026-09-18 04:19:01,811 INFO Tracking camera_fps=31.3 inference_fps=33.2 model_ms=16.0 age_ms=31.0 hands=2 pose=True mode=Serbest
2026-09-18 04:19:04,865 INFO Tracking camera_fps=34.3 inference_fps=36.6 model_ms=16.0 age_ms=16.0 hands=2 pose=True mode=Serbest
2026-09-18 04:19:07,872 INFO Tracking camera_fps=32.5 inference_fps=37.4 model_ms=15.0 age_ms=31.0 hands=1 pose=True mode=Serbest
2026-09-18 04:19:10,901 INFO Tracking camera_fps=33.8 inference_fps=34.4 model_ms=16.0 age_ms=32.0 hands=1 pose=True mode=Serbest
2026-09-18 04:19:13,922 INFO Tracking camera_fps=33.4 inference_fps=34.7 model_ms=15.0 age_ms=31.0 hands=0 pose=True mode=Serbest
2026-09-18 04:19:16,960 INFO Tracking camera_fps=32.6 inference_fps=32.1 model_ms=0.0 age_ms=32.0 hands=0 pose=True mode=Serbest
2026-09-18 04:19:19,984 INFO Tracking camera_fps=31.7 inference_fps=33.5 model_ms=16.0 age_ms=31.0 hands=1 pose=True mode=Serbest
2026-09-18 04:19:23,013 INFO Tracking camera_fps=32.8 inference_fps=33.5 model_ms=16.0 age_ms=31.0 hands=2 pose=True mode=Swing
2026-09-18 04:19:26,037 INFO Tracking camera_fps=33.0 inference_fps=36.8 model_ms=16.0 age_ms=16.0 hands=0 pose=True mode=Serbest
2026-09-18 04:19:29,042 INFO Tracking camera_fps=31.1 inference_fps=34.3 model_ms=16.0 age_ms=31.0 hands=1 pose=True mode=Serbest
2026-09-18 04:19:32,064 INFO Tracking camera_fps=32.3 inference_fps=36.0 model_ms=16.0 age_ms=16.0 hands=2 pose=True mode=Swing
2026-09-18 04:19:35,115 INFO Tracking camera_fps=33.3 inference_fps=32.2 model_ms=16.0 age_ms=31.0 hands=2 pose=True mode=Nişan
2026-09-18 04:19:38,131 INFO Tracking camera_fps=30.8 inference_fps=33.2 model_ms=15.0 age_ms=15.0 hands=1 pose=True mode=Serbest
2026-09-18 04:19:41,158 INFO Tracking camera_fps=36.4 inference_fps=33.3 model_ms=16.0 age_ms=32.0 hands=2 pose=True mode=Serbest
2026-09-18 04:19:44,195 INFO Tracking camera_fps=30.6 inference_fps=34.2 model_ms=16.0 age_ms=16.0 hands=2 pose=True mode=Serbest
2026-09-18 04:19:47,228 INFO Tracking camera_fps=33.4 inference_fps=33.4 model_ms=15.0 age_ms=31.0 hands=1 pose=True mode=Serbest
2026-09-18 04:19:50,254 INFO Tracking camera_fps=61.1 inference_fps=30.9 model_ms=15.0 age_ms=31.0 hands=2 pose=True mode=Serbest
2026-09-18 04:19:53,286 INFO Tracking camera_fps=31.2 inference_fps=37.0 model_ms=16.0 age_ms=32.0 hands=1 pose=True mode=Serbest
2026-09-18 04:19:56,319 INFO Tracking camera_fps=32.0 inference_fps=34.4 model_ms=16.0 age_ms=16.0 hands=1 pose=True mode=Serbest
2026-09-18 04:19:59,326 INFO Tracking camera_fps=33.4 inference_fps=33.9 model_ms=16.0 age_ms=32.0 hands=0 pose=True mode=Serbest
2026-09-18 04:20:02,344 INFO Tracking camera_fps=31.6 inference_fps=31.5 model_ms=15.0 age_ms=31.0 hands=2 pose=True mode=Nişan
2026-09-18 04:20:05,371 INFO Tracking camera_fps=32.2 inference_fps=34.5 model_ms=15.0 age_ms=31.0 hands=2 pose=True mode=Nişan
2026-09-18 04:20:08,393 INFO Tracking camera_fps=33.2 inference_fps=37.2 model_ms=16.0 age_ms=16.0 hands=1 pose=True mode=Serbest
2026-09-18 04:20:11,403 INFO Tracking camera_fps=33.0 inference_fps=35.4 model_ms=16.0 age_ms=32.0 hands=2 pose=True mode=Serbest
2026-09-18 04:20:14,425 INFO Tracking camera_fps=31.5 inference_fps=36.5 model_ms=15.0 age_ms=15.0 hands=1 pose=True mode=Serbest
2026-09-18 04:20:17,458 INFO Tracking camera_fps=30.8 inference_fps=33.2 model_ms=16.0 age_ms=16.0 hands=2 pose=True mode=Serbest
2026-09-18 04:20:20,469 INFO Tracking camera_fps=58.3 inference_fps=31.4 model_ms=31.0 age_ms=31.0 hands=2 pose=True mode=Serbest
2026-09-18 04:20:23,522 INFO Tracking camera_fps=34.7 inference_fps=35.2 model_ms=16.0 age_ms=16.0 hands=1 pose=True mode=Serbest
2026-09-18 04:20:26,552 INFO Tracking camera_fps=30.3 inference_fps=33.8 model_ms=15.0 age_ms=15.0 hands=1 pose=True mode=Serbest
2026-09-18 04:20:29,581 INFO Tracking camera_fps=31.6 inference_fps=34.8 model_ms=16.0 age_ms=16.0 hands=1 pose=True mode=Serbest
2026-09-18 04:20:32,610 INFO Tracking camera_fps=31.8 inference_fps=31.9 model_ms=16.0 age_ms=31.0 hands=2 pose=True mode=Nişan
2026-09-18 04:20:35,642 INFO Tracking camera_fps=32.6 inference_fps=32.6 model_ms=16.0 age_ms=31.0 hands=2 pose=True mode=Nişan
2026-09-18 04:20:38,661 INFO Tracking camera_fps=31.1 inference_fps=35.9 model_ms=16.0 age_ms=16.0 hands=0 pose=True mode=Serbest
2026-09-18 04:20:41,692 INFO Tracking camera_fps=31.7 inference_fps=31.5 model_ms=16.0 age_ms=16.0 hands=0 pose=True mode=Serbest
2026-09-18 04:20:44,743 INFO Tracking camera_fps=33.6 inference_fps=33.0 model_ms=16.0 age_ms=31.0 hands=2 pose=True mode=Serbest
2026-09-18 04:20:47,762 INFO Tracking camera_fps=32.7 inference_fps=33.9 model_ms=16.0 age_ms=31.0 hands=1 pose=True mode=Serbest
2026-09-18 04:20:50,796 INFO Tracking camera_fps=31.1 inference_fps=34.0 model_ms=15.0 age_ms=31.0 hands=2 pose=True mode=Serbest
2026-09-18 04:20:53,811 INFO Tracking camera_fps=35.9 inference_fps=36.3 model_ms=16.0 age_ms=31.0 hands=1 pose=True mode=Eğilme
2026-09-18 04:20:56,863 INFO Tracking camera_fps=31.3 inference_fps=31.9 model_ms=16.0 age_ms=31.0 hands=1 pose=True mode=Eğilme
2026-09-18 04:20:59,884 INFO Tracking camera_fps=32.2 inference_fps=32.2 model_ms=15.0 age_ms=15.0 hands=1 pose=True mode=Eğilme
2026-09-18 04:21:02,909 INFO Tracking camera_fps=36.4 inference_fps=40.3 model_ms=16.0 age_ms=32.0 hands=2 pose=True mode=Eğilme
2026-09-18 04:21:05,917 INFO Tracking camera_fps=30.7 inference_fps=34.4 model_ms=31.0 age_ms=31.0 hands=2 pose=True mode=Eğilme
2026-09-18 04:21:08,950 INFO Tracking camera_fps=31.9 inference_fps=35.5 model_ms=32.0 age_ms=47.0 hands=2 pose=True mode=Eğilme
2026-09-18 04:21:10,137 INFO Mouse button=left down=True accepted=1
2026-09-18 04:21:10,242 INFO Mouse button=left down=False accepted=1
2026-09-18 04:21:10,761 INFO SendInput scan=0x39 down=True accepted=1 error=0 target_pid=9084
2026-09-18 04:21:10,792 INFO SendInput scan=0x39 down=False accepted=1 error=0 target_pid=9084
2026-09-18 04:21:10,918 INFO SendInput scan=0x39 down=True accepted=1 error=0 target_pid=9084
2026-09-18 04:21:11,029 INFO SendInput scan=0x39 down=False accepted=1 error=0 target_pid=9084
2026-09-18 04:21:11,091 INFO SendInput scan=0x2A down=True accepted=1 error=0 target_pid=9084
2026-09-18 04:21:11,972 INFO Tracking camera_fps=32.3 inference_fps=37.8 model_ms=15.0 age_ms=15.0 hands=2 pose=True mode=Swing
2026-09-18 04:21:13,681 INFO SendInput scan=0x2A down=False accepted=1 error=0 target_pid=9084
2026-09-18 04:21:14,390 INFO SendInput scan=0x39 down=True accepted=1 error=0 target_pid=9084
2026-09-18 04:21:14,502 INFO SendInput scan=0x39 down=False accepted=1 error=0 target_pid=9084
2026-09-18 04:21:14,564 INFO SendInput scan=0x2A down=True accepted=1 error=0 target_pid=9084
2026-09-18 04:21:14,983 INFO Tracking camera_fps=31.7 inference_fps=34.9 model_ms=31.0 age_ms=47.0 hands=2 pose=True mode=Swing
2026-09-18 04:21:17,193 INFO SendInput scan=0x2A down=False accepted=1 error=0 target_pid=9084
2026-09-18 04:21:17,822 INFO SendInput scan=0x39 down=True accepted=1 error=0 target_pid=9084
2026-09-18 04:21:17,916 INFO SendInput scan=0x39 down=False accepted=1 error=0 target_pid=9084
2026-09-18 04:21:17,979 INFO SendInput scan=0x2A down=True accepted=1 error=0 target_pid=9084
2026-09-18 04:21:17,996 INFO Tracking camera_fps=34.2 inference_fps=33.6 model_ms=31.0 age_ms=31.0 hands=1 pose=True mode=Swing
2026-09-18 04:21:18,685 INFO SendInput scan=0x2A down=False accepted=1 error=0 target_pid=9084
2026-09-18 04:21:19,013 INFO SendInput scan=0x39 down=True accepted=1 error=0 target_pid=9084
2026-09-18 04:21:19,125 INFO SendInput scan=0x39 down=False accepted=1 error=0 target_pid=9084
2026-09-18 04:21:19,187 INFO SendInput scan=0x2A down=True accepted=1 error=0 target_pid=9084
2026-09-18 04:21:19,343 INFO SendInput scan=0x2A down=False accepted=1 error=0 target_pid=9084
2026-09-18 04:21:19,974 INFO SendInput scan=0x39 down=True accepted=1 error=0 target_pid=9084
2026-09-18 04:21:20,084 INFO SendInput scan=0x39 down=False accepted=1 error=0 target_pid=9084
2026-09-18 04:21:20,147 INFO SendInput scan=0x2A down=True accepted=1 error=0 target_pid=9084
2026-09-18 04:21:20,445 INFO SendInput scan=0x2A down=False accepted=1 error=0 target_pid=9084
2026-09-18 04:21:20,571 INFO SendInput scan=0x39 down=True accepted=1 error=0 target_pid=9084
2026-09-18 04:21:20,680 INFO SendInput scan=0x39 down=False accepted=1 error=0 target_pid=9084
2026-09-18 04:21:21,043 INFO Tracking camera_fps=32.8 inference_fps=34.8 model_ms=31.0 age_ms=47.0 hands=1 pose=True mode=Eğilme
2026-09-18 04:21:21,373 INFO SendInput scan=0x39 down=True accepted=1 error=0 target_pid=9084
2026-09-18 04:21:21,482 INFO SendInput scan=0x39 down=False accepted=1 error=0 target_pid=9084
2026-09-18 04:21:21,545 INFO SendInput scan=0x2A down=True accepted=1 error=0 target_pid=9084
2026-09-18 04:21:21,747 INFO SendInput scan=0x2A down=False accepted=1 error=0 target_pid=9084
2026-09-18 04:21:22,834 INFO SendInput scan=0x39 down=True accepted=1 error=0 target_pid=9084
2026-09-18 04:21:22,943 INFO SendInput scan=0x39 down=False accepted=1 error=0 target_pid=9084
2026-09-18 04:21:23,005 INFO SendInput scan=0x2A down=True accepted=1 error=0 target_pid=9084
2026-09-18 04:21:24,095 INFO Tracking camera_fps=32.0 inference_fps=37.1 model_ms=15.0 age_ms=31.0 hands=2 pose=True mode=Swing
2026-09-18 04:21:25,170 INFO SendInput scan=0x2A down=False accepted=1 error=0 target_pid=9084
2026-09-18 04:21:25,483 INFO SendInput scan=0x39 down=True accepted=1 error=0 target_pid=9084
2026-09-18 04:21:25,594 INFO SendInput scan=0x39 down=False accepted=1 error=0 target_pid=9084
2026-09-18 04:21:27,132 INFO Tracking camera_fps=31.4 inference_fps=31.2 model_ms=15.0 age_ms=31.0 hands=1 pose=True mode=Eğilme
2026-09-18 04:21:29,372 INFO SendInput scan=0x39 down=True accepted=1 error=0 target_pid=9084
2026-09-18 04:21:29,481 INFO SendInput scan=0x39 down=False accepted=1 error=0 target_pid=9084
2026-09-18 04:21:29,545 INFO SendInput scan=0x2A down=True accepted=1 error=0 target_pid=9084
2026-09-18 04:21:30,158 INFO Tracking camera_fps=32.8 inference_fps=33.6 model_ms=16.0 age_ms=32.0 hands=2 pose=True mode=Swing
2026-09-18 04:21:31,967 INFO SendInput scan=0x2A down=False accepted=1 error=0 target_pid=9084
2026-09-18 04:21:32,628 INFO SendInput scan=0x39 down=True accepted=1 error=0 target_pid=9084
2026-09-18 04:21:32,738 INFO SendInput scan=0x39 down=False accepted=1 error=0 target_pid=9084
2026-09-18 04:21:32,800 INFO SendInput scan=0x2A down=True accepted=1 error=0 target_pid=9084
2026-09-18 04:21:33,020 INFO SendInput scan=0x2A down=False accepted=1 error=0 target_pid=9084
2026-09-18 04:21:33,161 INFO SendInput scan=0x39 down=True accepted=1 error=0 target_pid=9084
2026-09-18 04:21:33,199 INFO Tracking camera_fps=31.9 inference_fps=35.2 model_ms=32.0 age_ms=47.0 hands=2 pose=True mode=Swing
2026-09-18 04:21:33,272 INFO SendInput scan=0x39 down=False accepted=1 error=0 target_pid=9084
2026-09-18 04:21:33,336 INFO SendInput scan=0x2A down=True accepted=1 error=0 target_pid=9084
2026-09-18 04:21:33,918 INFO SendInput scan=0x2A down=False accepted=1 error=0 target_pid=9084
2026-09-18 04:21:34,249 INFO SendInput scan=0x39 down=True accepted=1 error=0 target_pid=9084
2026-09-18 04:21:34,359 INFO SendInput scan=0x39 down=False accepted=1 error=0 target_pid=9084
2026-09-18 04:21:34,828 INFO SendInput scan=0x39 down=True accepted=1 error=0 target_pid=9084
2026-09-18 04:21:34,941 INFO SendInput scan=0x39 down=False accepted=1 error=0 target_pid=9084
2026-09-18 04:21:35,001 INFO SendInput scan=0x2A down=True accepted=1 error=0 target_pid=9084
2026-09-18 04:21:35,126 INFO SendInput scan=0x2A down=False accepted=1 error=0 target_pid=9084
2026-09-18 04:21:35,330 INFO SendInput scan=0x39 down=True accepted=1 error=0 target_pid=9084
2026-09-18 04:21:35,441 INFO SendInput scan=0x39 down=False accepted=1 error=0 target_pid=9084
2026-09-18 04:21:35,502 INFO SendInput scan=0x2A down=True accepted=1 error=0 target_pid=9084
2026-09-18 04:21:35,550 INFO SendInput scan=0x2A down=False accepted=1 error=0 target_pid=9084
2026-09-18 04:21:35,787 INFO SendInput scan=0x39 down=True accepted=1 error=0 target_pid=9084
2026-09-18 04:21:35,896 INFO SendInput scan=0x39 down=False accepted=1 error=0 target_pid=9084
2026-09-18 04:21:35,959 INFO SendInput scan=0x2A down=True accepted=1 error=0 target_pid=9084
2026-09-18 04:21:36,132 INFO SendInput scan=0x2A down=False accepted=1 error=0 target_pid=9084
2026-09-18 04:21:36,248 INFO Tracking camera_fps=35.0 inference_fps=37.2 model_ms=15.0 age_ms=31.0 hands=2 pose=True mode=Eğilme
2026-09-18 04:21:36,480 INFO SendInput scan=0x39 down=True accepted=1 error=0 target_pid=9084
2026-09-18 04:21:36,590 INFO SendInput scan=0x39 down=False accepted=1 error=0 target_pid=9084
2026-09-18 04:21:36,652 INFO SendInput scan=0x2A down=True accepted=1 error=0 target_pid=9084
2026-09-18 04:21:36,700 INFO SendInput scan=0x2A down=False accepted=1 error=0 target_pid=9084
2026-09-18 04:21:36,952 INFO SendInput scan=0x39 down=True accepted=1 error=0 target_pid=9084
2026-09-18 04:21:37,061 INFO SendInput scan=0x39 down=False accepted=1 error=0 target_pid=9084
2026-09-18 04:21:37,126 INFO SendInput scan=0x2A down=True accepted=1 error=0 target_pid=9084
2026-09-18 04:21:38,023 INFO SendInput scan=0x2A down=False accepted=1 error=0 target_pid=9084
2026-09-18 04:21:38,383 INFO SendInput scan=0x39 down=True accepted=1 error=0 target_pid=9084
2026-09-18 04:21:38,492 INFO SendInput scan=0x39 down=False accepted=1 error=0 target_pid=9084
2026-09-18 04:21:38,557 INFO SendInput scan=0x2A down=True accepted=1 error=0 target_pid=9084
2026-09-18 04:21:38,665 INFO SendInput scan=0x2A down=False accepted=1 error=0 target_pid=9084
2026-09-18 04:21:38,821 INFO SendInput scan=0x39 down=True accepted=1 error=0 target_pid=9084
2026-09-18 04:21:38,931 INFO SendInput scan=0x39 down=False accepted=1 error=0 target_pid=9084
2026-09-18 04:21:38,993 INFO SendInput scan=0x2A down=True accepted=1 error=0 target_pid=9084
2026-09-18 04:21:39,281 INFO Tracking camera_fps=33.4 inference_fps=34.2 model_ms=16.0 age_ms=32.0 hands=2 pose=True mode=Swing
2026-09-18 04:21:40,565 INFO SendInput scan=0x2A down=False accepted=1 error=0 target_pid=9084
2026-09-18 04:21:41,021 INFO SendInput scan=0x39 down=True accepted=1 error=0 target_pid=9084
2026-09-18 04:21:41,132 INFO SendInput scan=0x39 down=False accepted=1 error=0 target_pid=9084
2026-09-18 04:21:41,196 INFO SendInput scan=0x2A down=True accepted=1 error=0 target_pid=9084
2026-09-18 04:21:42,315 INFO Tracking camera_fps=33.1 inference_fps=35.7 model_ms=16.0 age_ms=31.0 hands=2 pose=True mode=Swing
2026-09-18 04:21:44,162 INFO SendInput scan=0x2A down=False accepted=1 error=0 target_pid=9084
2026-09-18 04:21:44,447 INFO SendInput scan=0x39 down=True accepted=1 error=0 target_pid=9084
2026-09-18 04:21:44,543 INFO SendInput scan=0x39 down=False accepted=1 error=0 target_pid=9084
2026-09-18 04:21:44,608 INFO SendInput scan=0x2A down=True accepted=1 error=0 target_pid=9084
2026-09-18 04:21:45,346 INFO Tracking camera_fps=33.5 inference_fps=34.3 model_ms=15.0 age_ms=31.0 hands=2 pose=True mode=Swing
2026-09-18 04:21:48,124 INFO SendInput scan=0x2A down=False accepted=1 error=0 target_pid=9084
2026-09-18 04:21:48,390 INFO Tracking camera_fps=30.9 inference_fps=35.0 model_ms=31.0 age_ms=47.0 hands=1 pose=True mode=Eğilme
2026-09-18 04:21:48,642 INFO SendInput scan=0x39 down=True accepted=1 error=0 target_pid=9084
2026-09-18 04:21:48,753 INFO SendInput scan=0x39 down=False accepted=1 error=0 target_pid=9084
2026-09-18 04:21:48,815 INFO SendInput scan=0x2A down=True accepted=1 error=0 target_pid=9084
2026-09-18 04:21:49,190 INFO SendInput scan=0x2A down=False accepted=1 error=0 target_pid=9084
2026-09-18 04:21:49,458 INFO SendInput scan=0x39 down=True accepted=1 error=0 target_pid=9084
2026-09-18 04:21:49,553 INFO SendInput scan=0x39 down=False accepted=1 error=0 target_pid=9084
2026-09-18 04:21:50,149 INFO Mouse button=right down=True accepted=1
2026-09-18 04:21:50,730 INFO Mouse button=right down=False accepted=1
2026-09-18 04:21:51,430 INFO Tracking camera_fps=33.2 inference_fps=33.8 model_ms=15.0 age_ms=15.0 hands=2 pose=True mode=Swing
2026-09-18 04:21:51,442 INFO SendInput scan=0x39 down=True accepted=1 error=0 target_pid=9084
2026-09-18 04:21:51,554 INFO SendInput scan=0x39 down=False accepted=1 error=0 target_pid=9084
2026-09-18 04:21:51,618 INFO SendInput scan=0x2A down=True accepted=1 error=0 target_pid=9084
2026-09-18 04:21:53,119 INFO SendInput scan=0x2A down=False accepted=1 error=0 target_pid=9084
2026-09-18 04:21:53,685 INFO SendInput scan=0x39 down=True accepted=1 error=0 target_pid=9084
2026-09-18 04:21:53,795 INFO SendInput scan=0x39 down=False accepted=1 error=0 target_pid=9084
2026-09-18 04:21:53,967 INFO SendInput scan=0x39 down=True accepted=1 error=0 target_pid=9084
2026-09-18 04:21:54,079 INFO SendInput scan=0x39 down=False accepted=1 error=0 target_pid=9084
2026-09-18 04:21:54,142 INFO SendInput scan=0x2A down=True accepted=1 error=0 target_pid=9084
2026-09-18 04:21:54,481 INFO Tracking camera_fps=30.9 inference_fps=32.4 model_ms=31.0 age_ms=47.0 hands=1 pose=True mode=Swing
2026-09-18 04:21:54,518 INFO SendInput scan=0x2A down=False accepted=1 error=0 target_pid=9084
2026-09-18 04:21:54,756 INFO SendInput scan=0x39 down=True accepted=1 error=0 target_pid=9084
2026-09-18 04:21:54,772 INFO SendInput scan=0x39 down=False accepted=1 error=0 target_pid=9084
2026-09-18 04:21:55,542 INFO SendInput scan=0x39 down=True accepted=1 error=0 target_pid=9084
2026-09-18 04:21:55,666 INFO SendInput scan=0x39 down=False accepted=1 error=0 target_pid=9084
2026-09-18 04:21:55,714 INFO SendInput scan=0x2A down=True accepted=1 error=0 target_pid=9084
2026-09-18 04:21:56,464 INFO SendInput scan=0x1E down=True accepted=1 error=0 target_pid=9084
2026-09-18 04:21:57,502 INFO Tracking camera_fps=32.4 inference_fps=33.4 model_ms=31.0 age_ms=31.0 hands=2 pose=True mode=Swing
2026-09-18 04:21:57,942 INFO SendInput scan=0x2A down=False accepted=1 error=0 target_pid=9084
2026-09-18 04:21:57,942 INFO SendInput scan=0x1E down=False accepted=1 error=0 target_pid=9084
2026-09-18 04:21:58,303 INFO SendInput scan=0x39 down=True accepted=1 error=0 target_pid=9084
2026-09-18 04:21:58,414 INFO SendInput scan=0x39 down=False accepted=1 error=0 target_pid=9084
2026-09-18 04:21:58,476 INFO SendInput scan=0x2A down=True accepted=1 error=0 target_pid=9084
2026-09-18 04:21:59,559 INFO SendInput scan=0x2A down=False accepted=1 error=0 target_pid=9084
2026-09-18 04:22:00,540 INFO Tracking camera_fps=31.3 inference_fps=32.3 model_ms=16.0 age_ms=32.0 hands=1 pose=True mode=Eğilme
2026-09-18 04:22:01,235 INFO SendInput scan=0x39 down=True accepted=1 error=0 target_pid=9084
2026-09-18 04:22:01,297 INFO SendInput scan=0x39 down=False accepted=1 error=0 target_pid=9084
2026-09-18 04:22:01,864 INFO SendInput scan=0x39 down=True accepted=1 error=0 target_pid=9084
2026-09-18 04:22:01,973 INFO SendInput scan=0x39 down=False accepted=1 error=0 target_pid=9084
2026-09-18 04:22:02,036 INFO SendInput scan=0x2A down=True accepted=1 error=0 target_pid=9084
2026-09-18 04:22:02,334 INFO SendInput scan=0x2A down=False accepted=1 error=0 target_pid=9084
2026-09-18 04:22:03,565 INFO Tracking camera_fps=31.0 inference_fps=33.7 model_ms=31.0 age_ms=31.0 hands=2 pose=True mode=Eğilme
2026-09-18 04:22:04,853 INFO SendInput scan=0x39 down=True accepted=1 error=0 target_pid=9084
2026-09-18 04:22:04,962 INFO SendInput scan=0x39 down=False accepted=1 error=0 target_pid=9084
2026-09-18 04:22:05,024 INFO SendInput scan=0x2A down=True accepted=1 error=0 target_pid=9084
2026-09-18 04:22:06,486 INFO SendInput scan=0x2A down=False accepted=1 error=0 target_pid=9084
2026-09-18 04:22:06,585 INFO Tracking camera_fps=31.8 inference_fps=35.7 model_ms=16.0 age_ms=16.0 hands=2 pose=True mode=Eğilme
2026-09-18 04:22:07,636 INFO SendInput scan=0x39 down=True accepted=1 error=0 target_pid=9084
2026-09-18 04:22:07,746 INFO SendInput scan=0x39 down=False accepted=1 error=0 target_pid=9084
2026-09-18 04:22:07,809 INFO SendInput scan=0x2A down=True accepted=1 error=0 target_pid=9084
2026-09-18 04:22:07,856 INFO SendInput scan=0x2A down=False accepted=1 error=0 target_pid=9084
2026-09-18 04:22:08,240 INFO SendInput scan=0x39 down=True accepted=1 error=0 target_pid=9084
2026-09-18 04:22:08,346 INFO SendInput scan=0x39 down=False accepted=1 error=0 target_pid=9084
2026-09-18 04:22:08,409 INFO SendInput scan=0x2A down=True accepted=1 error=0 target_pid=9084
2026-09-18 04:22:08,503 INFO SendInput scan=0x2A down=False accepted=1 error=0 target_pid=9084
2026-09-18 04:22:08,674 INFO SendInput scan=0x39 down=True accepted=1 error=0 target_pid=9084
2026-09-18 04:22:08,785 INFO SendInput scan=0x39 down=False accepted=1 error=0 target_pid=9084
2026-09-18 04:22:08,848 INFO SendInput scan=0x2A down=True accepted=1 error=0 target_pid=9084
2026-09-18 04:22:09,399 INFO SendInput scan=0x2A down=False accepted=1 error=0 target_pid=9084
2026-09-18 04:22:09,571 INFO SendInput scan=0x39 down=True accepted=1 error=0 target_pid=9084
2026-09-18 04:22:09,627 INFO Tracking camera_fps=36.4 inference_fps=33.6 model_ms=15.0 age_ms=31.0 hands=2 pose=True mode=Swing
2026-09-18 04:22:09,681 INFO SendInput scan=0x39 down=False accepted=1 error=0 target_pid=9084
2026-09-18 04:22:09,743 INFO SendInput scan=0x2A down=True accepted=1 error=0 target_pid=9084
2026-09-18 04:22:11,295 INFO SendInput scan=0x2A down=False accepted=1 error=0 target_pid=9084
2026-09-18 04:22:12,457 INFO SendInput scan=0x39 down=True accepted=1 error=0 target_pid=9084
2026-09-18 04:22:12,565 INFO SendInput scan=0x39 down=False accepted=1 error=0 target_pid=9084
2026-09-18 04:22:12,648 INFO Tracking camera_fps=34.0 inference_fps=34.9 model_ms=16.0 age_ms=16.0 hands=1 pose=True mode=Eğilme
2026-09-18 04:22:13,180 INFO SendInput scan=0x39 down=True accepted=1 error=0 target_pid=9084
2026-09-18 04:22:13,292 INFO SendInput scan=0x39 down=False accepted=1 error=0 target_pid=9084
2026-09-18 04:22:13,353 INFO SendInput scan=0x2A down=True accepted=1 error=0 target_pid=9084
2026-09-18 04:22:15,653 INFO Tracking camera_fps=31.4 inference_fps=32.9 model_ms=32.0 age_ms=47.0 hands=2 pose=True mode=Swing
2026-09-18 04:22:16,717 INFO SendInput scan=0x2A down=False accepted=1 error=0 target_pid=9084
2026-09-18 04:22:17,062 INFO SendInput scan=0x39 down=True accepted=1 error=0 target_pid=9084
2026-09-18 04:22:17,173 INFO SendInput scan=0x39 down=False accepted=1 error=0 target_pid=9084
2026-09-18 04:22:17,235 INFO SendInput scan=0x2A down=True accepted=1 error=0 target_pid=9084
2026-09-18 04:22:17,453 INFO SendInput scan=0x2A down=False accepted=1 error=0 target_pid=9084
2026-09-18 04:22:17,691 INFO SendInput scan=0x39 down=True accepted=1 error=0 target_pid=9084
2026-09-18 04:22:17,804 INFO SendInput scan=0x39 down=False accepted=1 error=0 target_pid=9084
2026-09-18 04:22:17,865 INFO SendInput scan=0x2A down=True accepted=1 error=0 target_pid=9084
2026-09-18 04:22:18,675 INFO Tracking camera_fps=31.0 inference_fps=33.2 model_ms=15.0 age_ms=31.0 hands=2 pose=True mode=Swing
2026-09-18 04:22:18,921 INFO SendInput scan=0x2A down=False accepted=1 error=0 target_pid=9084
2026-09-18 04:22:19,108 INFO SendInput scan=0x39 down=True accepted=1 error=0 target_pid=9084
2026-09-18 04:22:19,220 INFO SendInput scan=0x39 down=False accepted=1 error=0 target_pid=9084
2026-09-18 04:22:19,283 INFO SendInput scan=0x2A down=True accepted=1 error=0 target_pid=9084
2026-09-18 04:22:19,315 INFO SendInput scan=0x2A down=False accepted=1 error=0 target_pid=9084
2026-09-18 04:22:19,911 INFO Mouse button=left down=True accepted=1
2026-09-18 04:22:20,022 INFO Mouse button=left down=False accepted=1
2026-09-18 04:22:21,712 INFO Tracking camera_fps=31.2 inference_fps=33.5 model_ms=16.0 age_ms=32.0 hands=1 pose=True mode=Serbest
2026-09-18 04:22:21,893 INFO Mouse button=left down=True accepted=1
2026-09-18 04:22:22,001 INFO Mouse button=left down=False accepted=1
2026-09-18 04:22:23,179 INFO Mouse button=left down=True accepted=1
2026-09-18 04:22:23,290 INFO Mouse button=left down=False accepted=1
2026-09-18 04:22:24,449 INFO Mouse button=left down=True accepted=1
2026-09-18 04:22:24,558 INFO Mouse button=left down=False accepted=1
2026-09-18 04:22:24,726 INFO Tracking camera_fps=32.4 inference_fps=41.0 model_ms=15.0 age_ms=15.0 hands=2 pose=True mode=Eğilme
2026-09-18 04:22:27,033 INFO Mouse button=left down=True accepted=1
2026-09-18 04:22:27,144 INFO Mouse button=left down=False accepted=1
2026-09-18 04:22:27,348 INFO Mouse button=left down=True accepted=1
2026-09-18 04:22:27,460 INFO Mouse button=left down=False accepted=1
2026-09-18 04:22:27,741 INFO Tracking camera_fps=32.7 inference_fps=37.3 model_ms=16.0 age_ms=31.0 hands=2 pose=True mode=Eğilme
2026-09-18 04:22:29,412 INFO SendInput scan=0x39 down=True accepted=1 error=0 target_pid=9084
2026-09-18 04:22:29,522 INFO SendInput scan=0x39 down=False accepted=1 error=0 target_pid=9084
2026-09-18 04:22:29,803 INFO SendInput scan=0x39 down=True accepted=1 error=0 target_pid=9084
2026-09-18 04:22:29,914 INFO SendInput scan=0x39 down=False accepted=1 error=0 target_pid=9084
2026-09-18 04:22:29,977 INFO SendInput scan=0x2A down=True accepted=1 error=0 target_pid=9084
2026-09-18 04:22:30,770 INFO Tracking camera_fps=30.4 inference_fps=32.6 model_ms=16.0 age_ms=31.0 hands=2 pose=True mode=Swing
2026-09-18 04:22:31,838 INFO SendInput scan=0x1E down=True accepted=1 error=0 target_pid=9084
2026-09-18 04:22:33,783 INFO Tracking camera_fps=31.1 inference_fps=32.1 model_ms=16.0 age_ms=16.0 hands=2 pose=True mode=Swing
2026-09-18 04:22:36,342 INFO SendInput scan=0x1E down=False accepted=1 error=0 target_pid=9084
2026-09-18 04:22:36,822 INFO Tracking camera_fps=36.4 inference_fps=33.4 model_ms=16.0 age_ms=16.0 hands=1 pose=True mode=Swing
2026-09-18 04:22:36,908 INFO SendInput scan=0x20 down=True accepted=1 error=0 target_pid=9084
2026-09-18 04:22:38,369 INFO SendInput scan=0x2A down=False accepted=1 error=0 target_pid=9084
2026-09-18 04:22:38,369 INFO SendInput scan=0x20 down=False accepted=1 error=0 target_pid=9084
2026-09-18 04:22:39,243 INFO SendInput scan=0x39 down=True accepted=1 error=0 target_pid=9084
2026-09-18 04:22:39,271 INFO SendInput scan=0x39 down=False accepted=1 error=0 target_pid=9084
2026-09-18 04:22:39,829 INFO Tracking camera_fps=30.9 inference_fps=34.6 model_ms=16.0 age_ms=32.0 hands=1 pose=True mode=Eğilme
2026-09-18 04:22:42,093 INFO SendInput scan=0x39 down=True accepted=1 error=0 target_pid=9084
2026-09-18 04:22:42,208 INFO SendInput scan=0x39 down=False accepted=1 error=0 target_pid=9084
2026-09-18 04:22:42,856 INFO Tracking camera_fps=36.2 inference_fps=37.4 model_ms=15.0 age_ms=47.0 hands=2 pose=True mode=Eğilme
2026-09-18 04:22:43,224 INFO SendInput scan=0x39 down=True accepted=1 error=0 target_pid=9084
2026-09-18 04:22:43,337 INFO SendInput scan=0x39 down=False accepted=1 error=0 target_pid=9084
2026-09-18 04:22:43,400 INFO SendInput scan=0x2A down=True accepted=1 error=0 target_pid=9084
2026-09-18 04:22:43,965 INFO SendInput scan=0x2A down=False accepted=1 error=0 target_pid=9084
2026-09-18 04:22:44,486 INFO SendInput scan=0x39 down=True accepted=1 error=0 target_pid=9084
2026-09-18 04:22:44,596 INFO SendInput scan=0x39 down=False accepted=1 error=0 target_pid=9084
2026-09-18 04:22:44,660 INFO SendInput scan=0x2A down=True accepted=1 error=0 target_pid=9084
2026-09-18 04:22:45,617 INFO SendInput scan=0x20 down=True accepted=1 error=0 target_pid=9084
2026-09-18 04:22:45,893 INFO Tracking camera_fps=32.0 inference_fps=33.9 model_ms=31.0 age_ms=47.0 hands=1 pose=True mode=Swing
2026-09-18 04:22:45,899 INFO SendInput scan=0x20 down=False accepted=1 error=0 target_pid=9084
2026-09-18 04:22:47,224 INFO SendInput scan=0x1E down=True accepted=1 error=0 target_pid=9084
2026-09-18 04:22:48,912 INFO Tracking camera_fps=32.6 inference_fps=34.0 model_ms=16.0 age_ms=32.0 hands=2 pose=True mode=Swing
2026-09-18 04:22:50,218 INFO SendInput scan=0x2A down=False accepted=1 error=0 target_pid=9084
2026-09-18 04:22:50,218 INFO SendInput scan=0x1E down=False accepted=1 error=0 target_pid=9084
2026-09-18 04:22:50,950 INFO SendInput scan=0x39 down=True accepted=1 error=0 target_pid=9084
2026-09-18 04:22:50,997 INFO SendInput scan=0x39 down=False accepted=1 error=0 target_pid=9084
2026-09-18 04:22:51,139 INFO SendInput scan=0x39 down=True accepted=1 error=0 target_pid=9084
2026-09-18 04:22:51,246 INFO SendInput scan=0x39 down=False accepted=1 error=0 target_pid=9084
2026-09-18 04:22:51,309 INFO SendInput scan=0x2A down=True accepted=1 error=0 target_pid=9084
2026-09-18 04:22:51,919 INFO Tracking camera_fps=29.9 inference_fps=34.5 model_ms=31.0 age_ms=47.0 hands=1 pose=True mode=Swing
2026-09-18 04:22:53,917 INFO SendInput scan=0x2A down=False accepted=1 error=0 target_pid=9084
2026-09-18 04:22:54,312 INFO SendInput scan=0x39 down=True accepted=1 error=0 target_pid=9084
2026-09-18 04:22:54,426 INFO SendInput scan=0x39 down=False accepted=1 error=0 target_pid=9084
2026-09-18 04:22:54,485 INFO SendInput scan=0x2A down=True accepted=1 error=0 target_pid=9084
2026-09-18 04:22:54,953 INFO Tracking camera_fps=33.2 inference_fps=34.6 model_ms=32.0 age_ms=47.0 hands=1 pose=True mode=Swing
2026-09-18 04:22:57,444 INFO SendInput scan=0x2A down=False accepted=1 error=0 target_pid=9084
2026-09-18 04:22:57,985 INFO Tracking camera_fps=31.5 inference_fps=35.3 model_ms=16.0 age_ms=47.0 hands=2 pose=True mode=Serbest
2026-09-18 04:22:58,212 INFO SendInput scan=0x39 down=True accepted=1 error=0 target_pid=9084
2026-09-18 04:22:58,322 INFO SendInput scan=0x39 down=False accepted=1 error=0 target_pid=9084
2026-09-18 04:22:58,385 INFO SendInput scan=0x2A down=True accepted=1 error=0 target_pid=9084
2026-09-18 04:23:00,677 INFO SendInput scan=0x2A down=False accepted=1 error=0 target_pid=9084
2026-09-18 04:23:00,816 INFO SendInput scan=0x39 down=True accepted=1 error=0 target_pid=9084
2026-09-18 04:23:00,848 INFO SendInput scan=0x39 down=False accepted=1 error=0 target_pid=9084
2026-09-18 04:23:00,996 INFO Tracking camera_fps=32.1 inference_fps=35.7 model_ms=31.0 age_ms=31.0 hands=2 pose=True mode=Serbest
2026-09-18 04:23:01,938 INFO SendInput scan=0x39 down=True accepted=1 error=0 target_pid=9084
2026-09-18 04:23:02,047 INFO SendInput scan=0x39 down=False accepted=1 error=0 target_pid=9084
2026-09-18 04:23:03,730 INFO SendInput scan=0x39 down=True accepted=1 error=0 target_pid=9084
2026-09-18 04:23:03,809 INFO SendInput scan=0x39 down=False accepted=1 error=0 target_pid=9084
2026-09-18 04:23:04,035 INFO Tracking camera_fps=30.8 inference_fps=33.3 model_ms=16.0 age_ms=32.0 hands=2 pose=True mode=Serbest
2026-09-18 04:23:04,862 INFO Mouse button=left down=True accepted=1
2026-09-18 04:23:04,975 INFO Mouse button=left down=False accepted=1
2026-09-18 04:23:05,174 INFO SendInput scan=0x39 down=True accepted=1 error=0 target_pid=9084
2026-09-18 04:23:05,285 INFO SendInput scan=0x39 down=False accepted=1 error=0 target_pid=9084
2026-09-18 04:23:05,348 INFO SendInput scan=0x2A down=True accepted=1 error=0 target_pid=9084
2026-09-18 04:23:05,981 INFO SendInput scan=0x2A down=False accepted=1 error=0 target_pid=9084
2026-09-18 04:23:07,061 INFO Tracking camera_fps=30.8 inference_fps=32.2 model_ms=31.0 age_ms=31.0 hands=2 pose=True mode=Serbest
2026-09-18 04:23:08,768 INFO SendInput scan=0x1D down=True accepted=1 error=0 target_pid=9084
2026-09-18 04:23:08,879 INFO SendInput scan=0x1D down=False accepted=1 error=0 target_pid=9084
2026-09-18 04:23:09,192 INFO SendInput scan=0x39 down=True accepted=1 error=0 target_pid=9084
2026-09-18 04:23:09,270 INFO SendInput scan=0x39 down=False accepted=1 error=0 target_pid=9084
2026-09-18 04:23:10,087 INFO Tracking camera_fps=32.2 inference_fps=41.9 model_ms=0.0 age_ms=16.0 hands=0 pose=True mode=Serbest
2026-09-18 04:23:13,123 INFO Tracking camera_fps=33.8 inference_fps=34.1 model_ms=16.0 age_ms=31.0 hands=2 pose=True mode=Serbest
2026-09-18 04:23:15,242 INFO Mouse button=right down=True accepted=1
2026-09-18 04:23:16,142 INFO Tracking camera_fps=100.4 inference_fps=31.3 model_ms=16.0 age_ms=31.0 hands=2 pose=True mode=Nişan
2026-09-18 04:23:17,351 INFO SendInput scan=0x12 down=True accepted=1 error=0 target_pid=9084
2026-09-18 04:23:17,448 INFO SendInput scan=0x12 down=False accepted=1 error=0 target_pid=9084
2026-09-18 04:23:17,654 INFO Mouse button=right down=False accepted=1
2026-09-18 04:23:18,488 INFO Mouse button=left down=True accepted=1
2026-09-18 04:23:18,597 INFO Mouse button=left down=False accepted=1
2026-09-18 04:23:18,895 INFO SendInput scan=0x39 down=True accepted=1 error=0 target_pid=9084
2026-09-18 04:23:18,911 INFO SendInput scan=0x39 down=False accepted=1 error=0 target_pid=9084
2026-09-18 04:23:18,911 INFO Mouse button=right down=True accepted=1
2026-09-18 04:23:19,181 INFO Tracking camera_fps=33.7 inference_fps=33.2 model_ms=15.0 age_ms=15.0 hands=2 pose=True mode=Nişan
2026-09-18 04:23:19,427 INFO SendInput scan=0x12 down=True accepted=1 error=0 target_pid=9084
2026-09-18 04:23:19,536 INFO SendInput scan=0x12 down=False accepted=1 error=0 target_pid=9084
2026-09-18 04:23:20,290 INFO SendInput scan=0x12 down=True accepted=1 error=0 target_pid=9084
2026-09-18 04:23:20,400 INFO SendInput scan=0x12 down=False accepted=1 error=0 target_pid=9084
2026-09-18 04:23:20,952 INFO SendInput scan=0x12 down=True accepted=1 error=0 target_pid=9084
2026-09-18 04:23:21,062 INFO SendInput scan=0x12 down=False accepted=1 error=0 target_pid=9084
2026-09-18 04:23:21,361 INFO SendInput scan=0x12 down=True accepted=1 error=0 target_pid=9084
2026-09-18 04:23:21,470 INFO SendInput scan=0x12 down=False accepted=1 error=0 target_pid=9084
2026-09-18 04:23:21,988 INFO SendInput scan=0x12 down=True accepted=1 error=0 target_pid=9084
2026-09-18 04:23:22,098 INFO SendInput scan=0x12 down=False accepted=1 error=0 target_pid=9084
2026-09-18 04:23:22,183 INFO Tracking camera_fps=31.2 inference_fps=34.0 model_ms=15.0 age_ms=31.0 hands=2 pose=True mode=Nişan
2026-09-18 04:23:22,255 INFO Mouse button=right down=False accepted=1
2026-09-18 04:23:24,754 INFO Mouse button=left down=True accepted=1
2026-09-18 04:23:24,864 INFO Mouse button=left down=False accepted=1
2026-09-18 04:23:25,212 INFO Tracking camera_fps=31.0 inference_fps=36.5 model_ms=16.0 age_ms=32.0 hands=1 pose=True mode=Eğilme
2026-09-18 04:23:26,247 INFO Mouse button=left down=True accepted=1
2026-09-18 04:23:26,360 INFO Mouse button=left down=False accepted=1
2026-09-18 04:23:28,234 INFO Tracking camera_fps=34.4 inference_fps=31.5 model_ms=16.0 age_ms=31.0 hands=2 pose=True mode=Eğilme
2026-09-18 04:23:31,066 INFO SendInput scan=0x39 down=True accepted=1 error=0 target_pid=9084
2026-09-18 04:23:31,097 INFO Mouse button=left down=True accepted=1
2026-09-18 04:23:31,146 INFO SendInput scan=0x39 down=False accepted=1 error=0 target_pid=9084
2026-09-18 04:23:31,208 INFO Mouse button=left down=False accepted=1
2026-09-18 04:23:31,251 INFO Tracking camera_fps=31.8 inference_fps=33.1 model_ms=31.0 age_ms=46.0 hands=1 pose=True mode=Serbest
2026-09-18 04:23:34,269 INFO Tracking camera_fps=32.1 inference_fps=29.2 model_ms=31.0 age_ms=31.0 hands=1 pose=True mode=Eğilme
2026-09-18 04:23:37,291 INFO Tracking camera_fps=32.1 inference_fps=34.3 model_ms=16.0 age_ms=47.0 hands=1 pose=True mode=Serbest
2026-09-18 04:23:37,385 INFO SendInput scan=0x39 down=True accepted=1 error=0 target_pid=9084
2026-09-18 04:23:37,497 INFO SendInput scan=0x39 down=False accepted=1 error=0 target_pid=9084
2026-09-18 04:23:37,510 INFO Mouse button=right down=True accepted=1
2026-09-18 04:23:38,176 INFO SendInput scan=0x12 down=True accepted=1 error=0 target_pid=9084
2026-09-18 04:23:38,282 INFO SendInput scan=0x12 down=False accepted=1 error=0 target_pid=9084
2026-09-18 04:23:39,069 INFO Mouse button=right down=False accepted=1
2026-09-18 04:23:39,177 INFO SendInput scan=0x39 down=True accepted=1 error=0 target_pid=9084
2026-09-18 04:23:39,288 INFO SendInput scan=0x39 down=False accepted=1 error=0 target_pid=9084
2026-09-18 04:23:39,353 INFO SendInput scan=0x2A down=True accepted=1 error=0 target_pid=9084
2026-09-18 04:23:40,204 INFO SendInput scan=0x2A down=False accepted=1 error=0 target_pid=9084
2026-09-18 04:23:40,337 INFO Tracking camera_fps=31.1 inference_fps=34.1 model_ms=16.0 age_ms=32.0 hands=2 pose=True mode=Eğilme
2026-09-18 04:23:41,793 INFO Mouse button=right down=True accepted=1
2026-09-18 04:23:42,058 INFO SendInput scan=0x12 down=True accepted=1 error=0 target_pid=9084
2026-09-18 04:23:42,168 INFO SendInput scan=0x12 down=False accepted=1 error=0 target_pid=9084
2026-09-18 04:23:42,576 INFO SendInput scan=0x12 down=True accepted=1 error=0 target_pid=9084
2026-09-18 04:23:42,685 INFO SendInput scan=0x12 down=False accepted=1 error=0 target_pid=9084
2026-09-18 04:23:43,000 INFO SendInput scan=0x12 down=True accepted=1 error=0 target_pid=9084
2026-09-18 04:23:43,108 INFO SendInput scan=0x12 down=False accepted=1 error=0 target_pid=9084
2026-09-18 04:23:43,357 INFO Tracking camera_fps=33.8 inference_fps=30.9 model_ms=31.0 age_ms=31.0 hands=2 pose=True mode=Nişan
2026-09-18 04:23:46,385 INFO Tracking camera_fps=32.6 inference_fps=37.4 model_ms=15.0 age_ms=15.0 hands=2 pose=True mode=Nişan
2026-09-18 04:23:46,666 INFO Mouse button=right down=False accepted=1
2026-09-18 04:23:46,762 INFO SendInput scan=0x39 down=True accepted=1 error=0 target_pid=9084
2026-09-18 04:23:46,884 INFO SendInput scan=0x39 down=False accepted=1 error=0 target_pid=9084
2026-09-18 04:23:46,947 INFO SendInput scan=0x2A down=True accepted=1 error=0 target_pid=9084
2026-09-18 04:23:47,230 INFO SendInput scan=0x2A down=False accepted=1 error=0 target_pid=9084
2026-09-18 04:23:47,355 INFO SendInput scan=0x39 down=True accepted=1 error=0 target_pid=9084
2026-09-18 04:23:47,465 INFO SendInput scan=0x39 down=False accepted=1 error=0 target_pid=9084
2026-09-18 04:23:47,528 INFO SendInput scan=0x2A down=True accepted=1 error=0 target_pid=9084
2026-09-18 04:23:47,606 INFO SendInput scan=0x2A down=False accepted=1 error=0 target_pid=9084
2026-09-18 04:23:47,609 INFO Mouse button=right down=True accepted=1
2026-09-18 04:23:48,095 INFO SendInput scan=0x12 down=True accepted=1 error=0 target_pid=9084
2026-09-18 04:23:48,203 INFO SendInput scan=0x12 down=False accepted=1 error=0 target_pid=9084
2026-09-18 04:23:48,596 INFO SendInput scan=0x12 down=True accepted=1 error=0 target_pid=9084
2026-09-18 04:23:48,706 INFO SendInput scan=0x12 down=False accepted=1 error=0 target_pid=9084
2026-09-18 04:23:49,394 INFO Tracking camera_fps=32.5 inference_fps=32.9 model_ms=16.0 age_ms=47.0 hands=2 pose=True mode=Nişan
2026-09-18 04:23:50,262 INFO SendInput scan=0x12 down=True accepted=1 error=0 target_pid=9084
2026-09-18 04:23:50,294 INFO SendInput scan=0x12 down=False accepted=1 error=0 target_pid=9084
2026-09-18 04:23:50,296 INFO Mouse button=right down=False accepted=1
2026-09-18 04:23:52,407 INFO Tracking camera_fps=30.2 inference_fps=34.6 model_ms=16.0 age_ms=16.0 hands=2 pose=True mode=Eğilme
2026-09-18 04:23:52,697 INFO Mouse button=right down=True accepted=1
2026-09-18 04:23:53,312 INFO Mouse button=right down=False accepted=1
2026-09-18 04:23:53,878 INFO SendInput scan=0x39 down=True accepted=1 error=0 target_pid=9084
2026-09-18 04:23:53,988 INFO SendInput scan=0x39 down=False accepted=1 error=0 target_pid=9084
2026-09-18 04:23:55,424 INFO Tracking camera_fps=35.6 inference_fps=32.3 model_ms=15.0 age_ms=31.0 hands=2 pose=True mode=Eğilme
2026-09-18 04:23:58,452 INFO Tracking camera_fps=34.5 inference_fps=31.0 model_ms=16.0 age_ms=47.0 hands=2 pose=True mode=Eğilme
2026-09-18 04:24:00,659 INFO Mouse button=left down=True accepted=1
2026-09-18 04:24:00,767 INFO Mouse button=left down=False accepted=1
2026-09-18 04:24:01,477 INFO Tracking camera_fps=32.9 inference_fps=37.4 model_ms=15.0 age_ms=31.0 hands=1 pose=True mode=Eğilme
2026-09-18 04:24:03,550 INFO Mouse button=left down=True accepted=1
2026-09-18 04:24:03,660 INFO Mouse button=left down=False accepted=1
2026-09-18 04:24:04,004 INFO Mouse button=left down=True accepted=1
2026-09-18 04:24:04,114 INFO Mouse button=left down=False accepted=1
2026-09-18 04:24:04,501 INFO Tracking camera_fps=31.9 inference_fps=35.7 model_ms=15.0 age_ms=31.0 hands=2 pose=True mode=Eğilme
2026-09-18 04:24:05,118 INFO Mouse button=left down=True accepted=1
2026-09-18 04:24:05,230 INFO Mouse button=left down=False accepted=1
2026-09-18 04:24:07,049 INFO Mouse button=left down=True accepted=1
2026-09-18 04:24:07,161 INFO Mouse button=left down=False accepted=1
2026-09-18 04:24:07,529 INFO Tracking camera_fps=30.7 inference_fps=34.6 model_ms=32.0 age_ms=32.0 hands=2 pose=True mode=Eğilme
2026-09-18 04:24:08,510 INFO Mouse button=left down=True accepted=1
2026-09-18 04:24:08,604 INFO Mouse button=left down=False accepted=1
2026-09-18 04:24:10,564 INFO Tracking camera_fps=30.9 inference_fps=33.6 model_ms=16.0 age_ms=31.0 hands=2 pose=True mode=Eğilme
2026-09-18 04:24:13,588 INFO Tracking camera_fps=33.8 inference_fps=35.0 model_ms=16.0 age_ms=16.0 hands=2 pose=True mode=Eğilme
2026-09-18 04:24:16,595 INFO Tracking camera_fps=81.9 inference_fps=31.1 model_ms=15.0 age_ms=31.0 hands=2 pose=True mode=Serbest
2026-09-18 04:24:19,560 INFO Mouse button=left down=True accepted=1
2026-09-18 04:24:19,631 INFO Tracking camera_fps=31.7 inference_fps=31.8 model_ms=15.0 age_ms=31.0 hands=2 pose=True mode=Serbest
2026-09-18 04:24:19,669 INFO Mouse button=left down=False accepted=1
2026-09-18 04:24:19,904 INFO Mouse button=left down=True accepted=1
2026-09-18 04:24:20,014 INFO Mouse button=left down=False accepted=1
2026-09-18 04:24:21,331 INFO Mouse button=left down=True accepted=1
2026-09-18 04:24:21,441 INFO Mouse button=left down=False accepted=1
2026-09-18 04:24:22,637 INFO Tracking camera_fps=31.3 inference_fps=33.5 model_ms=47.0 age_ms=62.0 hands=2 pose=True mode=Serbest
2026-09-18 04:24:22,671 INFO Mouse button=left down=True accepted=1
2026-09-18 04:24:22,782 INFO Mouse button=left down=False accepted=1
2026-09-18 04:24:24,604 INFO Mouse button=left down=True accepted=1
2026-09-18 04:24:24,698 INFO Mouse button=left down=False accepted=1
2026-09-18 04:24:25,357 INFO Mouse button=left down=True accepted=1
2026-09-18 04:24:25,466 INFO Mouse button=left down=False accepted=1
2026-09-18 04:24:25,656 INFO Mouse button=left down=True accepted=1
2026-09-18 04:24:25,682 INFO Tracking camera_fps=34.7 inference_fps=33.7 model_ms=15.0 age_ms=47.0 hands=1 pose=True mode=Serbest
2026-09-18 04:24:25,765 INFO Mouse button=left down=False accepted=1
2026-09-18 04:24:26,097 INFO Mouse button=left down=True accepted=1
2026-09-18 04:24:26,208 INFO Mouse button=left down=False accepted=1
2026-09-18 04:24:27,217 INFO Mouse button=left down=True accepted=1
2026-09-18 04:24:27,326 INFO Mouse button=left down=False accepted=1
2026-09-18 04:24:27,892 INFO Mouse button=left down=True accepted=1
2026-09-18 04:24:28,003 INFO Mouse button=left down=False accepted=1
2026-09-18 04:24:28,381 INFO Mouse button=left down=True accepted=1
2026-09-18 04:24:28,491 INFO Mouse button=left down=False accepted=1
2026-09-18 04:24:28,721 INFO Tracking camera_fps=30.8 inference_fps=34.9 model_ms=15.0 age_ms=31.0 hands=2 pose=True mode=Eğilme
2026-09-18 04:24:29,309 INFO Mouse button=left down=True accepted=1
2026-09-18 04:24:29,416 INFO Mouse button=left down=False accepted=1
2026-09-18 04:24:31,740 INFO Tracking camera_fps=34.5 inference_fps=36.4 model_ms=16.0 age_ms=31.0 hands=2 pose=True mode=Eğilme
2026-09-18 04:24:32,381 INFO SendInput scan=0x39 down=True accepted=1 error=0 target_pid=9084
2026-09-18 04:24:32,492 INFO SendInput scan=0x39 down=False accepted=1 error=0 target_pid=9084
2026-09-18 04:24:32,555 INFO SendInput scan=0x2A down=True accepted=1 error=0 target_pid=9084
2026-09-18 04:24:33,297 INFO SendInput scan=0x2A down=False accepted=1 error=0 target_pid=9084
2026-09-18 04:24:33,564 INFO SendInput scan=0x39 down=True accepted=1 error=0 target_pid=9084
2026-09-18 04:24:33,676 INFO SendInput scan=0x39 down=False accepted=1 error=0 target_pid=9084
2026-09-18 04:24:33,736 INFO SendInput scan=0x2A down=True accepted=1 error=0 target_pid=9084
2026-09-18 04:24:33,782 INFO SendInput scan=0x2A down=False accepted=1 error=0 target_pid=9084
2026-09-18 04:24:33,989 INFO SendInput scan=0x39 down=True accepted=1 error=0 target_pid=9084
2026-09-18 04:24:34,098 INFO SendInput scan=0x39 down=False accepted=1 error=0 target_pid=9084
2026-09-18 04:24:34,160 INFO SendInput scan=0x2A down=True accepted=1 error=0 target_pid=9084
2026-09-18 04:24:34,380 INFO SendInput scan=0x2A down=False accepted=1 error=0 target_pid=9084
2026-09-18 04:24:34,722 INFO SendInput scan=0x39 down=True accepted=1 error=0 target_pid=9084
2026-09-18 04:24:34,778 INFO Tracking camera_fps=30.3 inference_fps=37.4 model_ms=32.0 age_ms=47.0 hands=2 pose=True mode=Swing
2026-09-18 04:24:34,817 INFO SendInput scan=0x39 down=False accepted=1 error=0 target_pid=9084
2026-09-18 04:24:34,974 INFO SendInput scan=0x39 down=True accepted=1 error=0 target_pid=9084
2026-09-18 04:24:35,022 INFO SendInput scan=0x39 down=False accepted=1 error=0 target_pid=9084
2026-09-18 04:24:35,131 INFO SendInput scan=0x39 down=True accepted=1 error=0 target_pid=9084
2026-09-18 04:24:35,241 INFO SendInput scan=0x39 down=False accepted=1 error=0 target_pid=9084
2026-09-18 04:24:35,304 INFO SendInput scan=0x2A down=True accepted=1 error=0 target_pid=9084
2026-09-18 04:24:35,780 INFO SendInput scan=0x2A down=False accepted=1 error=0 target_pid=9084
2026-09-18 04:24:35,983 INFO SendInput scan=0x39 down=True accepted=1 error=0 target_pid=9084
2026-09-18 04:24:36,076 INFO SendInput scan=0x39 down=False accepted=1 error=0 target_pid=9084
2026-09-18 04:24:36,610 INFO SendInput scan=0x39 down=True accepted=1 error=0 target_pid=9084
2026-09-18 04:24:36,720 INFO SendInput scan=0x39 down=False accepted=1 error=0 target_pid=9084
2026-09-18 04:24:37,615 INFO SendInput scan=0x39 down=True accepted=1 error=0 target_pid=9084
2026-09-18 04:24:37,646 INFO SendInput scan=0x39 down=False accepted=1 error=0 target_pid=9084
2026-09-18 04:24:37,797 INFO Tracking camera_fps=32.0 inference_fps=39.2 model_ms=15.0 age_ms=31.0 hands=2 pose=True mode=Swing
2026-09-18 04:24:37,804 INFO SendInput scan=0x39 down=True accepted=1 error=0 target_pid=9084
2026-09-18 04:24:37,916 INFO SendInput scan=0x39 down=False accepted=1 error=0 target_pid=9084
2026-09-18 04:24:39,583 INFO SendInput scan=0x39 down=True accepted=1 error=0 target_pid=9084
2026-09-18 04:24:39,691 INFO SendInput scan=0x39 down=False accepted=1 error=0 target_pid=9084
2026-09-18 04:24:39,752 INFO SendInput scan=0x2A down=True accepted=1 error=0 target_pid=9084
2026-09-18 04:24:40,812 INFO Tracking camera_fps=29.8 inference_fps=32.1 model_ms=31.0 age_ms=47.0 hands=2 pose=True mode=Swing
2026-09-18 04:24:41,866 INFO SendInput scan=0x2A down=False accepted=1 error=0 target_pid=9084
2026-09-18 04:24:42,404 INFO SendInput scan=0x39 down=True accepted=1 error=0 target_pid=9084
2026-09-18 04:24:42,515 INFO SendInput scan=0x39 down=False accepted=1 error=0 target_pid=9084
2026-09-18 04:24:42,582 INFO SendInput scan=0x2A down=True accepted=1 error=0 target_pid=9084
2026-09-18 04:24:43,824 INFO Tracking camera_fps=36.3 inference_fps=32.9 model_ms=32.0 age_ms=47.0 hands=2 pose=True mode=Swing
2026-09-18 04:24:44,062 INFO SendInput scan=0x2A down=False accepted=1 error=0 target_pid=9084
2026-09-18 04:24:44,217 INFO SendInput scan=0x39 down=True accepted=1 error=0 target_pid=9084
2026-09-18 04:24:44,328 INFO SendInput scan=0x39 down=False accepted=1 error=0 target_pid=9084
2026-09-18 04:24:44,391 INFO SendInput scan=0x2A down=True accepted=1 error=0 target_pid=9084
2026-09-18 04:24:46,873 INFO Tracking camera_fps=33.8 inference_fps=26.7 model_ms=46.0 age_ms=46.0 hands=1 pose=True mode=Swing
2026-09-18 04:24:47,363 INFO SendInput scan=0x2A down=False accepted=1 error=0 target_pid=9084
2026-09-18 04:24:47,902 INFO SendInput scan=0x39 down=True accepted=1 error=0 target_pid=9084
2026-09-18 04:24:48,016 INFO SendInput scan=0x39 down=False accepted=1 error=0 target_pid=9084
2026-09-18 04:24:48,076 INFO SendInput scan=0x2A down=True accepted=1 error=0 target_pid=9084
2026-09-18 04:24:48,517 INFO SendInput scan=0x2A down=False accepted=1 error=0 target_pid=9084
2026-09-18 04:24:48,675 INFO SendInput scan=0x39 down=True accepted=1 error=0 target_pid=9084
2026-09-18 04:24:48,786 INFO SendInput scan=0x39 down=False accepted=1 error=0 target_pid=9084
2026-09-18 04:24:48,849 INFO SendInput scan=0x2A down=True accepted=1 error=0 target_pid=9084
2026-09-18 04:24:48,946 INFO SendInput scan=0x2A down=False accepted=1 error=0 target_pid=9084
2026-09-18 04:24:49,228 INFO SendInput scan=0x39 down=True accepted=1 error=0 target_pid=9084
2026-09-18 04:24:49,337 INFO SendInput scan=0x39 down=False accepted=1 error=0 target_pid=9084
2026-09-18 04:24:49,543 INFO SendInput scan=0x39 down=True accepted=1 error=0 target_pid=9084
2026-09-18 04:24:49,654 INFO SendInput scan=0x39 down=False accepted=1 error=0 target_pid=9084
2026-09-18 04:24:49,717 INFO SendInput scan=0x2A down=True accepted=1 error=0 target_pid=9084
2026-09-18 04:24:49,889 INFO Tracking camera_fps=33.6 inference_fps=29.3 model_ms=31.0 age_ms=62.0 hands=1 pose=True mode=Swing
2026-09-18 04:24:50,141 INFO SendInput scan=0x2A down=False accepted=1 error=0 target_pid=9084
2026-09-18 04:24:50,425 INFO SendInput scan=0x39 down=True accepted=1 error=0 target_pid=9084
2026-09-18 04:24:50,487 INFO SendInput scan=0x39 down=False accepted=1 error=0 target_pid=9084
2026-09-18 04:24:50,628 INFO SendInput scan=0x39 down=True accepted=1 error=0 target_pid=9084
2026-09-18 04:24:50,739 INFO SendInput scan=0x39 down=False accepted=1 error=0 target_pid=9084
2026-09-18 04:24:50,802 INFO SendInput scan=0x2A down=True accepted=1 error=0 target_pid=9084
2026-09-18 04:24:51,216 INFO SendInput scan=0x2A down=False accepted=1 error=0 target_pid=9084
2026-09-18 04:24:51,368 INFO SendInput scan=0x39 down=True accepted=1 error=0 target_pid=9084
2026-09-18 04:24:51,465 INFO SendInput scan=0x39 down=False accepted=1 error=0 target_pid=9084
2026-09-18 04:24:51,529 INFO SendInput scan=0x2A down=True accepted=1 error=0 target_pid=9084
2026-09-18 04:24:51,765 INFO SendInput scan=0x2A down=False accepted=1 error=0 target_pid=9084
2026-09-18 04:24:52,919 INFO Tracking camera_fps=31.3 inference_fps=32.8 model_ms=31.0 age_ms=31.0 hands=1 pose=True mode=Serbest
2026-09-18 04:24:55,954 INFO Tracking camera_fps=33.4 inference_fps=33.7 model_ms=32.0 age_ms=32.0 hands=2 pose=True mode=Serbest
2026-09-18 04:24:58,068 INFO SendInput scan=0x39 down=True accepted=1 error=0 target_pid=9084
2026-09-18 04:24:58,179 INFO SendInput scan=0x39 down=False accepted=1 error=0 target_pid=9084
2026-09-18 04:24:58,242 INFO SendInput scan=0x2A down=True accepted=1 error=0 target_pid=9084
2026-09-18 04:24:58,288 INFO SendInput scan=0x2A down=False accepted=1 error=0 target_pid=9084
2026-09-18 04:24:58,728 INFO SendInput scan=0x39 down=True accepted=1 error=0 target_pid=9084
2026-09-18 04:24:58,837 INFO SendInput scan=0x39 down=False accepted=1 error=0 target_pid=9084
2026-09-18 04:24:58,898 INFO SendInput scan=0x2A down=True accepted=1 error=0 target_pid=9084
2026-09-18 04:24:58,913 INFO SendInput scan=0x2A down=False accepted=1 error=0 target_pid=9084
2026-09-18 04:24:58,964 INFO Tracking camera_fps=32.5 inference_fps=32.7 model_ms=32.0 age_ms=47.0 hands=1 pose=True mode=Serbest
2026-09-18 04:24:59,213 INFO SendInput scan=0x39 down=True accepted=1 error=0 target_pid=9084
2026-09-18 04:24:59,308 INFO SendInput scan=0x39 down=False accepted=1 error=0 target_pid=9084
2026-09-18 04:24:59,372 INFO SendInput scan=0x2A down=True accepted=1 error=0 target_pid=9084
2026-09-18 04:25:00,241 INFO SendInput scan=0x2A down=False accepted=1 error=0 target_pid=9084
2026-09-18 04:25:00,665 INFO SendInput scan=0x39 down=True accepted=1 error=0 target_pid=9084
2026-09-18 04:25:00,774 INFO SendInput scan=0x39 down=False accepted=1 error=0 target_pid=9084
2026-09-18 04:25:00,838 INFO SendInput scan=0x2A down=True accepted=1 error=0 target_pid=9084
2026-09-18 04:25:02,003 INFO Tracking camera_fps=64.2 inference_fps=29.1 model_ms=31.0 age_ms=46.0 hands=1 pose=True mode=Swing
2026-09-18 04:25:02,618 INFO SendInput scan=0x2A down=False accepted=1 error=0 target_pid=9084
2026-09-18 04:25:03,328 INFO SendInput scan=0x39 down=True accepted=1 error=0 target_pid=9084
2026-09-18 04:25:03,438 INFO SendInput scan=0x39 down=False accepted=1 error=0 target_pid=9084
2026-09-18 04:25:03,501 INFO SendInput scan=0x2A down=True accepted=1 error=0 target_pid=9084
2026-09-18 04:25:03,627 INFO SendInput scan=0x2A down=False accepted=1 error=0 target_pid=9084
2026-09-18 04:25:03,850 INFO SendInput scan=0x39 down=True accepted=1 error=0 target_pid=9084
2026-09-18 04:25:03,961 INFO SendInput scan=0x39 down=False accepted=1 error=0 target_pid=9084
2026-09-18 04:25:05,022 INFO Tracking camera_fps=33.1 inference_fps=33.1 model_ms=16.0 age_ms=31.0 hands=0 pose=True mode=Eğilme
2026-09-18 04:25:05,398 INFO SendInput scan=0x39 down=True accepted=1 error=0 target_pid=9084
2026-09-18 04:25:05,508 INFO SendInput scan=0x39 down=False accepted=1 error=0 target_pid=9084
2026-09-18 04:25:05,651 INFO SendInput scan=0x39 down=True accepted=1 error=0 target_pid=9084
2026-09-18 04:25:05,682 INFO SendInput scan=0x39 down=False accepted=1 error=0 target_pid=9084
2026-09-18 04:25:05,823 INFO SendInput scan=0x39 down=True accepted=1 error=0 target_pid=9084
2026-09-18 04:25:05,933 INFO SendInput scan=0x39 down=False accepted=1 error=0 target_pid=9084
2026-09-18 04:25:05,996 INFO SendInput scan=0x2A down=True accepted=1 error=0 target_pid=9084
2026-09-18 04:25:06,721 INFO SendInput scan=0x2A down=False accepted=1 error=0 target_pid=9084
2026-09-18 04:25:08,069 INFO Tracking camera_fps=33.6 inference_fps=32.7 model_ms=16.0 age_ms=31.0 hands=2 pose=True mode=Eğilme
2026-09-18 04:25:10,540 INFO SendInput scan=0x39 down=True accepted=1 error=0 target_pid=9084
2026-09-18 04:25:10,618 INFO SendInput scan=0x39 down=False accepted=1 error=0 target_pid=9084
2026-09-18 04:25:11,081 INFO Tracking camera_fps=35.6 inference_fps=31.0 model_ms=16.0 age_ms=32.0 hands=0 pose=True mode=Serbest
2026-09-18 04:25:14,101 INFO Tracking camera_fps=32.0 inference_fps=32.1 model_ms=0.0 age_ms=31.0 hands=0 pose=False mode=Gövde görünmüyor
2026-09-18 04:25:17,118 INFO Tracking camera_fps=32.1 inference_fps=36.7 model_ms=0.0 age_ms=16.0 hands=0 pose=False mode=Gövde görünmüyor
2026-09-18 04:25:20,139 INFO Tracking camera_fps=34.2 inference_fps=36.0 model_ms=16.0 age_ms=16.0 hands=0 pose=False mode=Gövde görünmüyor
2026-09-18 04:25:23,185 INFO Tracking camera_fps=30.9 inference_fps=31.6 model_ms=16.0 age_ms=31.0 hands=0 pose=False mode=Gövde görünmüyor
2026-09-18 04:25:26,211 INFO Tracking camera_fps=31.2 inference_fps=31.5 model_ms=0.0 age_ms=16.0 hands=0 pose=False mode=Gövde görünmüyor
2026-09-18 04:25:29,241 INFO Tracking camera_fps=30.8 inference_fps=32.5 model_ms=0.0 age_ms=16.0 hands=0 pose=False mode=Gövde görünmüyor
2026-09-18 04:25:32,268 INFO Tracking camera_fps=31.9 inference_fps=33.5 model_ms=16.0 age_ms=16.0 hands=0 pose=False mode=Gövde görünmüyor
2026-09-18 04:25:35,292 INFO Tracking camera_fps=33.8 inference_fps=32.4 model_ms=15.0 age_ms=15.0 hands=0 pose=False mode=Gövde görünmüyor
2026-09-18 04:25:38,320 INFO Tracking camera_fps=34.7 inference_fps=35.5 model_ms=0.0 age_ms=16.0 hands=0 pose=False mode=Gövde görünmüyor
2026-09-18 04:25:41,330 INFO Tracking camera_fps=30.9 inference_fps=37.5 model_ms=16.0 age_ms=16.0 hands=0 pose=False mode=Gövde görünmüyor
2026-09-18 04:38:36,294 INFO WebMotion starting integrity={'rid': 12288, 'name': 'High', 'error': 0}
2026-09-18 04:39:11,738 INFO Tracking camera_fps=101.7 inference_fps=0.8 model_ms=16.0 age_ms=16.0 hands=0 pose=False mode=Gövde görünmüyor
2026-09-18 04:39:14,763 INFO Tracking camera_fps=31.1 inference_fps=34.2 model_ms=16.0 age_ms=31.0 hands=0 pose=False mode=Gövde görünmüyor
2026-09-18 04:39:17,819 INFO Tracking camera_fps=35.4 inference_fps=67.3 model_ms=16.0 age_ms=31.0 hands=0 pose=True mode=Serbest
2026-09-18 04:39:20,825 INFO Tracking camera_fps=31.1 inference_fps=35.9 model_ms=16.0 age_ms=32.0 hands=0 pose=False mode=Gövde görünmüyor
2026-09-18 04:39:23,845 INFO Tracking camera_fps=31.0 inference_fps=32.4 model_ms=15.0 age_ms=15.0 hands=0 pose=False mode=Gövde görünmüyor
2026-09-18 04:39:26,907 INFO Tracking camera_fps=33.9 inference_fps=47.4 model_ms=32.0 age_ms=47.0 hands=0 pose=False mode=Gövde görünmüyor
2026-09-18 04:39:29,954 INFO Tracking camera_fps=32.0 inference_fps=30.2 model_ms=16.0 age_ms=32.0 hands=0 pose=False mode=Gövde görünmüyor
2026-09-18 04:39:32,969 INFO Tracking camera_fps=35.8 inference_fps=47.5 model_ms=15.0 age_ms=31.0 hands=0 pose=False mode=Gövde görünmüyor
2026-09-18 04:39:35,987 INFO Tracking camera_fps=33.2 inference_fps=31.4 model_ms=16.0 age_ms=31.0 hands=0 pose=True mode=Serbest
2026-09-18 04:39:39,001 INFO Tracking camera_fps=31.6 inference_fps=72.7 model_ms=15.0 age_ms=15.0 hands=1 pose=True mode=Eğilme
2026-09-18 04:39:42,040 INFO Tracking camera_fps=30.6 inference_fps=34.4 model_ms=16.0 age_ms=16.0 hands=1 pose=True mode=Serbest
2026-09-18 04:39:45,072 INFO Tracking camera_fps=34.2 inference_fps=34.9 model_ms=16.0 age_ms=31.0 hands=1 pose=True mode=Serbest
2026-09-18 04:39:48,094 INFO Tracking camera_fps=31.9 inference_fps=31.3 model_ms=15.0 age_ms=15.0 hands=0 pose=True mode=Serbest
2026-09-18 04:39:51,123 INFO Tracking camera_fps=30.9 inference_fps=43.9 model_ms=15.0 age_ms=15.0 hands=0 pose=True mode=Serbest
2026-09-18 04:39:54,161 INFO Tracking camera_fps=31.0 inference_fps=32.4 model_ms=16.0 age_ms=16.0 hands=0 pose=True mode=Serbest
2026-09-18 04:39:57,195 INFO Tracking camera_fps=32.5 inference_fps=33.5 model_ms=16.0 age_ms=31.0 hands=1 pose=True mode=Serbest
2026-09-18 04:40:00,222 INFO Tracking camera_fps=31.1 inference_fps=33.9 model_ms=15.0 age_ms=31.0 hands=2 pose=True mode=Swing
2026-09-18 04:40:03,246 INFO Tracking camera_fps=33.3 inference_fps=34.7 model_ms=15.0 age_ms=31.0 hands=0 pose=True mode=Serbest
2026-09-18 04:40:06,303 INFO Tracking camera_fps=33.9 inference_fps=31.8 model_ms=15.0 age_ms=31.0 hands=2 pose=True mode=Serbest
2026-09-18 04:40:09,316 INFO Tracking camera_fps=31.5 inference_fps=36.2 model_ms=16.0 age_ms=31.0 hands=2 pose=True mode=Serbest
2026-09-18 04:40:12,339 INFO Tracking camera_fps=33.1 inference_fps=36.4 model_ms=31.0 age_ms=31.0 hands=1 pose=True mode=Serbest
2026-09-18 04:40:15,374 INFO Tracking camera_fps=31.2 inference_fps=31.5 model_ms=15.0 age_ms=31.0 hands=2 pose=True mode=Eğilme
2026-09-18 04:40:18,400 INFO Tracking camera_fps=31.0 inference_fps=34.9 model_ms=16.0 age_ms=16.0 hands=1 pose=True mode=Serbest
2026-09-18 04:40:21,402 INFO Tracking camera_fps=32.8 inference_fps=31.9 model_ms=16.0 age_ms=32.0 hands=2 pose=True mode=Serbest
2026-09-18 04:40:24,433 INFO Tracking camera_fps=31.2 inference_fps=31.8 model_ms=15.0 age_ms=31.0 hands=1 pose=True mode=Serbest
2026-09-18 04:40:27,450 INFO Tracking camera_fps=32.7 inference_fps=33.9 model_ms=16.0 age_ms=32.0 hands=2 pose=True mode=Eğilme
2026-09-18 04:40:30,493 INFO Tracking camera_fps=32.5 inference_fps=33.4 model_ms=16.0 age_ms=31.0 hands=1 pose=True mode=Eğilme
2026-09-18 04:40:33,522 INFO Tracking camera_fps=31.8 inference_fps=31.2 model_ms=16.0 age_ms=31.0 hands=2 pose=True mode=Eğilme
2026-09-18 04:40:36,551 INFO Tracking camera_fps=31.0 inference_fps=38.5 model_ms=15.0 age_ms=15.0 hands=2 pose=True mode=Eğilme
2026-09-18 04:40:39,579 INFO Tracking camera_fps=32.7 inference_fps=34.2 model_ms=16.0 age_ms=32.0 hands=2 pose=True mode=Eğilme
2026-09-18 04:40:42,608 INFO Tracking camera_fps=31.5 inference_fps=34.9 model_ms=16.0 age_ms=31.0 hands=1 pose=True mode=Serbest
2026-09-18 04:40:45,642 INFO Tracking camera_fps=32.6 inference_fps=33.6 model_ms=16.0 age_ms=31.0 hands=2 pose=True mode=Serbest
2026-09-18 04:40:48,664 INFO Tracking camera_fps=32.5 inference_fps=36.7 model_ms=16.0 age_ms=16.0 hands=1 pose=True mode=Serbest
2026-09-18 04:40:51,710 INFO Tracking camera_fps=30.9 inference_fps=34.5 model_ms=16.0 age_ms=32.0 hands=2 pose=True mode=Serbest
2026-09-18 04:40:54,728 INFO Tracking camera_fps=31.7 inference_fps=34.2 model_ms=15.0 age_ms=15.0 hands=1 pose=True mode=Serbest
2026-09-18 04:40:57,729 INFO Tracking camera_fps=32.0 inference_fps=32.7 model_ms=0.0 age_ms=31.0 hands=2 pose=True mode=Serbest
2026-09-18 04:41:00,764 INFO Tracking camera_fps=32.6 inference_fps=36.4 model_ms=16.0 age_ms=31.0 hands=1 pose=True mode=Serbest
2026-09-18 04:41:03,782 INFO Tracking camera_fps=32.7 inference_fps=34.6 model_ms=16.0 age_ms=32.0 hands=1 pose=True mode=Serbest
2026-09-18 04:41:06,835 INFO Tracking camera_fps=32.2 inference_fps=33.8 model_ms=16.0 age_ms=32.0 hands=1 pose=True mode=Serbest
2026-09-18 04:41:09,849 INFO Tracking camera_fps=33.0 inference_fps=34.5 model_ms=15.0 age_ms=31.0 hands=1 pose=True mode=Serbest
2026-09-18 04:41:12,879 INFO Tracking camera_fps=32.0 inference_fps=31.5 model_ms=15.0 age_ms=15.0 hands=0 pose=True mode=Eğilme
2026-09-18 04:41:15,898 INFO Tracking camera_fps=34.1 inference_fps=34.9 model_ms=16.0 age_ms=16.0 hands=0 pose=True mode=Eğilme
2026-09-18 04:41:18,907 INFO Tracking camera_fps=33.5 inference_fps=35.2 model_ms=16.0 age_ms=32.0 hands=1 pose=True mode=Swing
2026-09-18 04:41:21,936 INFO Tracking camera_fps=31.0 inference_fps=31.8 model_ms=16.0 age_ms=16.0 hands=0 pose=True mode=Eğilme
2026-09-18 04:41:24,964 INFO Tracking camera_fps=32.9 inference_fps=53.4 model_ms=0.0 age_ms=31.0 hands=0 pose=True mode=Eğilme
2026-09-18 04:41:28,000 INFO Tracking camera_fps=31.6 inference_fps=35.0 model_ms=15.0 age_ms=31.0 hands=1 pose=True mode=Serbest
2026-09-18 04:41:31,033 INFO Tracking camera_fps=33.3 inference_fps=32.5 model_ms=16.0 age_ms=32.0 hands=0 pose=True mode=Eğilme
2026-09-18 04:41:34,052 INFO Tracking camera_fps=33.9 inference_fps=34.4 model_ms=15.0 age_ms=15.0 hands=0 pose=True mode=Eğilme
2026-09-18 04:41:37,094 INFO Tracking camera_fps=32.9 inference_fps=32.1 model_ms=15.0 age_ms=31.0 hands=2 pose=True mode=Serbest
2026-09-18 04:41:40,118 INFO Tracking camera_fps=31.2 inference_fps=35.6 model_ms=16.0 age_ms=16.0 hands=0 pose=True mode=Serbest
2026-09-18 04:41:43,152 INFO Tracking camera_fps=34.4 inference_fps=35.7 model_ms=16.0 age_ms=32.0 hands=2 pose=True mode=Swing
2026-09-18 04:41:46,177 INFO Tracking camera_fps=31.8 inference_fps=32.4 model_ms=15.0 age_ms=15.0 hands=0 pose=True mode=Eğilme
2026-09-18 04:41:49,201 INFO Tracking camera_fps=32.3 inference_fps=77.7 model_ms=16.0 age_ms=32.0 hands=0 pose=True mode=Eğilme
2026-09-18 04:41:52,225 INFO Tracking camera_fps=31.5 inference_fps=37.7 model_ms=15.0 age_ms=15.0 hands=2 pose=True mode=Swing
2026-09-18 04:41:55,238 INFO Tracking camera_fps=31.3 inference_fps=34.8 model_ms=16.0 age_ms=31.0 hands=1 pose=True mode=Serbest
2026-09-18 04:41:58,270 INFO Tracking camera_fps=31.3 inference_fps=34.6 model_ms=16.0 age_ms=16.0 hands=1 pose=True mode=Swing
2026-09-18 04:42:01,300 INFO Tracking camera_fps=31.8 inference_fps=34.1 model_ms=15.0 age_ms=31.0 hands=2 pose=True mode=Swing
2026-09-18 04:42:04,325 INFO Tracking camera_fps=31.9 inference_fps=32.5 model_ms=32.0 age_ms=32.0 hands=1 pose=True mode=Swing
2026-09-18 04:42:07,354 INFO Tracking camera_fps=32.7 inference_fps=38.4 model_ms=0.0 age_ms=31.0 hands=2 pose=True mode=Swing
2026-09-18 04:42:10,378 INFO Tracking camera_fps=31.6 inference_fps=36.0 model_ms=15.0 age_ms=15.0 hands=2 pose=True mode=Swing
2026-09-18 04:42:13,677 INFO Tracking camera_fps=420.0 inference_fps=37.7 model_ms=15.0 age_ms=31.0 hands=2 pose=True mode=Serbest
2026-09-18 04:42:16,688 INFO Tracking camera_fps=38.3 inference_fps=32.1 model_ms=16.0 age_ms=31.0 hands=2 pose=True mode=Serbest
2026-09-18 04:42:19,707 INFO Tracking camera_fps=31.9 inference_fps=37.1 model_ms=16.0 age_ms=16.0 hands=2 pose=True mode=Swing
2026-09-18 04:42:22,733 INFO Tracking camera_fps=34.7 inference_fps=33.8 model_ms=16.0 age_ms=31.0 hands=0 pose=True mode=Eğilme
2026-09-18 04:42:25,771 INFO Tracking camera_fps=33.7 inference_fps=30.8 model_ms=16.0 age_ms=31.0 hands=0 pose=True mode=Eğilme
2026-09-18 04:42:28,779 INFO Tracking camera_fps=30.1 inference_fps=31.9 model_ms=16.0 age_ms=32.0 hands=1 pose=True mode=Swing
2026-09-18 04:42:31,810 INFO Tracking camera_fps=32.1 inference_fps=34.0 model_ms=16.0 age_ms=31.0 hands=0 pose=True mode=Eğilme
2026-09-18 04:42:34,832 INFO Tracking camera_fps=31.6 inference_fps=30.7 model_ms=16.0 age_ms=32.0 hands=0 pose=True mode=Eğilme
2026-09-18 04:42:37,858 INFO Tracking camera_fps=66.8 inference_fps=37.7 model_ms=16.0 age_ms=16.0 hands=0 pose=True mode=Eğilme
2026-09-18 04:42:40,885 INFO Tracking camera_fps=30.9 inference_fps=36.8 model_ms=15.0 age_ms=15.0 hands=0 pose=True mode=Serbest
2026-09-18 04:42:43,909 INFO Tracking camera_fps=36.8 inference_fps=38.0 model_ms=16.0 age_ms=32.0 hands=2 pose=True mode=Swing
2026-09-18 04:42:46,925 INFO Tracking camera_fps=30.8 inference_fps=32.8 model_ms=15.0 age_ms=31.0 hands=1 pose=True mode=Swing
2026-09-18 04:42:49,935 INFO Tracking camera_fps=32.7 inference_fps=35.4 model_ms=16.0 age_ms=16.0 hands=2 pose=True mode=Swing
2026-09-18 04:42:52,968 INFO Tracking camera_fps=31.5 inference_fps=36.2 model_ms=15.0 age_ms=15.0 hands=0 pose=True mode=Eğilme
2026-09-18 04:42:56,008 INFO Tracking camera_fps=31.6 inference_fps=32.8 model_ms=0.0 age_ms=15.0 hands=0 pose=True mode=Eğilme
2026-09-18 04:42:59,039 INFO Tracking camera_fps=34.1 inference_fps=33.8 model_ms=16.0 age_ms=16.0 hands=2 pose=True mode=Serbest
2026-09-18 04:43:02,043 INFO Tracking camera_fps=30.8 inference_fps=32.0 model_ms=31.0 age_ms=31.0 hands=2 pose=True mode=Serbest
2026-09-18 04:43:05,066 INFO Tracking camera_fps=33.9 inference_fps=34.0 model_ms=16.0 age_ms=31.0 hands=1 pose=True mode=Serbest
2026-09-18 04:43:08,100 INFO Tracking camera_fps=33.9 inference_fps=31.7 model_ms=15.0 age_ms=31.0 hands=1 pose=True mode=Serbest
2026-09-18 04:43:11,124 INFO Tracking camera_fps=31.5 inference_fps=33.1 model_ms=15.0 age_ms=31.0 hands=0 pose=True mode=Eğilme
2026-09-18 04:43:14,146 INFO Tracking camera_fps=32.1 inference_fps=35.0 model_ms=16.0 age_ms=16.0 hands=0 pose=True mode=Eğilme
2026-09-18 04:43:17,189 INFO Tracking camera_fps=32.3 inference_fps=33.6 model_ms=16.0 age_ms=31.0 hands=2 pose=True mode=Serbest
2026-09-18 04:43:20,210 INFO Tracking camera_fps=32.7 inference_fps=35.1 model_ms=16.0 age_ms=16.0 hands=2 pose=True mode=Serbest
2026-09-18 04:43:23,216 INFO Tracking camera_fps=32.5 inference_fps=31.8 model_ms=15.0 age_ms=31.0 hands=0 pose=True mode=Eğilme
2026-09-18 04:43:26,261 INFO Tracking camera_fps=31.5 inference_fps=32.7 model_ms=15.0 age_ms=47.0 hands=1 pose=True mode=Swing
2026-09-18 04:43:29,276 INFO Tracking camera_fps=33.3 inference_fps=31.9 model_ms=0.0 age_ms=32.0 hands=0 pose=True mode=Eğilme
2026-09-18 04:43:32,307 INFO Tracking camera_fps=30.3 inference_fps=32.5 model_ms=0.0 age_ms=31.0 hands=2 pose=True mode=Swing
2026-09-18 04:43:35,335 INFO Tracking camera_fps=32.6 inference_fps=31.5 model_ms=16.0 age_ms=16.0 hands=0 pose=True mode=Eğilme
2026-09-18 04:43:38,361 INFO Tracking camera_fps=52.9 inference_fps=32.8 model_ms=16.0 age_ms=16.0 hands=0 pose=True mode=Eğilme
2026-09-18 04:43:41,376 INFO Tracking camera_fps=31.9 inference_fps=33.7 model_ms=31.0 age_ms=46.0 hands=1 pose=True mode=Eğilme
2026-09-18 04:43:44,391 INFO Tracking camera_fps=33.0 inference_fps=35.6 model_ms=31.0 age_ms=31.0 hands=1 pose=True mode=Eğilme
2026-09-18 04:43:47,425 INFO Tracking camera_fps=31.8 inference_fps=32.3 model_ms=15.0 age_ms=31.0 hands=0 pose=True mode=Eğilme
2026-09-18 04:43:50,457 INFO Tracking camera_fps=33.8 inference_fps=31.4 model_ms=16.0 age_ms=32.0 hands=1 pose=True mode=Serbest
2026-09-18 04:43:53,488 INFO Tracking camera_fps=30.8 inference_fps=32.3 model_ms=16.0 age_ms=31.0 hands=1 pose=True mode=Serbest
2026-09-18 04:43:56,520 INFO Tracking camera_fps=32.6 inference_fps=30.6 model_ms=16.0 age_ms=31.0 hands=0 pose=True mode=Eğilme
2026-09-18 04:43:59,549 INFO Tracking camera_fps=30.9 inference_fps=35.6 model_ms=15.0 age_ms=31.0 hands=2 pose=True mode=Serbest
2026-09-18 04:44:02,571 INFO Tracking camera_fps=32.6 inference_fps=35.4 model_ms=16.0 age_ms=16.0 hands=2 pose=True mode=Serbest
2026-09-18 04:44:05,610 INFO Tracking camera_fps=33.5 inference_fps=31.2 model_ms=16.0 age_ms=31.0 hands=0 pose=True mode=Eğilme
2026-09-18 04:44:08,642 INFO Tracking camera_fps=31.2 inference_fps=31.9 model_ms=16.0 age_ms=31.0 hands=0 pose=True mode=Eğilme
2026-09-18 04:44:11,667 INFO Tracking camera_fps=34.0 inference_fps=35.5 model_ms=31.0 age_ms=47.0 hands=1 pose=True mode=Serbest
2026-09-18 04:44:14,700 INFO Tracking camera_fps=30.3 inference_fps=34.9 model_ms=16.0 age_ms=32.0 hands=0 pose=True mode=Eğilme
2026-09-18 04:44:17,728 INFO Tracking camera_fps=30.4 inference_fps=30.5 model_ms=0.0 age_ms=15.0 hands=0 pose=True mode=Eğilme
2026-09-18 04:44:20,752 INFO Tracking camera_fps=35.4 inference_fps=34.9 model_ms=15.0 age_ms=31.0 hands=2 pose=True mode=Serbest
2026-09-18 04:44:23,785 INFO Tracking camera_fps=34.1 inference_fps=32.8 model_ms=16.0 age_ms=32.0 hands=0 pose=True mode=Serbest
2026-09-18 04:44:26,813 INFO Tracking camera_fps=31.9 inference_fps=34.3 model_ms=16.0 age_ms=31.0 hands=0 pose=True mode=Serbest
2026-09-18 04:44:29,824 INFO Tracking camera_fps=32.7 inference_fps=31.0 model_ms=32.0 age_ms=47.0 hands=2 pose=True mode=Serbest
2026-09-18 04:44:32,858 INFO Tracking camera_fps=34.6 inference_fps=37.2 model_ms=16.0 age_ms=31.0 hands=2 pose=True mode=Serbest
2026-09-18 04:44:35,883 INFO Tracking camera_fps=31.3 inference_fps=33.2 model_ms=15.0 age_ms=31.0 hands=2 pose=True mode=Serbest
2026-09-18 04:44:36,847 INFO SendInput scan=0x39 down=True accepted=1 error=0 target_pid=9084
2026-09-18 04:44:36,894 INFO SendInput scan=0x11 down=True accepted=1 error=0 target_pid=9084
2026-09-18 04:44:36,957 INFO SendInput scan=0x39 down=False accepted=1 error=0 target_pid=9084
2026-09-18 04:44:37,021 INFO SendInput scan=0x2A down=True accepted=1 error=0 target_pid=9084
2026-09-18 04:44:37,954 INFO SendInput scan=0x2A down=False accepted=1 error=0 target_pid=9084
2026-09-18 04:44:37,954 INFO SendInput scan=0x11 down=False accepted=1 error=0 target_pid=9084
2026-09-18 04:44:38,928 INFO Tracking camera_fps=33.9 inference_fps=35.9 model_ms=31.0 age_ms=31.0 hands=2 pose=True mode=Serbest
2026-09-18 04:44:40,387 INFO SendInput scan=0x39 down=True accepted=1 error=0 target_pid=9084
2026-09-18 04:44:40,449 INFO SendInput scan=0x39 down=False accepted=1 error=0 target_pid=9084
2026-09-18 04:44:41,245 INFO SendInput scan=0x39 down=True accepted=1 error=0 target_pid=9084
2026-09-18 04:44:41,355 INFO SendInput scan=0x39 down=False accepted=1 error=0 target_pid=9084
2026-09-18 04:44:41,419 INFO SendInput scan=0x2A down=True accepted=1 error=0 target_pid=9084
2026-09-18 04:44:41,945 INFO Tracking camera_fps=32.7 inference_fps=32.9 model_ms=16.0 age_ms=31.0 hands=2 pose=True mode=Swing
2026-09-18 04:44:42,954 INFO SendInput scan=0x2A down=False accepted=1 error=0 target_pid=9084
2026-09-18 04:44:44,577 INFO SendInput scan=0x39 down=True accepted=1 error=0 target_pid=9084
2026-09-18 04:44:44,639 INFO SendInput scan=0x1E down=True accepted=1 error=0 target_pid=9084
2026-09-18 04:44:44,689 INFO SendInput scan=0x39 down=False accepted=1 error=0 target_pid=9084
2026-09-18 04:44:44,753 INFO SendInput scan=0x2A down=True accepted=1 error=0 target_pid=9084
2026-09-18 04:44:44,976 INFO Tracking camera_fps=32.4 inference_fps=32.4 model_ms=15.0 age_ms=31.0 hands=1 pose=True mode=Swing
2026-09-18 04:44:47,655 INFO SendInput scan=0x1E down=False accepted=1 error=0 target_pid=9084
2026-09-18 04:44:47,812 INFO SendInput scan=0x2A down=False accepted=1 error=0 target_pid=9084
2026-09-18 04:44:47,909 INFO SendInput scan=0x39 down=True accepted=1 error=0 target_pid=9084
2026-09-18 04:44:47,970 INFO SendInput scan=0x20 down=True accepted=1 error=0 target_pid=9084
2026-09-18 04:44:48,020 INFO SendInput scan=0x39 down=False accepted=1 error=0 target_pid=9084
2026-09-18 04:44:48,022 INFO Tracking camera_fps=30.7 inference_fps=29.4 model_ms=31.0 age_ms=47.0 hands=2 pose=True mode=Swing
2026-09-18 04:44:48,081 INFO SendInput scan=0x2A down=True accepted=1 error=0 target_pid=9084
2026-09-18 04:44:48,287 INFO SendInput scan=0x2A down=False accepted=1 error=0 target_pid=9084
2026-09-18 04:44:48,349 INFO SendInput scan=0x20 down=False accepted=1 error=0 target_pid=9084
2026-09-18 04:44:48,695 INFO SendInput scan=0x39 down=True accepted=1 error=0 target_pid=9084
2026-09-18 04:44:48,774 INFO SendInput scan=0x20 down=True accepted=1 error=0 target_pid=9084
2026-09-18 04:44:48,805 INFO SendInput scan=0x39 down=False accepted=1 error=0 target_pid=9084
2026-09-18 04:44:48,854 INFO SendInput scan=0x2A down=True accepted=1 error=0 target_pid=9084
2026-09-18 04:44:49,547 INFO SendInput scan=0x2A down=False accepted=1 error=0 target_pid=9084
2026-09-18 04:44:49,548 INFO SendInput scan=0x20 down=False accepted=1 error=0 target_pid=9084
2026-09-18 04:44:49,972 INFO SendInput scan=0x39 down=True accepted=1 error=0 target_pid=9084
2026-09-18 04:44:50,035 INFO SendInput scan=0x11 down=True accepted=1 error=0 target_pid=9084
2026-09-18 04:44:50,082 INFO SendInput scan=0x39 down=False accepted=1 error=0 target_pid=9084
2026-09-18 04:44:50,129 INFO SendInput scan=0x11 down=False accepted=1 error=0 target_pid=9084
2026-09-18 04:44:50,270 INFO SendInput scan=0x39 down=True accepted=1 error=0 target_pid=9084
2026-09-18 04:44:50,348 INFO SendInput scan=0x39 down=False accepted=1 error=0 target_pid=9084
2026-09-18 04:44:50,393 INFO SendInput scan=0x1E down=True accepted=1 error=0 target_pid=9084
2026-09-18 04:44:50,553 INFO SendInput scan=0x1E down=False accepted=1 error=0 target_pid=9084
2026-09-18 04:44:51,029 INFO Tracking camera_fps=33.3 inference_fps=30.8 model_ms=32.0 age_ms=63.0 hands=1 pose=True mode=Serbest
2026-09-18 04:44:51,340 INFO SendInput scan=0x39 down=True accepted=1 error=0 target_pid=9084
2026-09-18 04:44:51,453 INFO SendInput scan=0x39 down=False accepted=1 error=0 target_pid=9084
2026-09-18 04:44:51,517 INFO SendInput scan=0x2A down=True accepted=1 error=0 target_pid=9084
2026-09-18 04:44:51,518 INFO SendInput scan=0x1E down=True accepted=1 error=0 target_pid=9084
2026-09-18 04:44:52,549 INFO SendInput scan=0x1E down=False accepted=1 error=0 target_pid=9084
2026-09-18 04:44:52,625 INFO SendInput scan=0x2A down=False accepted=1 error=0 target_pid=9084
2026-09-18 04:44:53,542 INFO Mouse button=left down=True accepted=1
2026-09-18 04:44:53,647 INFO Mouse button=left down=False accepted=1
2026-09-18 04:44:54,075 INFO Tracking camera_fps=31.3 inference_fps=34.3 model_ms=47.0 age_ms=47.0 hands=1 pose=True mode=Serbest
2026-09-18 04:44:54,416 INFO SendInput scan=0x39 down=True accepted=1 error=0 target_pid=9084
2026-09-18 04:44:54,461 INFO SendInput scan=0x20 down=True accepted=1 error=0 target_pid=9084
2026-09-18 04:44:54,524 INFO SendInput scan=0x39 down=False accepted=1 error=0 target_pid=9084
2026-09-18 04:44:54,587 INFO SendInput scan=0x2A down=True accepted=1 error=0 target_pid=9084
2026-09-18 04:44:55,738 INFO SendInput scan=0x20 down=False accepted=1 error=0 target_pid=9084
2026-09-18 04:44:55,987 INFO SendInput scan=0x2A down=False accepted=1 error=0 target_pid=9084
2026-09-18 04:44:56,129 INFO SendInput scan=0x39 down=True accepted=1 error=0 target_pid=9084
2026-09-18 04:44:56,207 INFO SendInput scan=0x11 down=True accepted=1 error=0 target_pid=9084
2026-09-18 04:44:56,238 INFO SendInput scan=0x39 down=False accepted=1 error=0 target_pid=9084
2026-09-18 04:44:56,304 INFO SendInput scan=0x2A down=True accepted=1 error=0 target_pid=9084
2026-09-18 04:44:56,915 INFO SendInput scan=0x2A down=False accepted=1 error=0 target_pid=9084
2026-09-18 04:44:56,962 INFO SendInput scan=0x11 down=False accepted=1 error=0 target_pid=9084
2026-09-18 04:44:57,112 INFO Tracking camera_fps=30.7 inference_fps=33.4 model_ms=31.0 age_ms=47.0 hands=1 pose=True mode=Serbest
2026-09-18 04:44:57,559 INFO SendInput scan=0x39 down=True accepted=1 error=0 target_pid=9084
2026-09-18 04:44:57,637 INFO SendInput scan=0x1E down=True accepted=1 error=0 target_pid=9084
2026-09-18 04:44:57,671 INFO SendInput scan=0x39 down=False accepted=1 error=0 target_pid=9084
2026-09-18 04:44:57,735 INFO SendInput scan=0x2A down=True accepted=1 error=0 target_pid=9084
2026-09-18 04:44:59,592 INFO SendInput scan=0x2A down=False accepted=1 error=0 target_pid=9084
2026-09-18 04:44:59,592 INFO SendInput scan=0x1E down=False accepted=1 error=0 target_pid=9084
2026-09-18 04:45:00,163 INFO Tracking camera_fps=31.1 inference_fps=33.6 model_ms=32.0 age_ms=32.0 hands=2 pose=True mode=Serbest
2026-09-18 04:45:02,837 INFO SendInput scan=0x39 down=True accepted=1 error=0 target_pid=9084
2026-09-18 04:45:02,882 INFO SendInput scan=0x1E down=True accepted=1 error=0 target_pid=9084
2026-09-18 04:45:02,945 INFO SendInput scan=0x39 down=False accepted=1 error=0 target_pid=9084
2026-09-18 04:45:03,008 INFO SendInput scan=0x2A down=True accepted=1 error=0 target_pid=9084
2026-09-18 04:45:03,187 INFO Tracking camera_fps=33.3 inference_fps=36.4 model_ms=31.0 age_ms=31.0 hands=1 pose=True mode=Swing
2026-09-18 04:45:03,371 INFO SendInput scan=0x2A down=False accepted=1 error=0 target_pid=9084
2026-09-18 04:45:03,371 INFO SendInput scan=0x1E down=False accepted=1 error=0 target_pid=9084
2026-09-18 04:45:06,219 INFO Tracking camera_fps=31.8 inference_fps=32.1 model_ms=31.0 age_ms=31.0 hands=2 pose=True mode=Serbest
2026-09-18 04:45:09,240 INFO Tracking camera_fps=31.0 inference_fps=33.5 model_ms=16.0 age_ms=16.0 hands=2 pose=True mode=Serbest
2026-09-18 04:45:11,659 INFO SendInput scan=0x39 down=True accepted=1 error=0 target_pid=9084
2026-09-18 04:45:11,770 INFO SendInput scan=0x39 down=False accepted=1 error=0 target_pid=9084
2026-09-18 04:45:11,836 INFO SendInput scan=0x2A down=True accepted=1 error=0 target_pid=9084
2026-09-18 04:45:12,254 INFO Tracking camera_fps=35.5 inference_fps=32.8 model_ms=15.0 age_ms=31.0 hands=2 pose=True mode=Swing
2026-09-18 04:45:13,830 INFO SendInput scan=0x2A down=False accepted=1 error=0 target_pid=9084
2026-09-18 04:45:14,540 INFO SendInput scan=0x39 down=True accepted=1 error=0 target_pid=9084
2026-09-18 04:45:14,650 INFO SendInput scan=0x39 down=False accepted=1 error=0 target_pid=9084
2026-09-18 04:45:14,712 INFO SendInput scan=0x2A down=True accepted=1 error=0 target_pid=9084
2026-09-18 04:45:15,273 INFO Tracking camera_fps=33.3 inference_fps=34.1 model_ms=16.0 age_ms=31.0 hands=2 pose=True mode=Swing
2026-09-18 04:45:17,556 INFO SendInput scan=0x2A down=False accepted=1 error=0 target_pid=9084
2026-09-18 04:45:17,886 INFO SendInput scan=0x39 down=True accepted=1 error=0 target_pid=9084
2026-09-18 04:45:17,999 INFO SendInput scan=0x39 down=False accepted=1 error=0 target_pid=9084
2026-09-18 04:45:18,059 INFO SendInput scan=0x2A down=True accepted=1 error=0 target_pid=9084
2026-09-18 04:45:18,290 INFO Tracking camera_fps=31.7 inference_fps=33.4 model_ms=32.0 age_ms=47.0 hands=1 pose=True mode=Swing
2026-09-18 04:45:20,741 INFO SendInput scan=0x2A down=False accepted=1 error=0 target_pid=9084
2026-09-18 04:45:20,962 INFO SendInput scan=0x39 down=True accepted=1 error=0 target_pid=9084
2026-09-18 04:45:21,057 INFO SendInput scan=0x39 down=False accepted=1 error=0 target_pid=9084
2026-09-18 04:45:21,139 INFO SendInput scan=0x2A down=True accepted=1 error=0 target_pid=9084
2026-09-18 04:45:21,139 INFO SendInput scan=0x11 down=True accepted=1 error=0 target_pid=9084
2026-09-18 04:45:21,322 INFO Tracking camera_fps=31.7 inference_fps=31.1 model_ms=31.0 age_ms=47.0 hands=1 pose=True mode=Swing
2026-09-18 04:45:21,372 INFO SendInput scan=0x11 down=False accepted=1 error=0 target_pid=9084
2026-09-18 04:45:23,605 INFO SendInput scan=0x2A down=False accepted=1 error=0 target_pid=9084
2026-09-18 04:45:24,078 INFO SendInput scan=0x39 down=True accepted=1 error=0 target_pid=9084
2026-09-18 04:45:24,141 INFO SendInput scan=0x11 down=True accepted=1 error=0 target_pid=9084
2026-09-18 04:45:24,188 INFO SendInput scan=0x39 down=False accepted=1 error=0 target_pid=9084
2026-09-18 04:45:24,250 INFO SendInput scan=0x2A down=True accepted=1 error=0 target_pid=9084
2026-09-18 04:45:24,340 INFO Tracking camera_fps=33.7 inference_fps=31.3 model_ms=31.0 age_ms=47.0 hands=1 pose=True mode=Swing
2026-09-18 04:45:27,141 INFO SendInput scan=0x2A down=False accepted=1 error=0 target_pid=9084
2026-09-18 04:45:27,142 INFO SendInput scan=0x11 down=False accepted=1 error=0 target_pid=9084
2026-09-18 04:45:27,374 INFO Tracking camera_fps=34.6 inference_fps=31.4 model_ms=31.0 age_ms=46.0 hands=2 pose=True mode=Eğilme
2026-09-18 04:45:27,488 INFO SendInput scan=0x39 down=True accepted=1 error=0 target_pid=9084
2026-09-18 04:45:27,533 INFO SendInput scan=0x20 down=True accepted=1 error=0 target_pid=9084
2026-09-18 04:45:27,597 INFO SendInput scan=0x39 down=False accepted=1 error=0 target_pid=9084
2026-09-18 04:45:27,659 INFO SendInput scan=0x2A down=True accepted=1 error=0 target_pid=9084
2026-09-18 04:45:28,177 INFO SendInput scan=0x2A down=False accepted=1 error=0 target_pid=9084
2026-09-18 04:45:28,177 INFO SendInput scan=0x20 down=False accepted=1 error=0 target_pid=9084
2026-09-18 04:45:28,807 INFO SendInput scan=0x39 down=True accepted=1 error=0 target_pid=9084
2026-09-18 04:45:28,871 INFO SendInput scan=0x1E down=True accepted=1 error=0 target_pid=9084
2026-09-18 04:45:28,933 INFO SendInput scan=0x39 down=False accepted=1 error=0 target_pid=9084
2026-09-18 04:45:28,994 INFO SendInput scan=0x2A down=True accepted=1 error=0 target_pid=9084
2026-09-18 04:45:29,863 INFO SendInput scan=0x2A down=False accepted=1 error=0 target_pid=9084
2026-09-18 04:45:29,863 INFO SendInput scan=0x1E down=False accepted=1 error=0 target_pid=9084
2026-09-18 04:45:30,223 INFO SendInput scan=0x39 down=True accepted=1 error=0 target_pid=9084
2026-09-18 04:45:30,254 INFO SendInput scan=0x39 down=False accepted=1 error=0 target_pid=9084
2026-09-18 04:45:30,391 INFO Tracking camera_fps=32.1 inference_fps=31.1 model_ms=31.0 age_ms=62.0 hands=1 pose=True mode=Eğilme
2026-09-18 04:45:30,569 INFO SendInput scan=0x39 down=True accepted=1 error=0 target_pid=9084
2026-09-18 04:45:30,631 INFO SendInput scan=0x39 down=False accepted=1 error=0 target_pid=9084
2026-09-18 04:45:30,757 INFO SendInput scan=0x39 down=True accepted=1 error=0 target_pid=9084
2026-09-18 04:45:30,837 INFO SendInput scan=0x11 down=True accepted=1 error=0 target_pid=9084
2026-09-18 04:45:30,869 INFO SendInput scan=0x39 down=False accepted=1 error=0 target_pid=9084
2026-09-18 04:45:30,918 INFO SendInput scan=0x2A down=True accepted=1 error=0 target_pid=9084
2026-09-18 04:45:32,793 INFO SendInput scan=0x2A down=False accepted=1 error=0 target_pid=9084
2026-09-18 04:45:32,793 INFO SendInput scan=0x11 down=False accepted=1 error=0 target_pid=9084
2026-09-18 04:45:33,003 INFO SendInput scan=0x39 down=True accepted=1 error=0 target_pid=9084
2026-09-18 04:45:33,062 INFO SendInput scan=0x11 down=True accepted=1 error=0 target_pid=9084
2026-09-18 04:45:33,109 INFO SendInput scan=0x39 down=False accepted=1 error=0 target_pid=9084
2026-09-18 04:45:33,171 INFO SendInput scan=0x2A down=True accepted=1 error=0 target_pid=9084
2026-09-18 04:45:33,267 INFO SendInput scan=0x11 down=False accepted=1 error=0 target_pid=9084
2026-09-18 04:45:33,313 INFO SendInput scan=0x2A down=False accepted=1 error=0 target_pid=9084
2026-09-18 04:45:33,428 INFO Tracking camera_fps=30.6 inference_fps=34.2 model_ms=15.0 age_ms=31.0 hands=0 pose=True mode=Serbest
2026-09-18 04:45:33,598 INFO SendInput scan=0x39 down=True accepted=1 error=0 target_pid=9084
2026-09-18 04:45:33,660 INFO SendInput scan=0x11 down=True accepted=1 error=0 target_pid=9084
2026-09-18 04:45:33,706 INFO SendInput scan=0x39 down=False accepted=1 error=0 target_pid=9084
2026-09-18 04:45:33,769 INFO SendInput scan=0x2A down=True accepted=1 error=0 target_pid=9084
2026-09-18 04:45:34,631 INFO SendInput scan=0x11 down=False accepted=1 error=0 target_pid=9084
2026-09-18 04:45:34,928 INFO SendInput scan=0x2A down=False accepted=1 error=0 target_pid=9084
2026-09-18 04:45:36,452 INFO Tracking camera_fps=33.8 inference_fps=33.7 model_ms=16.0 age_ms=47.0 hands=2 pose=True mode=Serbest
2026-09-18 04:45:36,911 INFO SendInput scan=0x39 down=True accepted=1 error=0 target_pid=9084
2026-09-18 04:45:36,990 INFO SendInput scan=0x1E down=True accepted=1 error=0 target_pid=9084
2026-09-18 04:45:37,021 INFO SendInput scan=0x39 down=False accepted=1 error=0 target_pid=9084
2026-09-18 04:45:37,084 INFO SendInput scan=0x2A down=True accepted=1 error=0 target_pid=9084
2026-09-18 04:45:38,041 INFO SendInput scan=0x2A down=False accepted=1 error=0 target_pid=9084
2026-09-18 04:45:38,041 INFO SendInput scan=0x1E down=False accepted=1 error=0 target_pid=9084
2026-09-18 04:45:38,816 INFO SendInput scan=0x39 down=True accepted=1 error=0 target_pid=9084
2026-09-18 04:45:38,922 INFO SendInput scan=0x39 down=False accepted=1 error=0 target_pid=9084
2026-09-18 04:45:38,954 INFO SendInput scan=0x11 down=True accepted=1 error=0 target_pid=9084
2026-09-18 04:45:38,986 INFO SendInput scan=0x2A down=True accepted=1 error=0 target_pid=9084
2026-09-18 04:45:39,192 INFO SendInput scan=0x11 down=False accepted=1 error=0 target_pid=9084
2026-09-18 04:45:39,254 INFO SendInput scan=0x2A down=False accepted=1 error=0 target_pid=9084
2026-09-18 04:45:39,396 INFO SendInput scan=0x39 down=True accepted=1 error=0 target_pid=9084
2026-09-18 04:45:39,487 INFO Tracking camera_fps=34.6 inference_fps=35.0 model_ms=16.0 age_ms=31.0 hands=2 pose=True mode=Eğilme
2026-09-18 04:45:39,491 INFO SendInput scan=0x39 down=False accepted=1 error=0 target_pid=9084
2026-09-18 04:45:39,634 INFO SendInput scan=0x39 down=True accepted=1 error=0 target_pid=9084
2026-09-18 04:45:39,696 INFO SendInput scan=0x20 down=True accepted=1 error=0 target_pid=9084
2026-09-18 04:45:39,742 INFO SendInput scan=0x39 down=False accepted=1 error=0 target_pid=9084
2026-09-18 04:45:39,789 INFO SendInput scan=0x20 down=False accepted=1 error=0 target_pid=9084
2026-09-18 04:45:39,917 INFO SendInput scan=0x39 down=True accepted=1 error=0 target_pid=9084
2026-09-18 04:45:39,984 INFO SendInput scan=0x20 down=True accepted=1 error=0 target_pid=9084
2026-09-18 04:45:40,010 INFO SendInput scan=0x39 down=False accepted=1 error=0 target_pid=9084
2026-09-18 04:45:40,074 INFO SendInput scan=0x2A down=True accepted=1 error=0 target_pid=9084
2026-09-18 04:45:40,470 INFO SendInput scan=0x2A down=False accepted=1 error=0 target_pid=9084
2026-09-18 04:45:40,470 INFO SendInput scan=0x20 down=False accepted=1 error=0 target_pid=9084
2026-09-18 04:45:40,686 INFO SendInput scan=0x39 down=True accepted=1 error=0 target_pid=9084
2026-09-18 04:45:40,796 INFO SendInput scan=0x39 down=False accepted=1 error=0 target_pid=9084
2026-09-18 04:45:41,286 INFO SendInput scan=0x39 down=True accepted=1 error=0 target_pid=9084
2026-09-18 04:45:41,362 INFO SendInput scan=0x11 down=True accepted=1 error=0 target_pid=9084
2026-09-18 04:45:41,393 INFO SendInput scan=0x39 down=False accepted=1 error=0 target_pid=9084
2026-09-18 04:45:41,456 INFO SendInput scan=0x2A down=True accepted=1 error=0 target_pid=9084
2026-09-18 04:45:42,509 INFO Tracking camera_fps=33.2 inference_fps=35.5 model_ms=15.0 age_ms=31.0 hands=1 pose=True mode=Swing
2026-09-18 04:45:43,219 INFO SendInput scan=0x11 down=False accepted=1 error=0 target_pid=9084
2026-09-18 04:45:43,581 INFO SendInput scan=0x1E down=True accepted=1 error=0 target_pid=9084
2026-09-18 04:45:44,399 INFO SendInput scan=0x1E down=False accepted=1 error=0 target_pid=9084
2026-09-18 04:45:44,411 INFO SendInput scan=0x2A down=False accepted=1 error=0 target_pid=9084
2026-09-18 04:45:45,538 INFO Tracking camera_fps=31.5 inference_fps=32.5 model_ms=16.0 age_ms=32.0 hands=0 pose=True mode=Eğilme
2026-09-18 04:45:48,035 INFO SendInput scan=0x39 down=True accepted=1 error=0 target_pid=9084
2026-09-18 04:45:48,143 INFO SendInput scan=0x39 down=False accepted=1 error=0 target_pid=9084
2026-09-18 04:45:48,208 INFO SendInput scan=0x2A down=True accepted=1 error=0 target_pid=9084
2026-09-18 04:45:48,576 INFO Tracking camera_fps=31.3 inference_fps=33.9 model_ms=32.0 age_ms=47.0 hands=2 pose=True mode=Swing
2026-09-18 04:45:49,479 INFO SendInput scan=0x2A down=False accepted=1 error=0 target_pid=9084
2026-09-18 04:45:49,634 INFO SendInput scan=0x39 down=True accepted=1 error=0 target_pid=9084
2026-09-18 04:45:49,729 INFO SendInput scan=0x39 down=False accepted=1 error=0 target_pid=9084
2026-09-18 04:45:49,902 INFO SendInput scan=0x39 down=True accepted=1 error=0 target_pid=9084
2026-09-18 04:45:50,016 INFO SendInput scan=0x39 down=False accepted=1 error=0 target_pid=9084
2026-09-18 04:45:50,076 INFO SendInput scan=0x2A down=True accepted=1 error=0 target_pid=9084
2026-09-18 04:45:51,611 INFO Tracking camera_fps=33.1 inference_fps=31.6 model_ms=16.0 age_ms=47.0 hands=2 pose=True mode=Swing
2026-09-18 04:45:52,292 INFO SendInput scan=0x2A down=False accepted=1 error=0 target_pid=9084
2026-09-18 04:45:52,669 INFO SendInput scan=0x39 down=True accepted=1 error=0 target_pid=9084
2026-09-18 04:45:52,786 INFO SendInput scan=0x39 down=False accepted=1 error=0 target_pid=9084
2026-09-18 04:45:52,842 INFO SendInput scan=0x2A down=True accepted=1 error=0 target_pid=9084
2026-09-18 04:45:53,046 INFO SendInput scan=0x2A down=False accepted=1 error=0 target_pid=9084
2026-09-18 04:45:54,439 INFO SendInput scan=0x39 down=True accepted=1 error=0 target_pid=9084
2026-09-18 04:45:54,502 INFO SendInput scan=0x39 down=False accepted=1 error=0 target_pid=9084
2026-09-18 04:45:54,637 INFO Tracking camera_fps=32.6 inference_fps=36.3 model_ms=31.0 age_ms=47.0 hands=2 pose=True mode=Eğilme
2026-09-18 04:45:54,704 INFO SendInput scan=0x39 down=True accepted=1 error=0 target_pid=9084
2026-09-18 04:45:54,813 INFO SendInput scan=0x39 down=False accepted=1 error=0 target_pid=9084
2026-09-18 04:45:57,240 INFO Mouse button=right down=True accepted=1
2026-09-18 04:45:57,668 INFO Tracking camera_fps=35.8 inference_fps=33.9 model_ms=16.0 age_ms=31.0 hands=2 pose=True mode=Nişan
2026-09-18 04:45:58,710 INFO SendInput scan=0x12 down=True accepted=1 error=0 target_pid=9084
2026-09-18 04:45:58,819 INFO SendInput scan=0x12 down=False accepted=1 error=0 target_pid=9084
2026-09-18 04:45:59,399 INFO Mouse button=right down=False accepted=1
2026-09-18 04:45:59,508 INFO SendInput scan=0x39 down=True accepted=1 error=0 target_pid=9084
2026-09-18 04:45:59,603 INFO SendInput scan=0x39 down=False accepted=1 error=0 target_pid=9084
2026-09-18 04:45:59,604 INFO Mouse button=right down=True accepted=1
2026-09-18 04:46:00,250 INFO SendInput scan=0x12 down=True accepted=1 error=0 target_pid=9084
2026-09-18 04:46:00,359 INFO SendInput scan=0x12 down=False accepted=1 error=0 target_pid=9084
2026-09-18 04:46:00,406 INFO Mouse button=right down=False accepted=1
2026-09-18 04:46:00,695 INFO Tracking camera_fps=34.7 inference_fps=33.2 model_ms=16.0 age_ms=16.0 hands=2 pose=True mode=Eğilme
2026-09-18 04:46:00,843 INFO Mouse button=right down=True accepted=1
2026-09-18 04:46:00,938 INFO SendInput scan=0x12 down=True accepted=1 error=0 target_pid=9084
2026-09-18 04:46:01,050 INFO SendInput scan=0x12 down=False accepted=1 error=0 target_pid=9084
2026-09-18 04:46:01,521 INFO SendInput scan=0x12 down=True accepted=1 error=0 target_pid=9084
2026-09-18 04:46:01,631 INFO SendInput scan=0x12 down=False accepted=1 error=0 target_pid=9084
2026-09-18 04:46:02,149 INFO SendInput scan=0x12 down=True accepted=1 error=0 target_pid=9084
2026-09-18 04:46:02,259 INFO SendInput scan=0x12 down=False accepted=1 error=0 target_pid=9084
2026-09-18 04:46:02,261 INFO Mouse button=right down=False accepted=1
2026-09-18 04:46:03,706 INFO Tracking camera_fps=30.7 inference_fps=29.6 model_ms=32.0 age_ms=47.0 hands=2 pose=True mode=Eğilme
2026-09-18 04:46:06,545 INFO Mouse button=right down=True accepted=1
2026-09-18 04:46:06,714 INFO Tracking camera_fps=31.7 inference_fps=32.1 model_ms=31.0 age_ms=31.0 hands=2 pose=True mode=Nişan
2026-09-18 04:46:08,923 INFO Mouse button=right down=False accepted=1
2026-09-18 04:46:09,034 INFO SendInput scan=0x39 down=True accepted=1 error=0 target_pid=9084
2026-09-18 04:46:09,097 INFO SendInput scan=0x39 down=False accepted=1 error=0 target_pid=9084
2026-09-18 04:46:09,097 INFO Mouse button=right down=True accepted=1
2026-09-18 04:46:09,588 INFO SendInput scan=0x12 down=True accepted=1 error=0 target_pid=9084
2026-09-18 04:46:09,619 INFO SendInput scan=0x12 down=False accepted=1 error=0 target_pid=9084
2026-09-18 04:46:09,619 INFO Mouse button=right down=False accepted=1
2026-09-18 04:46:09,750 INFO Tracking camera_fps=32.2 inference_fps=37.9 model_ms=31.0 age_ms=31.0 hands=1 pose=True mode=Eğilme
2026-09-18 04:46:11,934 INFO SendInput scan=0x39 down=True accepted=1 error=0 target_pid=9084
2026-09-18 04:46:12,043 INFO SendInput scan=0x39 down=False accepted=1 error=0 target_pid=9084
2026-09-18 04:46:12,104 INFO SendInput scan=0x2A down=True accepted=1 error=0 target_pid=9084
2026-09-18 04:46:12,771 INFO Tracking camera_fps=33.5 inference_fps=32.2 model_ms=31.0 age_ms=47.0 hands=1 pose=True mode=Swing
2026-09-18 04:46:12,812 INFO SendInput scan=0x2A down=False accepted=1 error=0 target_pid=9084
2026-09-18 04:46:13,188 INFO SendInput scan=0x39 down=True accepted=1 error=0 target_pid=9084
2026-09-18 04:46:13,219 INFO SendInput scan=0x39 down=False accepted=1 error=0 target_pid=9084
2026-09-18 04:46:14,448 INFO SendInput scan=0x39 down=True accepted=1 error=0 target_pid=9084
2026-09-18 04:46:14,461 INFO SendInput scan=0x39 down=False accepted=1 error=0 target_pid=9084
2026-09-18 04:46:14,838 INFO SendInput scan=0x39 down=True accepted=1 error=0 target_pid=9084
2026-09-18 04:46:14,931 INFO SendInput scan=0x11 down=True accepted=1 error=0 target_pid=9084
2026-09-18 04:46:14,948 INFO SendInput scan=0x39 down=False accepted=1 error=0 target_pid=9084
2026-09-18 04:46:15,009 INFO SendInput scan=0x2A down=True accepted=1 error=0 target_pid=9084
2026-09-18 04:46:15,787 INFO Tracking camera_fps=32.5 inference_fps=31.8 model_ms=16.0 age_ms=32.0 hands=2 pose=True mode=Swing
2026-09-18 04:46:17,287 INFO SendInput scan=0x2A down=False accepted=1 error=0 target_pid=9084
2026-09-18 04:46:17,287 INFO SendInput scan=0x11 down=False accepted=1 error=0 target_pid=9084
2026-09-18 04:46:17,819 INFO SendInput scan=0x39 down=True accepted=1 error=0 target_pid=9084
2026-09-18 04:46:17,882 INFO SendInput scan=0x11 down=True accepted=1 error=0 target_pid=9084
2026-09-18 04:46:17,933 INFO SendInput scan=0x39 down=False accepted=1 error=0 target_pid=9084
2026-09-18 04:46:17,994 INFO SendInput scan=0x2A down=True accepted=1 error=0 target_pid=9084
2026-09-18 04:46:18,817 INFO Tracking camera_fps=32.6 inference_fps=32.9 model_ms=16.0 age_ms=47.0 hands=1 pose=True mode=Swing
2026-09-18 04:46:19,459 INFO SendInput scan=0x11 down=False accepted=1 error=0 target_pid=9084
2026-09-18 04:46:19,553 INFO SendInput scan=0x2A down=False accepted=1 error=0 target_pid=9084
2026-09-18 04:46:20,260 INFO SendInput scan=0x39 down=True accepted=1 error=0 target_pid=9084
2026-09-18 04:46:20,307 INFO SendInput scan=0x39 down=False accepted=1 error=0 target_pid=9084
2026-09-18 04:46:20,307 INFO SendInput scan=0x11 down=True accepted=1 error=0 target_pid=9084
2026-09-18 04:46:20,387 INFO SendInput scan=0x11 down=False accepted=1 error=0 target_pid=9084
2026-09-18 04:46:20,545 INFO SendInput scan=0x39 down=True accepted=1 error=0 target_pid=9084
2026-09-18 04:46:20,622 INFO SendInput scan=0x11 down=True accepted=1 error=0 target_pid=9084
2026-09-18 04:46:20,653 INFO SendInput scan=0x39 down=False accepted=1 error=0 target_pid=9084
2026-09-18 04:46:20,715 INFO SendInput scan=0x2A down=True accepted=1 error=0 target_pid=9084
2026-09-18 04:46:21,833 INFO Tracking camera_fps=30.8 inference_fps=28.9 model_ms=32.0 age_ms=63.0 hands=1 pose=True mode=Swing
2026-09-18 04:46:23,142 INFO SendInput scan=0x2A down=False accepted=1 error=0 target_pid=9084
2026-09-18 04:46:23,142 INFO SendInput scan=0x11 down=False accepted=1 error=0 target_pid=9084
2026-09-18 04:46:24,178 INFO SendInput scan=0x39 down=True accepted=1 error=0 target_pid=9084
2026-09-18 04:46:24,240 INFO SendInput scan=0x11 down=True accepted=1 error=0 target_pid=9084
2026-09-18 04:46:24,287 INFO SendInput scan=0x39 down=False accepted=1 error=0 target_pid=9084
2026-09-18 04:46:24,352 INFO SendInput scan=0x2A down=True accepted=1 error=0 target_pid=9084
2026-09-18 04:46:24,855 INFO Tracking camera_fps=31.7 inference_fps=29.4 model_ms=31.0 age_ms=47.0 hands=1 pose=True mode=Swing
2026-09-18 04:46:27,814 INFO SendInput scan=0x2A down=False accepted=1 error=0 target_pid=9084
2026-09-18 04:46:27,817 INFO SendInput scan=0x11 down=False accepted=1 error=0 target_pid=9084
2026-09-18 04:46:27,877 INFO Tracking camera_fps=33.7 inference_fps=31.6 model_ms=31.0 age_ms=46.0 hands=1 pose=True mode=Eğilme
2026-09-18 04:46:28,004 INFO SendInput scan=0x39 down=True accepted=1 error=0 target_pid=9084
2026-09-18 04:46:28,081 INFO SendInput scan=0x11 down=True accepted=1 error=0 target_pid=9084
2026-09-18 04:46:28,112 INFO SendInput scan=0x39 down=False accepted=1 error=0 target_pid=9084
2026-09-18 04:46:28,175 INFO SendInput scan=0x2A down=True accepted=1 error=0 target_pid=9084
2026-09-18 04:46:28,285 INFO SendInput scan=0x2A down=False accepted=1 error=0 target_pid=9084
2026-09-18 04:46:28,285 INFO SendInput scan=0x11 down=False accepted=1 error=0 target_pid=9084
2026-09-18 04:46:28,459 INFO SendInput scan=0x39 down=True accepted=1 error=0 target_pid=9084
2026-09-18 04:46:28,553 INFO SendInput scan=0x11 down=True accepted=1 error=0 target_pid=9084
2026-09-18 04:46:28,568 INFO SendInput scan=0x39 down=False accepted=1 error=0 target_pid=9084
2026-09-18 04:46:28,629 INFO SendInput scan=0x2A down=True accepted=1 error=0 target_pid=9084
2026-09-18 04:46:30,754 INFO SendInput scan=0x2A down=False accepted=1 error=0 target_pid=9084
2026-09-18 04:46:30,755 INFO SendInput scan=0x11 down=False accepted=1 error=0 target_pid=9084
2026-09-18 04:46:30,904 INFO Tracking camera_fps=35.4 inference_fps=29.5 model_ms=32.0 age_ms=32.0 hands=1 pose=True mode=Eğilme
2026-09-18 04:46:31,555 INFO SendInput scan=0x39 down=True accepted=1 error=0 target_pid=9084
2026-09-18 04:46:31,617 INFO SendInput scan=0x11 down=True accepted=1 error=0 target_pid=9084
2026-09-18 04:46:31,663 INFO SendInput scan=0x39 down=False accepted=1 error=0 target_pid=9084
2026-09-18 04:46:31,725 INFO SendInput scan=0x2A down=True accepted=1 error=0 target_pid=9084
2026-09-18 04:46:33,938 INFO Tracking camera_fps=35.4 inference_fps=30.2 model_ms=31.0 age_ms=47.0 hands=2 pose=True mode=Swing
2026-09-18 04:46:36,480 INFO SendInput scan=0x2A down=False accepted=1 error=0 target_pid=9084
2026-09-18 04:46:36,481 INFO SendInput scan=0x11 down=False accepted=1 error=0 target_pid=9084
2026-09-18 04:46:36,985 INFO Tracking camera_fps=34.1 inference_fps=38.2 model_ms=16.0 age_ms=31.0 hands=0 pose=True mode=Eğilme
2026-09-18 04:46:37,705 INFO SendInput scan=0x39 down=True accepted=1 error=0 target_pid=9084
2026-09-18 04:46:37,816 INFO SendInput scan=0x39 down=False accepted=1 error=0 target_pid=9084
2026-09-18 04:46:37,880 INFO SendInput scan=0x2A down=True accepted=1 error=0 target_pid=9084
2026-09-18 04:46:38,497 INFO SendInput scan=0x11 down=True accepted=1 error=0 target_pid=9084
2026-09-18 04:46:38,588 INFO SendInput scan=0x11 down=False accepted=1 error=0 target_pid=9084
2026-09-18 04:46:39,467 INFO SendInput scan=0x1E down=True accepted=1 error=0 target_pid=9084
2026-09-18 04:46:39,998 INFO Tracking camera_fps=30.7 inference_fps=31.3 model_ms=31.0 age_ms=46.0 hands=1 pose=True mode=Swing
2026-09-18 04:46:40,664 INFO SendInput scan=0x1E down=False accepted=1 error=0 target_pid=9084
2026-09-18 04:46:40,724 INFO SendInput scan=0x2A down=False accepted=1 error=0 target_pid=9084
2026-09-18 04:46:41,524 INFO SendInput scan=0x39 down=True accepted=1 error=0 target_pid=9084
2026-09-18 04:46:41,620 INFO SendInput scan=0x39 down=False accepted=1 error=0 target_pid=9084
2026-09-18 04:46:41,685 INFO SendInput scan=0x2A down=True accepted=1 error=0 target_pid=9084
2026-09-18 04:46:41,699 INFO SendInput scan=0x11 down=True accepted=1 error=0 target_pid=9084
2026-09-18 04:46:42,059 INFO SendInput scan=0x11 down=False accepted=1 error=0 target_pid=9084
2026-09-18 04:46:42,833 INFO SendInput scan=0x2A down=False accepted=1 error=0 target_pid=9084
2026-09-18 04:46:42,958 INFO SendInput scan=0x39 down=True accepted=1 error=0 target_pid=9084
2026-09-18 04:46:43,032 INFO Tracking camera_fps=31.6 inference_fps=32.3 model_ms=32.0 age_ms=47.0 hands=1 pose=True mode=Eğilme
2026-09-18 04:46:43,035 INFO SendInput scan=0x39 down=False accepted=1 error=0 target_pid=9084
2026-09-18 04:46:43,396 INFO SendInput scan=0x39 down=True accepted=1 error=0 target_pid=9084
2026-09-18 04:46:43,459 INFO SendInput scan=0x11 down=True accepted=1 error=0 target_pid=9084
2026-09-18 04:46:43,506 INFO SendInput scan=0x39 down=False accepted=1 error=0 target_pid=9084
2026-09-18 04:46:43,568 INFO SendInput scan=0x2A down=True accepted=1 error=0 target_pid=9084
2026-09-18 04:46:46,050 INFO Tracking camera_fps=33.0 inference_fps=36.7 model_ms=15.0 age_ms=31.0 hands=2 pose=True mode=Swing
2026-09-18 04:46:46,650 INFO SendInput scan=0x2A down=False accepted=1 error=0 target_pid=9084
2026-09-18 04:46:46,650 INFO SendInput scan=0x11 down=False accepted=1 error=0 target_pid=9084
2026-09-18 04:46:46,776 INFO SendInput scan=0x39 down=True accepted=1 error=0 target_pid=9084
2026-09-18 04:46:46,887 INFO SendInput scan=0x39 down=False accepted=1 error=0 target_pid=9084
2026-09-18 04:46:46,949 INFO SendInput scan=0x2A down=True accepted=1 error=0 target_pid=9084
2026-09-18 04:46:46,982 INFO SendInput scan=0x2A down=False accepted=1 error=0 target_pid=9084
2026-09-18 04:46:47,106 INFO SendInput scan=0x39 down=True accepted=1 error=0 target_pid=9084
2026-09-18 04:46:47,169 INFO SendInput scan=0x20 down=True accepted=1 error=0 target_pid=9084
2026-09-18 04:46:47,216 INFO SendInput scan=0x39 down=False accepted=1 error=0 target_pid=9084
2026-09-18 04:46:47,282 INFO SendInput scan=0x2A down=True accepted=1 error=0 target_pid=9084
2026-09-18 04:46:47,387 INFO SendInput scan=0x2A down=False accepted=1 error=0 target_pid=9084
2026-09-18 04:46:47,388 INFO SendInput scan=0x20 down=False accepted=1 error=0 target_pid=9084
2026-09-18 04:46:47,576 INFO SendInput scan=0x39 down=True accepted=1 error=0 target_pid=9084
2026-09-18 04:46:47,686 INFO SendInput scan=0x39 down=False accepted=1 error=0 target_pid=9084
2026-09-18 04:46:47,922 INFO SendInput scan=0x39 down=True accepted=1 error=0 target_pid=9084
2026-09-18 04:46:47,985 INFO SendInput scan=0x11 down=True accepted=1 error=0 target_pid=9084
2026-09-18 04:46:48,032 INFO SendInput scan=0x39 down=False accepted=1 error=0 target_pid=9084
2026-09-18 04:46:48,096 INFO SendInput scan=0x2A down=True accepted=1 error=0 target_pid=9084
2026-09-18 04:46:48,269 INFO SendInput scan=0x11 down=False accepted=1 error=0 target_pid=9084
2026-09-18 04:46:49,072 INFO Tracking camera_fps=35.4 inference_fps=35.8 model_ms=16.0 age_ms=31.0 hands=1 pose=True mode=Swing
2026-09-18 04:46:50,582 INFO SendInput scan=0x2A down=False accepted=1 error=0 target_pid=9084
2026-09-18 04:46:52,086 INFO Tracking camera_fps=31.3 inference_fps=32.1 model_ms=32.0 age_ms=32.0 hands=1 pose=True mode=Eğilme
2026-09-18 04:46:52,158 INFO SendInput scan=0x39 down=True accepted=1 error=0 target_pid=9084
2026-09-18 04:46:52,270 INFO SendInput scan=0x39 down=False accepted=1 error=0 target_pid=9084
2026-09-18 04:46:52,332 INFO SendInput scan=0x2A down=True accepted=1 error=0 target_pid=9084
2026-09-18 04:46:52,424 INFO SendInput scan=0x2A down=False accepted=1 error=0 target_pid=9084
2026-09-18 04:46:53,951 INFO SendInput scan=0x39 down=True accepted=1 error=0 target_pid=9084
2026-09-18 04:46:53,994 INFO SendInput scan=0x11 down=True accepted=1 error=0 target_pid=9084
2026-09-18 04:46:54,057 INFO SendInput scan=0x39 down=False accepted=1 error=0 target_pid=9084
2026-09-18 04:46:54,120 INFO SendInput scan=0x2A down=True accepted=1 error=0 target_pid=9084
2026-09-18 04:46:55,108 INFO Tracking camera_fps=30.4 inference_fps=35.9 model_ms=31.0 age_ms=47.0 hands=1 pose=True mode=Swing
2026-09-18 04:46:57,112 INFO SendInput scan=0x2A down=False accepted=1 error=0 target_pid=9084
2026-09-18 04:46:57,113 INFO SendInput scan=0x11 down=False accepted=1 error=0 target_pid=9084
2026-09-18 04:46:57,741 INFO SendInput scan=0x39 down=True accepted=1 error=0 target_pid=9084
2026-09-18 04:46:57,805 INFO SendInput scan=0x11 down=True accepted=1 error=0 target_pid=9084
2026-09-18 04:46:57,853 INFO SendInput scan=0x39 down=False accepted=1 error=0 target_pid=9084
2026-09-18 04:46:57,902 INFO SendInput scan=0x2A down=True accepted=1 error=0 target_pid=9084
2026-09-18 04:46:58,137 INFO Tracking camera_fps=33.8 inference_fps=32.0 model_ms=31.0 age_ms=47.0 hands=1 pose=True mode=Swing
2026-09-18 04:47:00,934 INFO SendInput scan=0x2A down=False accepted=1 error=0 target_pid=9084
2026-09-18 04:47:00,935 INFO SendInput scan=0x11 down=False accepted=1 error=0 target_pid=9084
2026-09-18 04:47:01,159 INFO Tracking camera_fps=34.6 inference_fps=31.6 model_ms=32.0 age_ms=47.0 hands=1 pose=True mode=Eğilme
2026-09-18 04:47:01,623 INFO SendInput scan=0x39 down=True accepted=1 error=0 target_pid=9084
2026-09-18 04:47:01,704 INFO SendInput scan=0x11 down=True accepted=1 error=0 target_pid=9084
2026-09-18 04:47:01,733 INFO SendInput scan=0x39 down=False accepted=1 error=0 target_pid=9084
2026-09-18 04:47:01,796 INFO SendInput scan=0x2A down=True accepted=1 error=0 target_pid=9084
2026-09-18 04:47:04,196 INFO Tracking camera_fps=36.0 inference_fps=28.1 model_ms=16.0 age_ms=31.0 hands=1 pose=True mode=Swing
2026-09-18 04:47:05,496 INFO SendInput scan=0x2A down=False accepted=1 error=0 target_pid=9084
2026-09-18 04:47:05,496 INFO SendInput scan=0x11 down=False accepted=1 error=0 target_pid=9084
2026-09-18 04:47:06,454 INFO SendInput scan=0x39 down=True accepted=1 error=0 target_pid=9084
2026-09-18 04:47:06,502 INFO SendInput scan=0x11 down=True accepted=1 error=0 target_pid=9084
2026-09-18 04:47:06,567 INFO SendInput scan=0x39 down=False accepted=1 error=0 target_pid=9084
2026-09-18 04:47:06,627 INFO SendInput scan=0x2A down=True accepted=1 error=0 target_pid=9084
2026-09-18 04:47:07,200 INFO Tracking camera_fps=32.5 inference_fps=31.8 model_ms=32.0 age_ms=47.0 hands=1 pose=True mode=Swing
2026-09-18 04:47:08,937 INFO SendInput scan=0x11 down=False accepted=1 error=0 target_pid=9084
2026-09-18 04:47:10,220 INFO Tracking camera_fps=32.6 inference_fps=36.5 model_ms=31.0 age_ms=31.0 hands=2 pose=True mode=Swing
2026-09-18 04:47:10,601 INFO SendInput scan=0x2A down=False accepted=1 error=0 target_pid=9084
2026-09-18 04:47:11,134 INFO SendInput scan=0x39 down=True accepted=1 error=0 target_pid=9084
2026-09-18 04:47:11,167 INFO SendInput scan=0x39 down=False accepted=1 error=0 target_pid=9084
2026-09-18 04:47:11,389 INFO SendInput scan=0x39 down=True accepted=1 error=0 target_pid=9084
2026-09-18 04:47:11,468 INFO SendInput scan=0x11 down=True accepted=1 error=0 target_pid=9084
2026-09-18 04:47:11,500 INFO SendInput scan=0x39 down=False accepted=1 error=0 target_pid=9084
2026-09-18 04:47:11,561 INFO SendInput scan=0x2A down=True accepted=1 error=0 target_pid=9084
2026-09-18 04:47:12,551 INFO SendInput scan=0x11 down=False accepted=1 error=0 target_pid=9084
2026-09-18 04:47:13,134 INFO SendInput scan=0x20 down=True accepted=1 error=0 target_pid=9084
2026-09-18 04:47:13,241 INFO Tracking camera_fps=33.9 inference_fps=37.5 model_ms=16.0 age_ms=31.0 hands=2 pose=True mode=Swing
2026-09-18 04:47:15,057 INFO SendInput scan=0x2A down=False accepted=1 error=0 target_pid=9084
2026-09-18 04:47:16,160 INFO SendInput scan=0x20 down=False accepted=1 error=0 target_pid=9084
2026-09-18 04:47:16,246 INFO Tracking camera_fps=30.9 inference_fps=32.3 model_ms=31.0 age_ms=31.0 hands=1 pose=True mode=Eğilme
2026-09-18 04:47:16,335 INFO SendInput scan=0x39 down=True accepted=1 error=0 target_pid=9084
2026-09-18 04:47:16,400 INFO SendInput scan=0x20 down=True accepted=1 error=0 target_pid=9084
2026-09-18 04:47:16,443 INFO SendInput scan=0x39 down=False accepted=1 error=0 target_pid=9084
2026-09-18 04:47:16,506 INFO SendInput scan=0x2A down=True accepted=1 error=0 target_pid=9084
2026-09-18 04:47:16,569 INFO SendInput scan=0x20 down=False accepted=1 error=0 target_pid=9084
2026-09-18 04:47:16,698 INFO SendInput scan=0x2A down=False accepted=1 error=0 target_pid=9084
2026-09-18 04:47:17,325 INFO SendInput scan=0x39 down=True accepted=1 error=0 target_pid=9084
2026-09-18 04:47:17,389 INFO SendInput scan=0x20 down=True accepted=1 error=0 target_pid=9084
2026-09-18 04:47:17,435 INFO SendInput scan=0x39 down=False accepted=1 error=0 target_pid=9084
2026-09-18 04:47:17,484 INFO SendInput scan=0x20 down=False accepted=1 error=0 target_pid=9084
2026-09-18 04:47:17,613 INFO SendInput scan=0x39 down=True accepted=1 error=0 target_pid=9084
2026-09-18 04:47:17,656 INFO SendInput scan=0x20 down=True accepted=1 error=0 target_pid=9084
2026-09-18 04:47:17,720 INFO SendInput scan=0x39 down=False accepted=1 error=0 target_pid=9084
2026-09-18 04:47:17,732 INFO SendInput scan=0x20 down=False accepted=1 error=0 target_pid=9084
2026-09-18 04:47:18,755 INFO SendInput scan=0x39 down=True accepted=1 error=0 target_pid=9084
2026-09-18 04:47:18,837 INFO SendInput scan=0x11 down=True accepted=1 error=0 target_pid=9084
2026-09-18 04:47:18,866 INFO SendInput scan=0x39 down=False accepted=1 error=0 target_pid=9084
2026-09-18 04:47:18,930 INFO SendInput scan=0x2A down=True accepted=1 error=0 target_pid=9084
2026-09-18 04:47:19,292 INFO Tracking camera_fps=79.8 inference_fps=28.6 model_ms=32.0 age_ms=47.0 hands=1 pose=True mode=Swing
2026-09-18 04:47:20,405 INFO SendInput scan=0x11 down=False accepted=1 error=0 target_pid=9084
2026-09-18 04:47:20,751 INFO SendInput scan=0x2A down=False accepted=1 error=0 target_pid=9084
2026-09-18 04:47:21,049 INFO SendInput scan=0x39 down=True accepted=1 error=0 target_pid=9084
2026-09-18 04:47:21,112 INFO SendInput scan=0x20 down=True accepted=1 error=0 target_pid=9084
2026-09-18 04:47:21,156 INFO SendInput scan=0x39 down=False accepted=1 error=0 target_pid=9084
2026-09-18 04:47:21,188 INFO SendInput scan=0x20 down=False accepted=1 error=0 target_pid=9084
2026-09-18 04:47:21,770 INFO SendInput scan=0x39 down=True accepted=1 error=0 target_pid=9084
2026-09-18 04:47:21,880 INFO SendInput scan=0x39 down=False accepted=1 error=0 target_pid=9084
2026-09-18 04:47:21,942 INFO SendInput scan=0x2A down=True accepted=1 error=0 target_pid=9084
2026-09-18 04:47:22,020 INFO SendInput scan=0x11 down=True accepted=1 error=0 target_pid=9084
2026-09-18 04:47:22,327 INFO Tracking camera_fps=32.5 inference_fps=29.6 model_ms=32.0 age_ms=47.0 hands=1 pose=True mode=Eğilme
2026-09-18 04:47:22,334 INFO SendInput scan=0x2A down=False accepted=1 error=0 target_pid=9084
2026-09-18 04:47:22,336 INFO SendInput scan=0x11 down=False accepted=1 error=0 target_pid=9084
2026-09-18 04:47:22,444 INFO SendInput scan=0x39 down=True accepted=1 error=0 target_pid=9084
2026-09-18 04:47:22,554 INFO SendInput scan=0x39 down=False accepted=1 error=0 target_pid=9084
2026-09-18 04:47:22,617 INFO SendInput scan=0x2A down=True accepted=1 error=0 target_pid=9084
2026-09-18 04:47:22,791 INFO SendInput scan=0x2A down=False accepted=1 error=0 target_pid=9084
2026-09-18 04:47:23,847 INFO SendInput scan=0x39 down=True accepted=1 error=0 target_pid=9084
2026-09-18 04:47:23,957 INFO SendInput scan=0x39 down=False accepted=1 error=0 target_pid=9084
2026-09-18 04:47:24,019 INFO SendInput scan=0x2A down=True accepted=1 error=0 target_pid=9084
2026-09-18 04:47:24,177 INFO SendInput scan=0x1E down=True accepted=1 error=0 target_pid=9084
2026-09-18 04:47:25,350 INFO Tracking camera_fps=33.5 inference_fps=32.3 model_ms=15.0 age_ms=31.0 hands=1 pose=True mode=Swing
2026-09-18 04:47:25,483 INFO SendInput scan=0x1E down=False accepted=1 error=0 target_pid=9084
2026-09-18 04:47:27,213 INFO SendInput scan=0x2A down=False accepted=1 error=0 target_pid=9084
2026-09-18 04:47:27,609 INFO SendInput scan=0x39 down=True accepted=1 error=0 target_pid=9084
2026-09-18 04:47:27,689 INFO SendInput scan=0x11 down=True accepted=1 error=0 target_pid=9084
2026-09-18 04:47:27,720 INFO SendInput scan=0x39 down=False accepted=1 error=0 target_pid=9084
2026-09-18 04:47:27,736 INFO SendInput scan=0x11 down=False accepted=1 error=0 target_pid=9084
2026-09-18 04:47:27,783 INFO SendInput scan=0x2A down=True accepted=1 error=0 target_pid=9084
2026-09-18 04:47:27,830 INFO SendInput scan=0x2A down=False accepted=1 error=0 target_pid=9084
2026-09-18 04:47:28,383 INFO Tracking camera_fps=30.4 inference_fps=34.5 model_ms=31.0 age_ms=46.0 hands=2 pose=True mode=Swing
2026-09-18 04:47:28,399 INFO SendInput scan=0x39 down=True accepted=1 error=0 target_pid=9084
2026-09-18 04:47:28,444 INFO SendInput scan=0x11 down=True accepted=1 error=0 target_pid=9084
2026-09-18 04:47:28,506 INFO SendInput scan=0x39 down=False accepted=1 error=0 target_pid=9084
2026-09-18 04:47:28,569 INFO SendInput scan=0x2A down=True accepted=1 error=0 target_pid=9084
2026-09-18 04:47:29,746 INFO SendInput scan=0x2A down=False accepted=1 error=0 target_pid=9084
2026-09-18 04:47:29,747 INFO SendInput scan=0x11 down=False accepted=1 error=0 target_pid=9084
2026-09-18 04:47:29,870 INFO SendInput scan=0x39 down=True accepted=1 error=0 target_pid=9084
2026-09-18 04:47:29,967 INFO SendInput scan=0x11 down=True accepted=1 error=0 target_pid=9084
2026-09-18 04:47:29,984 INFO SendInput scan=0x39 down=False accepted=1 error=0 target_pid=9084
2026-09-18 04:47:29,984 INFO SendInput scan=0x11 down=False accepted=1 error=0 target_pid=9084
2026-09-18 04:47:30,249 INFO SendInput scan=0x39 down=True accepted=1 error=0 target_pid=9084
2026-09-18 04:47:30,312 INFO SendInput scan=0x11 down=True accepted=1 error=0 target_pid=9084
2026-09-18 04:47:30,359 INFO SendInput scan=0x39 down=False accepted=1 error=0 target_pid=9084
2026-09-18 04:47:30,422 INFO SendInput scan=0x2A down=True accepted=1 error=0 target_pid=9084
2026-09-18 04:47:31,408 INFO Tracking camera_fps=34.3 inference_fps=33.6 model_ms=16.0 age_ms=47.0 hands=1 pose=True mode=Swing
2026-09-18 04:47:31,775 INFO SendInput scan=0x11 down=False accepted=1 error=0 target_pid=9084
2026-09-18 04:47:32,120 INFO SendInput scan=0x11 down=True accepted=1 error=0 target_pid=9084
2026-09-18 04:47:33,509 INFO SendInput scan=0x11 down=False accepted=1 error=0 target_pid=9084
2026-09-18 04:47:34,409 INFO SendInput scan=0x2A down=False accepted=1 error=0 target_pid=9084
2026-09-18 04:47:34,429 INFO Tracking camera_fps=34.2 inference_fps=33.5 model_ms=15.0 age_ms=15.0 hands=2 pose=True mode=Eğilme
2026-09-18 04:47:34,705 INFO SendInput scan=0x39 down=True accepted=1 error=0 target_pid=9084
2026-09-18 04:47:34,813 INFO SendInput scan=0x39 down=False accepted=1 error=0 target_pid=9084
2026-09-18 04:47:34,875 INFO SendInput scan=0x2A down=True accepted=1 error=0 target_pid=9084
2026-09-18 04:47:35,411 INFO SendInput scan=0x2A down=False accepted=1 error=0 target_pid=9084
2026-09-18 04:47:35,522 INFO SendInput scan=0x39 down=True accepted=1 error=0 target_pid=9084
2026-09-18 04:47:35,631 INFO SendInput scan=0x39 down=False accepted=1 error=0 target_pid=9084
2026-09-18 04:47:35,837 INFO SendInput scan=0x39 down=True accepted=1 error=0 target_pid=9084
2026-09-18 04:47:35,947 INFO SendInput scan=0x39 down=False accepted=1 error=0 target_pid=9084
2026-09-18 04:47:36,009 INFO SendInput scan=0x2A down=True accepted=1 error=0 target_pid=9084
2026-09-18 04:47:36,404 INFO SendInput scan=0x2A down=False accepted=1 error=0 target_pid=9084
2026-09-18 04:47:36,546 INFO SendInput scan=0x39 down=True accepted=1 error=0 target_pid=9084
2026-09-18 04:47:36,609 INFO SendInput scan=0x39 down=False accepted=1 error=0 target_pid=9084
2026-09-18 04:47:36,830 INFO SendInput scan=0x39 down=True accepted=1 error=0 target_pid=9084
2026-09-18 04:47:36,909 INFO SendInput scan=0x39 down=False accepted=1 error=0 target_pid=9084
2026-09-18 04:47:37,287 INFO SendInput scan=0x39 down=True accepted=1 error=0 target_pid=9084
2026-09-18 04:47:37,397 INFO SendInput scan=0x39 down=False accepted=1 error=0 target_pid=9084
2026-09-18 04:47:37,455 INFO Tracking camera_fps=35.0 inference_fps=30.5 model_ms=32.0 age_ms=47.0 hands=1 pose=True mode=Swing
2026-09-18 04:47:37,462 INFO SendInput scan=0x2A down=True accepted=1 error=0 target_pid=9084
2026-09-18 04:47:37,604 INFO SendInput scan=0x11 down=True accepted=1 error=0 target_pid=9084
2026-09-18 04:47:38,091 INFO SendInput scan=0x11 down=False accepted=1 error=0 target_pid=9084
2026-09-18 04:47:38,108 INFO SendInput scan=0x2A down=False accepted=1 error=0 target_pid=9084
2026-09-18 04:47:40,490 INFO Tracking camera_fps=31.6 inference_fps=35.1 model_ms=16.0 age_ms=31.0 hands=0 pose=True mode=Eğilme
2026-09-18 04:47:43,386 INFO Mouse button=left down=True accepted=1
2026-09-18 04:47:43,501 INFO Mouse button=left down=False accepted=1
2026-09-18 04:47:43,525 INFO Tracking camera_fps=31.7 inference_fps=31.3 model_ms=16.0 age_ms=31.0 hands=2 pose=True mode=Eğilme
2026-09-18 04:47:45,702 INFO SendInput scan=0x39 down=True accepted=1 error=0 target_pid=9084
2026-09-18 04:47:45,763 INFO SendInput scan=0x11 down=True accepted=1 error=0 target_pid=9084
2026-09-18 04:47:45,811 INFO SendInput scan=0x39 down=False accepted=1 error=0 target_pid=9084
2026-09-18 04:47:45,874 INFO SendInput scan=0x2A down=True accepted=1 error=0 target_pid=9084
2026-09-18 04:47:46,560 INFO Tracking camera_fps=31.2 inference_fps=34.1 model_ms=31.0 age_ms=47.0 hands=2 pose=True mode=Swing
2026-09-18 04:47:49,371 INFO SendInput scan=0x2A down=False accepted=1 error=0 target_pid=9084
2026-09-18 04:47:49,371 INFO SendInput scan=0x11 down=False accepted=1 error=0 target_pid=9084
2026-09-18 04:47:49,609 INFO Tracking camera_fps=68.5 inference_fps=28.7 model_ms=31.0 age_ms=63.0 hands=1 pose=True mode=Serbest
2026-09-18 04:47:49,825 INFO SendInput scan=0x39 down=True accepted=1 error=0 target_pid=9084
2026-09-18 04:47:49,888 INFO SendInput scan=0x11 down=True accepted=1 error=0 target_pid=9084
2026-09-18 04:47:49,935 INFO SendInput scan=0x39 down=False accepted=1 error=0 target_pid=9084
2026-09-18 04:47:50,002 INFO SendInput scan=0x2A down=True accepted=1 error=0 target_pid=9084
2026-09-18 04:47:52,489 INFO SendInput scan=0x2A down=False accepted=1 error=0 target_pid=9084
2026-09-18 04:47:52,489 INFO SendInput scan=0x11 down=False accepted=1 error=0 target_pid=9084
2026-09-18 04:47:52,622 INFO Tracking camera_fps=31.9 inference_fps=35.3 model_ms=31.0 age_ms=46.0 hands=2 pose=True mode=Serbest
2026-09-18 04:47:52,693 INFO SendInput scan=0x39 down=True accepted=1 error=0 target_pid=9084
2026-09-18 04:47:52,724 INFO SendInput scan=0x39 down=False accepted=1 error=0 target_pid=9084
2026-09-18 04:47:53,230 INFO SendInput scan=0x39 down=True accepted=1 error=0 target_pid=9084
2026-09-18 04:47:53,294 INFO SendInput scan=0x11 down=True accepted=1 error=0 target_pid=9084
2026-09-18 04:47:53,340 INFO SendInput scan=0x39 down=False accepted=1 error=0 target_pid=9084
2026-09-18 04:47:53,404 INFO SendInput scan=0x2A down=True accepted=1 error=0 target_pid=9084
2026-09-18 04:47:55,219 INFO SendInput scan=0x2A down=False accepted=1 error=0 target_pid=9084
2026-09-18 04:47:55,220 INFO SendInput scan=0x11 down=False accepted=1 error=0 target_pid=9084
2026-09-18 04:47:55,361 INFO SendInput scan=0x39 down=True accepted=1 error=0 target_pid=9084
2026-09-18 04:47:55,441 INFO SendInput scan=0x11 down=True accepted=1 error=0 target_pid=9084
2026-09-18 04:47:55,472 INFO SendInput scan=0x39 down=False accepted=1 error=0 target_pid=9084
2026-09-18 04:47:55,536 INFO SendInput scan=0x2A down=True accepted=1 error=0 target_pid=9084
2026-09-18 04:47:55,550 INFO SendInput scan=0x11 down=False accepted=1 error=0 target_pid=9084
2026-09-18 04:47:55,642 INFO Tracking camera_fps=55.2 inference_fps=32.0 model_ms=31.0 age_ms=62.0 hands=1 pose=True mode=Swing
2026-09-18 04:47:55,676 INFO SendInput scan=0x2A down=False accepted=1 error=0 target_pid=9084
2026-09-18 04:47:56,446 INFO SendInput scan=0x39 down=True accepted=1 error=0 target_pid=9084
2026-09-18 04:47:56,510 INFO SendInput scan=0x11 down=True accepted=1 error=0 target_pid=9084
2026-09-18 04:47:56,556 INFO SendInput scan=0x39 down=False accepted=1 error=0 target_pid=9084
2026-09-18 04:47:56,619 INFO SendInput scan=0x2A down=True accepted=1 error=0 target_pid=9084
2026-09-18 04:47:58,655 INFO Tracking camera_fps=34.8 inference_fps=29.8 model_ms=32.0 age_ms=63.0 hands=1 pose=True mode=Swing
2026-09-18 04:47:59,688 INFO SendInput scan=0x2A down=False accepted=1 error=0 target_pid=9084
2026-09-18 04:47:59,688 INFO SendInput scan=0x11 down=False accepted=1 error=0 target_pid=9084
2026-09-18 04:47:59,987 INFO SendInput scan=0x39 down=True accepted=1 error=0 target_pid=9084
2026-09-18 04:48:00,003 INFO SendInput scan=0x39 down=False accepted=1 error=0 target_pid=9084
2026-09-18 04:48:01,451 INFO SendInput scan=0x1D down=True accepted=1 error=0 target_pid=9084
2026-09-18 04:48:01,560 INFO SendInput scan=0x1D down=False accepted=1 error=0 target_pid=9084
2026-09-18 04:48:01,607 INFO SendInput scan=0x39 down=True accepted=1 error=0 target_pid=9084
2026-09-18 04:48:01,677 INFO Tracking camera_fps=31.1 inference_fps=32.9 model_ms=15.0 age_ms=31.0 hands=2 pose=True mode=Swing
2026-09-18 04:48:01,685 INFO SendInput scan=0x11 down=True accepted=1 error=0 target_pid=9084
2026-09-18 04:48:01,717 INFO SendInput scan=0x39 down=False accepted=1 error=0 target_pid=9084
2026-09-18 04:48:01,782 INFO SendInput scan=0x2A down=True accepted=1 error=0 target_pid=9084
2026-09-18 04:48:04,700 INFO Tracking camera_fps=31.3 inference_fps=37.5 model_ms=16.0 age_ms=32.0 hands=2 pose=True mode=Swing
2026-09-18 04:48:06,978 INFO SendInput scan=0x11 down=False accepted=1 error=0 target_pid=9084
2026-09-18 04:48:07,246 INFO SendInput scan=0x2A down=False accepted=1 error=0 target_pid=9084
2026-09-18 04:48:07,733 INFO Tracking camera_fps=35.5 inference_fps=34.5 model_ms=31.0 age_ms=31.0 hands=2 pose=True mode=Serbest
2026-09-18 04:48:08,716 INFO SendInput scan=0x39 down=True accepted=1 error=0 target_pid=9084
2026-09-18 04:48:08,824 INFO SendInput scan=0x39 down=False accepted=1 error=0 target_pid=9084
2026-09-18 04:48:08,887 INFO SendInput scan=0x2A down=True accepted=1 error=0 target_pid=9084
2026-09-18 04:48:10,308 INFO SendInput scan=0x2A down=False accepted=1 error=0 target_pid=9084
2026-09-18 04:48:10,671 INFO SendInput scan=0x39 down=True accepted=1 error=0 target_pid=9084
2026-09-18 04:48:10,777 INFO Tracking camera_fps=32.0 inference_fps=32.3 model_ms=32.0 age_ms=47.0 hands=2 pose=True mode=Swing
2026-09-18 04:48:10,785 INFO SendInput scan=0x39 down=False accepted=1 error=0 target_pid=9084
2026-09-18 04:48:10,842 INFO SendInput scan=0x2A down=True accepted=1 error=0 target_pid=9084
2026-09-18 04:48:11,900 INFO SendInput scan=0x2A down=False accepted=1 error=0 target_pid=9084
2026-09-18 04:48:12,606 INFO SendInput scan=0x39 down=True accepted=1 error=0 target_pid=9084
2026-09-18 04:48:12,715 INFO SendInput scan=0x39 down=False accepted=1 error=0 target_pid=9084
2026-09-18 04:48:12,780 INFO SendInput scan=0x2A down=True accepted=1 error=0 target_pid=9084
2026-09-18 04:48:12,825 INFO SendInput scan=0x2A down=False accepted=1 error=0 target_pid=9084
2026-09-18 04:48:12,998 INFO SendInput scan=0x39 down=True accepted=1 error=0 target_pid=9084
2026-09-18 04:48:13,108 INFO SendInput scan=0x39 down=False accepted=1 error=0 target_pid=9084
2026-09-18 04:48:13,172 INFO SendInput scan=0x2A down=True accepted=1 error=0 target_pid=9084
2026-09-18 04:48:13,797 INFO Tracking camera_fps=31.6 inference_fps=34.5 model_ms=15.0 age_ms=47.0 hands=2 pose=True mode=Swing
2026-09-18 04:48:16,827 INFO Tracking camera_fps=30.2 inference_fps=33.2 model_ms=32.0 age_ms=47.0 hands=2 pose=True mode=Swing
2026-09-18 04:48:17,332 INFO SendInput scan=0x2A down=False accepted=1 error=0 target_pid=9084
2026-09-18 04:48:17,996 INFO SendInput scan=0x39 down=True accepted=1 error=0 target_pid=9084
2026-09-18 04:48:18,106 INFO SendInput scan=0x39 down=False accepted=1 error=0 target_pid=9084
2026-09-18 04:48:18,168 INFO SendInput scan=0x2A down=True accepted=1 error=0 target_pid=9084
2026-09-18 04:48:18,968 INFO SendInput scan=0x2A down=False accepted=1 error=0 target_pid=9084
2026-09-18 04:48:18,968 INFO Mouse button=right down=True accepted=1
2026-09-18 04:48:19,862 INFO Tracking camera_fps=31.5 inference_fps=35.1 model_ms=31.0 age_ms=47.0 hands=2 pose=True mode=Nişan
2026-09-18 04:48:20,869 INFO SendInput scan=0x12 down=True accepted=1 error=0 target_pid=9084
2026-09-18 04:48:20,884 INFO SendInput scan=0x12 down=False accepted=1 error=0 target_pid=9084
2026-09-18 04:48:20,884 INFO Mouse button=right down=False accepted=1
2026-09-18 04:48:22,585 INFO SendInput scan=0x39 down=True accepted=1 error=0 target_pid=9084
2026-09-18 04:48:22,696 INFO SendInput scan=0x39 down=False accepted=1 error=0 target_pid=9084
2026-09-18 04:48:22,761 INFO SendInput scan=0x2A down=True accepted=1 error=0 target_pid=9084
2026-09-18 04:48:22,877 INFO Tracking camera_fps=32.3 inference_fps=34.0 model_ms=15.0 age_ms=31.0 hands=2 pose=True mode=Swing
2026-09-18 04:48:23,202 INFO SendInput scan=0x2A down=False accepted=1 error=0 target_pid=9084
2026-09-18 04:48:23,328 INFO SendInput scan=0x39 down=True accepted=1 error=0 target_pid=9084
2026-09-18 04:48:23,441 INFO SendInput scan=0x39 down=False accepted=1 error=0 target_pid=9084
2026-09-18 04:48:23,502 INFO SendInput scan=0x2A down=True accepted=1 error=0 target_pid=9084
2026-09-18 04:48:25,018 INFO SendInput scan=0x2A down=False accepted=1 error=0 target_pid=9084
2026-09-18 04:48:25,911 INFO Tracking camera_fps=32.6 inference_fps=34.9 model_ms=16.0 age_ms=32.0 hands=2 pose=True mode=Serbest
2026-09-18 04:48:28,943 INFO Tracking camera_fps=32.0 inference_fps=31.2 model_ms=16.0 age_ms=31.0 hands=2 pose=True mode=Serbest
2026-09-18 04:48:31,972 INFO Tracking camera_fps=32.6 inference_fps=34.3 model_ms=15.0 age_ms=31.0 hands=2 pose=True mode=Serbest
2026-09-18 04:48:35,013 INFO Tracking camera_fps=31.7 inference_fps=31.1 model_ms=31.0 age_ms=47.0 hands=2 pose=True mode=Serbest
2026-09-18 04:48:37,915 INFO SendInput scan=0x1D down=True accepted=1 error=0 target_pid=9084
2026-09-18 04:48:38,025 INFO SendInput scan=0x1D down=False accepted=1 error=0 target_pid=9084
2026-09-18 04:48:38,038 INFO Tracking camera_fps=33.0 inference_fps=36.6 model_ms=16.0 age_ms=32.0 hands=2 pose=True mode=Serbest
2026-09-18 04:48:39,696 INFO SendInput scan=0x1D down=True accepted=1 error=0 target_pid=9084
2026-09-18 04:48:39,807 INFO SendInput scan=0x1D down=False accepted=1 error=0 target_pid=9084
2026-09-18 04:48:41,060 INFO Tracking camera_fps=33.9 inference_fps=34.5 model_ms=31.0 age_ms=31.0 hands=2 pose=True mode=Serbest
2026-09-18 04:48:41,270 INFO SendInput scan=0x39 down=True accepted=1 error=0 target_pid=9084
2026-09-18 04:48:41,348 INFO SendInput scan=0x39 down=False accepted=1 error=0 target_pid=9084
2026-09-18 04:48:42,875 INFO SendInput scan=0x39 down=True accepted=1 error=0 target_pid=9084
2026-09-18 04:48:42,956 INFO SendInput scan=0x39 down=False accepted=1 error=0 target_pid=9084
2026-09-18 04:48:44,101 INFO Tracking camera_fps=32.2 inference_fps=34.8 model_ms=15.0 age_ms=31.0 hands=2 pose=True mode=Serbest
2026-09-18 04:48:45,364 INFO Mouse button=left down=True accepted=1
2026-09-18 04:48:45,475 INFO Mouse button=left down=False accepted=1
2026-09-18 04:48:46,830 INFO SendInput scan=0x39 down=True accepted=1 error=0 target_pid=9084
2026-09-18 04:48:46,908 INFO SendInput scan=0x39 down=False accepted=1 error=0 target_pid=9084
2026-09-18 04:48:47,123 INFO Tracking camera_fps=32.6 inference_fps=34.7 model_ms=16.0 age_ms=31.0 hands=2 pose=True mode=Serbest
2026-09-18 04:48:50,162 INFO Tracking camera_fps=31.1 inference_fps=34.2 model_ms=16.0 age_ms=32.0 hands=2 pose=True mode=Serbest
2026-09-18 04:48:51,136 INFO SendInput scan=0x39 down=True accepted=1 error=0 target_pid=9084
2026-09-18 04:48:51,227 INFO SendInput scan=0x39 down=False accepted=1 error=0 target_pid=9084
2026-09-18 04:48:51,369 INFO SendInput scan=0x39 down=True accepted=1 error=0 target_pid=9084
2026-09-18 04:48:51,477 INFO SendInput scan=0x39 down=False accepted=1 error=0 target_pid=9084
2026-09-18 04:48:51,541 INFO SendInput scan=0x2A down=True accepted=1 error=0 target_pid=9084
2026-09-18 04:48:53,178 INFO Tracking camera_fps=31.4 inference_fps=38.4 model_ms=15.0 age_ms=15.0 hands=2 pose=True mode=Swing
2026-09-18 04:48:54,059 INFO SendInput scan=0x2A down=False accepted=1 error=0 target_pid=9084
2026-09-18 04:48:54,326 INFO SendInput scan=0x39 down=True accepted=1 error=0 target_pid=9084
2026-09-18 04:48:54,437 INFO SendInput scan=0x39 down=False accepted=1 error=0 target_pid=9084
2026-09-18 04:48:54,498 INFO SendInput scan=0x2A down=True accepted=1 error=0 target_pid=9084
2026-09-18 04:48:54,561 INFO SendInput scan=0x2A down=False accepted=1 error=0 target_pid=9084
2026-09-18 04:48:54,750 INFO SendInput scan=0x39 down=True accepted=1 error=0 target_pid=9084
2026-09-18 04:48:54,796 INFO SendInput scan=0x11 down=True accepted=1 error=0 target_pid=9084
2026-09-18 04:48:54,858 INFO SendInput scan=0x39 down=False accepted=1 error=0 target_pid=9084
2026-09-18 04:48:54,923 INFO SendInput scan=0x2A down=True accepted=1 error=0 target_pid=9084
2026-09-18 04:48:56,192 INFO Tracking camera_fps=32.2 inference_fps=32.6 model_ms=16.0 age_ms=31.0 hands=2 pose=True mode=Swing
2026-09-18 04:48:56,889 INFO SendInput scan=0x2A down=False accepted=1 error=0 target_pid=9084
2026-09-18 04:48:56,890 INFO SendInput scan=0x11 down=False accepted=1 error=0 target_pid=9084
2026-09-18 04:48:58,196 INFO SendInput scan=0x39 down=True accepted=1 error=0 target_pid=9084
2026-09-18 04:48:58,258 INFO SendInput scan=0x11 down=True accepted=1 error=0 target_pid=9084
2026-09-18 04:48:58,306 INFO SendInput scan=0x39 down=False accepted=1 error=0 target_pid=9084
2026-09-18 04:48:58,371 INFO SendInput scan=0x2A down=True accepted=1 error=0 target_pid=9084
2026-09-18 04:48:59,210 INFO Tracking camera_fps=32.3 inference_fps=34.2 model_ms=16.0 age_ms=32.0 hands=1 pose=True mode=Swing
2026-09-18 04:49:00,748 INFO SendInput scan=0x2A down=False accepted=1 error=0 target_pid=9084
2026-09-18 04:49:00,748 INFO SendInput scan=0x11 down=False accepted=1 error=0 target_pid=9084
2026-09-18 04:49:01,332 INFO SendInput scan=0x39 down=True accepted=1 error=0 target_pid=9084
2026-09-18 04:49:01,427 INFO SendInput scan=0x39 down=False accepted=1 error=0 target_pid=9084
2026-09-18 04:49:01,615 INFO SendInput scan=0x39 down=True accepted=1 error=0 target_pid=9084
2026-09-18 04:49:01,725 INFO SendInput scan=0x39 down=False accepted=1 error=0 target_pid=9084
2026-09-18 04:49:01,791 INFO SendInput scan=0x2A down=True accepted=1 error=0 target_pid=9084
2026-09-18 04:49:02,223 INFO Tracking camera_fps=30.3 inference_fps=34.6 model_ms=15.0 age_ms=47.0 hands=2 pose=True mode=Swing
2026-09-18 04:49:03,551 INFO SendInput scan=0x11 down=True accepted=1 error=0 target_pid=9084
2026-09-18 04:49:04,569 INFO SendInput scan=0x2A down=False accepted=1 error=0 target_pid=9084
2026-09-18 04:49:04,569 INFO SendInput scan=0x11 down=False accepted=1 error=0 target_pid=9084
2026-09-18 04:49:05,239 INFO Tracking camera_fps=32.8 inference_fps=33.7 model_ms=16.0 age_ms=31.0 hands=2 pose=True mode=Serbest
2026-09-18 04:49:05,952 INFO SendInput scan=0x39 down=True accepted=1 error=0 target_pid=9084
2026-09-18 04:49:05,985 INFO SendInput scan=0x11 down=True accepted=1 error=0 target_pid=9084
2026-09-18 04:49:06,062 INFO SendInput scan=0x39 down=False accepted=1 error=0 target_pid=9084
2026-09-18 04:49:06,125 INFO SendInput scan=0x2A down=True accepted=1 error=0 target_pid=9084
2026-09-18 04:49:06,235 INFO SendInput scan=0x11 down=False accepted=1 error=0 target_pid=9084
2026-09-18 04:49:08,016 INFO SendInput scan=0x11 down=True accepted=1 error=0 target_pid=9084
2026-09-18 04:49:08,272 INFO Tracking camera_fps=33.0 inference_fps=28.8 model_ms=31.0 age_ms=62.0 hands=1 pose=True mode=Swing
2026-09-18 04:49:09,981 INFO SendInput scan=0x11 down=False accepted=1 error=0 target_pid=9084
2026-09-18 04:49:10,251 INFO SendInput scan=0x2A down=False accepted=1 error=0 target_pid=9084
2026-09-18 04:49:10,724 INFO SendInput scan=0x39 down=True accepted=1 error=0 target_pid=9084
2026-09-18 04:49:10,788 INFO SendInput scan=0x11 down=True accepted=1 error=0 target_pid=9084
2026-09-18 04:49:10,834 INFO SendInput scan=0x39 down=False accepted=1 error=0 target_pid=9084
2026-09-18 04:49:10,897 INFO SendInput scan=0x2A down=True accepted=1 error=0 target_pid=9084
2026-09-18 04:49:11,312 INFO Tracking camera_fps=33.4 inference_fps=32.2 model_ms=31.0 age_ms=47.0 hands=1 pose=True mode=Swing
2026-09-18 04:49:12,139 INFO SendInput scan=0x11 down=False accepted=1 error=0 target_pid=9084
2026-09-18 04:49:12,434 INFO SendInput scan=0x1E down=True accepted=1 error=0 target_pid=9084
2026-09-18 04:49:13,555 INFO SendInput scan=0x2A down=False accepted=1 error=0 target_pid=9084
2026-09-18 04:49:13,555 INFO SendInput scan=0x1E down=False accepted=1 error=0 target_pid=9084
2026-09-18 04:49:13,789 INFO SendInput scan=0x39 down=True accepted=1 error=0 target_pid=9084
2026-09-18 04:49:13,838 INFO SendInput scan=0x39 down=False accepted=1 error=0 target_pid=9084
2026-09-18 04:49:13,995 INFO SendInput scan=0x39 down=True accepted=1 error=0 target_pid=9084
2026-09-18 04:49:14,107 INFO SendInput scan=0x39 down=False accepted=1 error=0 target_pid=9084
2026-09-18 04:49:14,247 INFO SendInput scan=0x39 down=True accepted=1 error=0 target_pid=9084
2026-09-18 04:49:14,343 INFO Tracking camera_fps=32.8 inference_fps=30.3 model_ms=31.0 age_ms=47.0 hands=2 pose=True mode=Swing
2026-09-18 04:49:14,356 INFO SendInput scan=0x39 down=False accepted=1 error=0 target_pid=9084
2026-09-18 04:49:14,418 INFO SendInput scan=0x2A down=True accepted=1 error=0 target_pid=9084
2026-09-18 04:49:15,376 INFO SendInput scan=0x2A down=False accepted=1 error=0 target_pid=9084
2026-09-18 04:49:15,531 INFO SendInput scan=0x39 down=True accepted=1 error=0 target_pid=9084
2026-09-18 04:49:15,610 INFO SendInput scan=0x20 down=True accepted=1 error=0 target_pid=9084
2026-09-18 04:49:15,642 INFO SendInput scan=0x39 down=False accepted=1 error=0 target_pid=9084
2026-09-18 04:49:15,707 INFO SendInput scan=0x2A down=True accepted=1 error=0 target_pid=9084
2026-09-18 04:49:15,895 INFO SendInput scan=0x20 down=False accepted=1 error=0 target_pid=9084
2026-09-18 04:49:16,572 INFO SendInput scan=0x2A down=False accepted=1 error=0 target_pid=9084
2026-09-18 04:49:17,061 INFO SendInput scan=0x20 down=True accepted=1 error=0 target_pid=9084
2026-09-18 04:49:17,358 INFO Tracking camera_fps=31.3 inference_fps=31.0 model_ms=31.0 age_ms=31.0 hands=2 pose=True mode=Serbest
2026-09-18 04:49:18,003 INFO SendInput scan=0x20 down=False accepted=1 error=0 target_pid=9084
2026-09-18 04:49:19,174 INFO SendInput scan=0x39 down=True accepted=1 error=0 target_pid=9084
2026-09-18 04:49:19,238 INFO SendInput scan=0x20 down=True accepted=1 error=0 target_pid=9084
2026-09-18 04:49:19,284 INFO SendInput scan=0x39 down=False accepted=1 error=0 target_pid=9084
2026-09-18 04:49:19,347 INFO SendInput scan=0x2A down=True accepted=1 error=0 target_pid=9084
2026-09-18 04:49:19,991 INFO SendInput scan=0x2A down=False accepted=1 error=0 target_pid=9084
2026-09-18 04:49:20,133 INFO SendInput scan=0x20 down=False accepted=1 error=0 target_pid=9084
2026-09-18 04:49:20,408 INFO Tracking camera_fps=31.8 inference_fps=30.7 model_ms=32.0 age_ms=47.0 hands=2 pose=True mode=Serbest
2026-09-18 04:49:21,239 INFO SendInput scan=0x39 down=True accepted=1 error=0 target_pid=9084
2026-09-18 04:49:21,288 INFO SendInput scan=0x11 down=True accepted=1 error=0 target_pid=9084
2026-09-18 04:49:21,350 INFO SendInput scan=0x39 down=False accepted=1 error=0 target_pid=9084
2026-09-18 04:49:21,413 INFO SendInput scan=0x2A down=True accepted=1 error=0 target_pid=9084
2026-09-18 04:49:23,434 INFO Tracking camera_fps=34.1 inference_fps=32.5 model_ms=31.0 age_ms=63.0 hands=1 pose=True mode=Serbest
2026-09-18 04:49:23,445 INFO SendInput scan=0x2A down=False accepted=1 error=0 target_pid=9084
2026-09-18 04:49:23,445 INFO SendInput scan=0x11 down=False accepted=1 error=0 target_pid=9084
2026-09-18 04:49:23,715 INFO SendInput scan=0x39 down=True accepted=1 error=0 target_pid=9084
2026-09-18 04:49:23,763 INFO SendInput scan=0x11 down=True accepted=1 error=0 target_pid=9084
2026-09-18 04:49:23,828 INFO SendInput scan=0x39 down=False accepted=1 error=0 target_pid=9084
2026-09-18 04:49:23,828 INFO SendInput scan=0x11 down=False accepted=1 error=0 target_pid=9084
2026-09-18 04:49:23,892 INFO SendInput scan=0x2A down=True accepted=1 error=0 target_pid=9084
2026-09-18 04:49:24,144 INFO SendInput scan=0x2A down=False accepted=1 error=0 target_pid=9084
2026-09-18 04:49:24,337 INFO SendInput scan=0x39 down=True accepted=1 error=0 target_pid=9084
2026-09-18 04:49:24,397 INFO SendInput scan=0x11 down=True accepted=1 error=0 target_pid=9084
2026-09-18 04:49:24,445 INFO SendInput scan=0x39 down=False accepted=1 error=0 target_pid=9084
2026-09-18 04:49:24,508 INFO SendInput scan=0x2A down=True accepted=1 error=0 target_pid=9084
2026-09-18 04:49:26,478 INFO Tracking camera_fps=31.1 inference_fps=31.2 model_ms=31.0 age_ms=47.0 hands=1 pose=True mode=Swing
2026-09-18 04:49:26,601 INFO SendInput scan=0x2A down=False accepted=1 error=0 target_pid=9084
2026-09-18 04:49:26,602 INFO SendInput scan=0x11 down=False accepted=1 error=0 target_pid=9084
2026-09-18 04:49:26,757 INFO SendInput scan=0x39 down=True accepted=1 error=0 target_pid=9084
2026-09-18 04:49:26,789 INFO SendInput scan=0x11 down=True accepted=1 error=0 target_pid=9084
2026-09-18 04:49:26,869 INFO SendInput scan=0x39 down=False accepted=1 error=0 target_pid=9084
2026-09-18 04:49:26,931 INFO SendInput scan=0x2A down=True accepted=1 error=0 target_pid=9084
2026-09-18 04:49:26,932 INFO SendInput scan=0x11 down=False accepted=1 error=0 target_pid=9084
2026-09-18 04:49:27,025 INFO SendInput scan=0x2A down=False accepted=1 error=0 target_pid=9084
2026-09-18 04:49:27,166 INFO SendInput scan=0x39 down=True accepted=1 error=0 target_pid=9084
2026-09-18 04:49:27,228 INFO SendInput scan=0x11 down=True accepted=1 error=0 target_pid=9084
2026-09-18 04:49:27,275 INFO SendInput scan=0x39 down=False accepted=1 error=0 target_pid=9084
2026-09-18 04:49:27,323 INFO SendInput scan=0x2A down=True accepted=1 error=0 target_pid=9084
2026-09-18 04:49:27,324 INFO SendInput scan=0x11 down=False accepted=1 error=0 target_pid=9084
2026-09-18 04:49:28,219 INFO SendInput scan=0x11 down=True accepted=1 error=0 target_pid=9084
2026-09-18 04:49:29,493 INFO Tracking camera_fps=31.7 inference_fps=33.9 model_ms=16.0 age_ms=31.0 hands=1 pose=True mode=Swing
2026-09-18 04:49:29,683 INFO SendInput scan=0x2A down=False accepted=1 error=0 target_pid=9084
2026-09-18 04:49:29,683 INFO SendInput scan=0x11 down=False accepted=1 error=0 target_pid=9084
2026-09-18 04:49:30,454 INFO SendInput scan=0x39 down=True accepted=1 error=0 target_pid=9084
2026-09-18 04:49:30,532 INFO SendInput scan=0x11 down=True accepted=1 error=0 target_pid=9084
2026-09-18 04:49:30,562 INFO SendInput scan=0x39 down=False accepted=1 error=0 target_pid=9084
2026-09-18 04:49:30,625 INFO SendInput scan=0x2A down=True accepted=1 error=0 target_pid=9084
2026-09-18 04:49:31,922 INFO SendInput scan=0x2A down=False accepted=1 error=0 target_pid=9084
2026-09-18 04:49:32,235 INFO SendInput scan=0x11 down=False accepted=1 error=0 target_pid=9084
2026-09-18 04:49:32,520 INFO Tracking camera_fps=36.2 inference_fps=32.3 model_ms=31.0 age_ms=31.0 hands=2 pose=True mode=Eğilme
2026-09-18 04:49:32,942 INFO SendInput scan=0x39 down=True accepted=1 error=0 target_pid=9084
2026-09-18 04:49:33,005 INFO SendInput scan=0x11 down=True accepted=1 error=0 target_pid=9084
2026-09-18 04:49:33,054 INFO SendInput scan=0x39 down=False accepted=1 error=0 target_pid=9084
2026-09-18 04:49:33,116 INFO SendInput scan=0x2A down=True accepted=1 error=0 target_pid=9084
2026-09-18 04:49:33,325 INFO SendInput scan=0x2A down=False accepted=1 error=0 target_pid=9084
2026-09-18 04:49:33,417 INFO SendInput scan=0x11 down=False accepted=1 error=0 target_pid=9084
2026-09-18 04:49:34,581 INFO SendInput scan=0x39 down=True accepted=1 error=0 target_pid=9084
2026-09-18 04:49:34,690 INFO SendInput scan=0x39 down=False accepted=1 error=0 target_pid=9084
2026-09-18 04:49:35,539 INFO Tracking camera_fps=30.7 inference_fps=29.3 model_ms=32.0 age_ms=63.0 hands=1 pose=True mode=Eğilme
2026-09-18 04:49:35,875 INFO SendInput scan=0x39 down=True accepted=1 error=0 target_pid=9084
2026-09-18 04:49:35,953 INFO SendInput scan=0x11 down=True accepted=1 error=0 target_pid=9084
2026-09-18 04:49:35,983 INFO SendInput scan=0x39 down=False accepted=1 error=0 target_pid=9084
2026-09-18 04:49:36,046 INFO SendInput scan=0x2A down=True accepted=1 error=0 target_pid=9084
2026-09-18 04:49:37,922 INFO SendInput scan=0x2A down=False accepted=1 error=0 target_pid=9084
2026-09-18 04:49:37,922 INFO SendInput scan=0x11 down=False accepted=1 error=0 target_pid=9084
2026-09-18 04:49:38,043 INFO SendInput scan=0x39 down=True accepted=1 error=0 target_pid=9084
2026-09-18 04:49:38,156 INFO SendInput scan=0x39 down=False accepted=1 error=0 target_pid=9084
2026-09-18 04:49:38,218 INFO SendInput scan=0x2A down=True accepted=1 error=0 target_pid=9084
2026-09-18 04:49:38,252 INFO SendInput scan=0x2A down=False accepted=1 error=0 target_pid=9084
2026-09-18 04:49:38,544 INFO Tracking camera_fps=31.9 inference_fps=31.7 model_ms=31.0 age_ms=47.0 hands=1 pose=True mode=Serbest
2026-09-18 04:49:38,641 INFO SendInput scan=0x39 down=True accepted=1 error=0 target_pid=9084
2026-09-18 04:49:38,722 INFO SendInput scan=0x11 down=True accepted=1 error=0 target_pid=9084
2026-09-18 04:49:38,750 INFO SendInput scan=0x39 down=False accepted=1 error=0 target_pid=9084
2026-09-18 04:49:38,813 INFO SendInput scan=0x2A down=True accepted=1 error=0 target_pid=9084
2026-09-18 04:49:39,616 INFO SendInput scan=0x2A down=False accepted=1 error=0 target_pid=9084
2026-09-18 04:49:39,616 INFO SendInput scan=0x11 down=False accepted=1 error=0 target_pid=9084
2026-09-18 04:49:40,618 INFO SendInput scan=0x39 down=True accepted=1 error=0 target_pid=9084
2026-09-18 04:49:40,683 INFO SendInput scan=0x11 down=True accepted=1 error=0 target_pid=9084
2026-09-18 04:49:40,728 INFO SendInput scan=0x39 down=False accepted=1 error=0 target_pid=9084
2026-09-18 04:49:40,791 INFO SendInput scan=0x2A down=True accepted=1 error=0 target_pid=9084
2026-09-18 04:49:41,564 INFO Tracking camera_fps=32.4 inference_fps=28.3 model_ms=16.0 age_ms=63.0 hands=1 pose=True mode=Swing
2026-09-18 04:49:44,433 INFO SendInput scan=0x2A down=False accepted=1 error=0 target_pid=9084
2026-09-18 04:49:44,434 INFO SendInput scan=0x11 down=False accepted=1 error=0 target_pid=9084
2026-09-18 04:49:44,617 INFO Tracking camera_fps=30.8 inference_fps=32.0 model_ms=31.0 age_ms=31.0 hands=1 pose=True mode=Eğilme
2026-09-18 04:49:44,667 INFO SendInput scan=0x39 down=True accepted=1 error=0 target_pid=9084
2026-09-18 04:49:44,725 INFO SendInput scan=0x11 down=True accepted=1 error=0 target_pid=9084
2026-09-18 04:49:44,772 INFO SendInput scan=0x39 down=False accepted=1 error=0 target_pid=9084
2026-09-18 04:49:44,787 INFO SendInput scan=0x11 down=False accepted=1 error=0 target_pid=9084
2026-09-18 04:49:44,835 INFO SendInput scan=0x2A down=True accepted=1 error=0 target_pid=9084
2026-09-18 04:49:45,517 INFO SendInput scan=0x2A down=False accepted=1 error=0 target_pid=9084
2026-09-18 04:49:45,704 INFO SendInput scan=0x39 down=True accepted=1 error=0 target_pid=9084
2026-09-18 04:49:45,782 INFO SendInput scan=0x11 down=True accepted=1 error=0 target_pid=9084
2026-09-18 04:49:45,814 INFO SendInput scan=0x39 down=False accepted=1 error=0 target_pid=9084
2026-09-18 04:49:45,877 INFO SendInput scan=0x2A down=True accepted=1 error=0 target_pid=9084
2026-09-18 04:49:46,114 INFO SendInput scan=0x11 down=False accepted=1 error=0 target_pid=9084
2026-09-18 04:49:46,180 INFO SendInput scan=0x2A down=False accepted=1 error=0 target_pid=9084
2026-09-18 04:49:46,804 INFO SendInput scan=0x39 down=True accepted=1 error=0 target_pid=9084
2026-09-18 04:49:46,882 INFO SendInput scan=0x1E down=True accepted=1 error=0 target_pid=9084
2026-09-18 04:49:46,915 INFO SendInput scan=0x39 down=False accepted=1 error=0 target_pid=9084
2026-09-18 04:49:46,915 INFO SendInput scan=0x1E down=False accepted=1 error=0 target_pid=9084
2026-09-18 04:49:47,371 INFO SendInput scan=0x39 down=True accepted=1 error=0 target_pid=9084
2026-09-18 04:49:47,434 INFO SendInput scan=0x39 down=False accepted=1 error=0 target_pid=9084
2026-09-18 04:49:47,626 INFO Tracking camera_fps=31.4 inference_fps=30.5 model_ms=31.0 age_ms=62.0 hands=1 pose=True mode=Eğilme
2026-09-18 04:49:48,098 INFO SendInput scan=0x39 down=True accepted=1 error=0 target_pid=9084
2026-09-18 04:49:48,206 INFO SendInput scan=0x39 down=False accepted=1 error=0 target_pid=9084
2026-09-18 04:49:48,581 INFO SendInput scan=0x39 down=True accepted=1 error=0 target_pid=9084
2026-09-18 04:49:48,688 INFO SendInput scan=0x39 down=False accepted=1 error=0 target_pid=9084
2026-09-18 04:49:48,752 INFO SendInput scan=0x2A down=True accepted=1 error=0 target_pid=9084
2026-09-18 04:49:48,831 INFO SendInput scan=0x20 down=True accepted=1 error=0 target_pid=9084
2026-09-18 04:49:49,679 INFO SendInput scan=0x20 down=False accepted=1 error=0 target_pid=9084
2026-09-18 04:49:49,710 INFO SendInput scan=0x2A down=False accepted=1 error=0 target_pid=9084
2026-09-18 04:49:49,865 INFO SendInput scan=0x39 down=True accepted=1 error=0 target_pid=9084
2026-09-18 04:49:49,946 INFO SendInput scan=0x11 down=True accepted=1 error=0 target_pid=9084
2026-09-18 04:49:49,976 INFO SendInput scan=0x39 down=False accepted=1 error=0 target_pid=9084
2026-09-18 04:49:50,040 INFO SendInput scan=0x2A down=True accepted=1 error=0 target_pid=9084
2026-09-18 04:49:50,677 INFO Tracking camera_fps=32.1 inference_fps=30.5 model_ms=15.0 age_ms=47.0 hands=1 pose=True mode=Swing
2026-09-18 04:49:50,846 INFO SendInput scan=0x2A down=False accepted=1 error=0 target_pid=9084
2026-09-18 04:49:50,846 INFO SendInput scan=0x11 down=False accepted=1 error=0 target_pid=9084
2026-09-18 04:49:50,986 INFO SendInput scan=0x39 down=True accepted=1 error=0 target_pid=9084
2026-09-18 04:49:51,064 INFO SendInput scan=0x11 down=True accepted=1 error=0 target_pid=9084
2026-09-18 04:49:51,098 INFO SendInput scan=0x39 down=False accepted=1 error=0 target_pid=9084
2026-09-18 04:49:51,157 INFO SendInput scan=0x11 down=False accepted=1 error=0 target_pid=9084
2026-09-18 04:49:51,471 INFO SendInput scan=0x39 down=True accepted=1 error=0 target_pid=9084
2026-09-18 04:49:51,535 INFO SendInput scan=0x11 down=True accepted=1 error=0 target_pid=9084
2026-09-18 04:49:51,582 INFO SendInput scan=0x39 down=False accepted=1 error=0 target_pid=9084
2026-09-18 04:49:51,648 INFO SendInput scan=0x2A down=True accepted=1 error=0 target_pid=9084
2026-09-18 04:49:52,565 INFO SendInput scan=0x2A down=False accepted=1 error=0 target_pid=9084
2026-09-18 04:49:52,566 INFO SendInput scan=0x11 down=False accepted=1 error=0 target_pid=9084
2026-09-18 04:49:53,686 INFO Tracking camera_fps=31.1 inference_fps=30.6 model_ms=31.0 age_ms=31.0 hands=2 pose=True mode=Serbest
2026-09-18 04:49:56,702 INFO Tracking camera_fps=30.9 inference_fps=30.5 model_ms=32.0 age_ms=47.0 hands=1 pose=True mode=Serbest
2026-09-18 04:49:57,350 INFO Mouse button=left down=True accepted=1
2026-09-18 04:49:57,461 INFO Mouse button=left down=False accepted=1
2026-09-18 04:49:59,714 INFO Tracking camera_fps=31.6 inference_fps=32.2 model_ms=16.0 age_ms=31.0 hands=1 pose=True mode=Eğilme
2026-09-18 04:50:02,657 INFO Mouse button=right down=True accepted=1
2026-09-18 04:50:02,747 INFO Tracking camera_fps=31.3 inference_fps=34.4 model_ms=31.0 age_ms=31.0 hands=2 pose=True mode=Nişan
2026-09-18 04:50:02,957 INFO SendInput scan=0x12 down=True accepted=1 error=0 target_pid=9084
2026-09-18 04:50:03,067 INFO SendInput scan=0x12 down=False accepted=1 error=0 target_pid=9084
2026-09-18 04:50:03,510 INFO Mouse button=right down=False accepted=1
2026-09-18 04:50:05,770 INFO Tracking camera_fps=31.9 inference_fps=33.7 model_ms=16.0 age_ms=31.0 hands=2 pose=True mode=Serbest
2026-09-18 04:50:08,800 INFO Tracking camera_fps=30.4 inference_fps=29.9 model_ms=47.0 age_ms=47.0 hands=1 pose=True mode=Serbest
2026-09-18 04:50:10,400 INFO Mouse button=left down=True accepted=1
2026-09-18 04:50:10,505 INFO Mouse button=left down=False accepted=1
2026-09-18 04:50:11,419 INFO Mouse button=left down=True accepted=1
2026-09-18 04:50:11,533 INFO Mouse button=left down=False accepted=1
2026-09-18 04:50:11,841 INFO Tracking camera_fps=32.7 inference_fps=32.4 model_ms=31.0 age_ms=47.0 hands=2 pose=True mode=Serbest
2026-09-18 04:50:13,697 INFO SendInput scan=0x39 down=True accepted=1 error=0 target_pid=9084
2026-09-18 04:50:13,805 INFO SendInput scan=0x39 down=False accepted=1 error=0 target_pid=9084
2026-09-18 04:50:13,868 INFO SendInput scan=0x2A down=True accepted=1 error=0 target_pid=9084
2026-09-18 04:50:14,371 INFO SendInput scan=0x2A down=False accepted=1 error=0 target_pid=9084
2026-09-18 04:50:14,874 INFO Tracking camera_fps=34.3 inference_fps=30.8 model_ms=15.0 age_ms=46.0 hands=2 pose=True mode=Serbest
2026-09-18 04:50:15,536 INFO Mouse button=left down=True accepted=1
2026-09-18 04:50:15,646 INFO Mouse button=left down=False accepted=1
2026-09-18 04:50:17,050 INFO SendInput scan=0x39 down=True accepted=1 error=0 target_pid=9084
2026-09-18 04:50:17,162 INFO SendInput scan=0x39 down=False accepted=1 error=0 target_pid=9084
2026-09-18 04:50:17,491 INFO Mouse button=left down=True accepted=1
2026-09-18 04:50:17,602 INFO Mouse button=left down=False accepted=1
2026-09-18 04:50:17,887 INFO Tracking camera_fps=33.6 inference_fps=37.2 model_ms=31.0 age_ms=31.0 hands=2 pose=True mode=Serbest
2026-09-18 04:50:18,514 INFO Mouse button=left down=True accepted=1
2026-09-18 04:50:18,624 INFO Mouse button=left down=False accepted=1
2026-09-18 04:50:19,914 INFO SendInput scan=0x1D down=True accepted=1 error=0 target_pid=9084
2026-09-18 04:50:20,024 INFO SendInput scan=0x1D down=False accepted=1 error=0 target_pid=9084
2026-09-18 04:50:20,416 INFO SendInput scan=0x39 down=True accepted=1 error=0 target_pid=9084
2026-09-18 04:50:20,511 INFO SendInput scan=0x39 down=False accepted=1 error=0 target_pid=9084
2026-09-18 04:50:20,915 INFO Tracking camera_fps=35.9 inference_fps=35.2 model_ms=16.0 age_ms=16.0 hands=1 pose=True mode=Serbest
2026-09-18 04:50:21,143 INFO SendInput scan=0x39 down=True accepted=1 error=0 target_pid=9084
2026-09-18 04:50:21,221 INFO SendInput scan=0x39 down=False accepted=1 error=0 target_pid=9084
2026-09-18 04:50:22,060 INFO SendInput scan=0x39 down=True accepted=1 error=0 target_pid=9084
2026-09-18 04:50:22,135 INFO SendInput scan=0x39 down=False accepted=1 error=0 target_pid=9084
2026-09-18 04:50:22,167 INFO Mouse button=left down=True accepted=1
2026-09-18 04:50:22,279 INFO Mouse button=left down=False accepted=1
2026-09-18 04:50:22,564 INFO Mouse button=left down=True accepted=1
2026-09-18 04:50:22,673 INFO Mouse button=left down=False accepted=1
2026-09-18 04:50:23,223 INFO Mouse button=left down=True accepted=1
2026-09-18 04:50:23,333 INFO Mouse button=left down=False accepted=1
2026-09-18 04:50:23,923 INFO Tracking camera_fps=36.5 inference_fps=38.8 model_ms=15.0 age_ms=47.0 hands=2 pose=True mode=Serbest
2026-09-18 04:50:24,207 INFO Mouse button=left down=True accepted=1
2026-09-18 04:50:24,318 INFO Mouse button=left down=False accepted=1
2026-09-18 04:50:26,495 INFO SendInput scan=0x1D down=True accepted=1 error=0 target_pid=9084
2026-09-18 04:50:26,602 INFO SendInput scan=0x1D down=False accepted=1 error=0 target_pid=9084
2026-09-18 04:50:26,948 INFO Tracking camera_fps=33.7 inference_fps=34.6 model_ms=32.0 age_ms=32.0 hands=2 pose=True mode=Serbest
2026-09-18 04:50:27,232 INFO SendInput scan=0x39 down=True accepted=1 error=0 target_pid=9084
2026-09-18 04:50:27,297 INFO SendInput scan=0x39 down=False accepted=1 error=0 target_pid=9084
2026-09-18 04:50:27,803 INFO Mouse button=left down=True accepted=1
2026-09-18 04:50:27,915 INFO Mouse button=left down=False accepted=1
2026-09-18 04:50:28,185 INFO SendInput scan=0x39 down=True accepted=1 error=0 target_pid=9084
2026-09-18 04:50:28,248 INFO SendInput scan=0x39 down=False accepted=1 error=0 target_pid=9084
2026-09-18 04:50:28,782 INFO SendInput scan=0x39 down=True accepted=1 error=0 target_pid=9084
2026-09-18 04:50:28,895 INFO SendInput scan=0x39 down=False accepted=1 error=0 target_pid=9084
2026-09-18 04:50:28,957 INFO SendInput scan=0x2A down=True accepted=1 error=0 target_pid=9084
2026-09-18 04:50:29,629 INFO SendInput scan=0x2A down=False accepted=1 error=0 target_pid=9084
2026-09-18 04:50:29,982 INFO Tracking camera_fps=33.0 inference_fps=34.3 model_ms=31.0 age_ms=31.0 hands=2 pose=True mode=Serbest
2026-09-18 04:50:30,523 INFO Mouse button=left down=True accepted=1
2026-09-18 04:50:30,632 INFO Mouse button=left down=False accepted=1
2026-09-18 04:50:31,450 INFO SendInput scan=0x39 down=True accepted=1 error=0 target_pid=9084
2026-09-18 04:50:31,560 INFO SendInput scan=0x39 down=False accepted=1 error=0 target_pid=9084
2026-09-18 04:50:31,625 INFO SendInput scan=0x2A down=True accepted=1 error=0 target_pid=9084
2026-09-18 04:50:31,971 INFO SendInput scan=0x2A down=False accepted=1 error=0 target_pid=9084
2026-09-18 04:50:33,031 INFO Tracking camera_fps=33.1 inference_fps=34.6 model_ms=32.0 age_ms=63.0 hands=2 pose=True mode=Serbest
2026-09-18 04:50:36,051 INFO Tracking camera_fps=40.1 inference_fps=33.6 model_ms=15.0 age_ms=31.0 hands=2 pose=True mode=Serbest
2026-09-18 04:50:39,080 INFO Tracking camera_fps=30.6 inference_fps=31.4 model_ms=32.0 age_ms=32.0 hands=2 pose=True mode=Eğilme
2026-09-18 04:50:39,515 INFO SendInput scan=0x1D down=True accepted=1 error=0 target_pid=9084
2026-09-18 04:50:39,629 INFO SendInput scan=0x1D down=False accepted=1 error=0 target_pid=9084
2026-09-18 04:50:42,114 INFO Tracking camera_fps=32.3 inference_fps=30.7 model_ms=16.0 age_ms=31.0 hands=2 pose=True mode=Serbest
2026-09-18 04:50:43,758 INFO Mouse button=right down=True accepted=1
2026-09-18 04:50:44,341 INFO Mouse button=right down=False accepted=1
2026-09-18 04:50:45,152 INFO Tracking camera_fps=30.3 inference_fps=32.8 model_ms=47.0 age_ms=47.0 hands=2 pose=True mode=Eğilme
2026-09-18 04:50:48,186 INFO Tracking camera_fps=33.6 inference_fps=32.7 model_ms=16.0 age_ms=31.0 hands=2 pose=True mode=Eğilme
2026-09-18 04:50:48,358 INFO SendInput scan=0x39 down=True accepted=1 error=0 target_pid=9084
2026-09-18 04:50:48,469 INFO SendInput scan=0x39 down=False accepted=1 error=0 target_pid=9084
2026-09-18 04:50:48,533 INFO SendInput scan=0x2A down=True accepted=1 error=0 target_pid=9084
2026-09-18 04:50:48,582 INFO SendInput scan=0x2A down=False accepted=1 error=0 target_pid=9084
2026-09-18 04:50:51,202 INFO Tracking camera_fps=34.8 inference_fps=36.6 model_ms=16.0 age_ms=32.0 hands=0 pose=True mode=Eğilme
2026-09-18 04:50:51,449 INFO SendInput scan=0x1D down=True accepted=1 error=0 target_pid=9084
2026-09-18 04:50:51,559 INFO SendInput scan=0x1D down=False accepted=1 error=0 target_pid=9084
2026-09-18 04:50:52,124 INFO Mouse button=left down=True accepted=1
2026-09-18 04:50:52,235 INFO Mouse button=left down=False accepted=1
2026-09-18 04:50:52,532 INFO Mouse button=left down=True accepted=1
2026-09-18 04:50:52,643 INFO Mouse button=left down=False accepted=1
2026-09-18 04:50:53,670 INFO Mouse button=left down=True accepted=1
2026-09-18 04:50:53,780 INFO Mouse button=left down=False accepted=1
2026-09-18 04:50:54,225 INFO Tracking camera_fps=32.7 inference_fps=36.3 model_ms=15.0 age_ms=31.0 hands=2 pose=True mode=Eğilme
2026-09-18 04:50:54,362 INFO Mouse button=right down=True accepted=1
2026-09-18 04:50:54,629 INFO Mouse button=right down=False accepted=1
2026-09-18 04:50:55,511 INFO SendInput scan=0x1D down=True accepted=1 error=0 target_pid=9084
2026-09-18 04:50:55,622 INFO SendInput scan=0x1D down=False accepted=1 error=0 target_pid=9084
2026-09-18 04:50:57,253 INFO Tracking camera_fps=31.3 inference_fps=35.9 model_ms=15.0 age_ms=31.0 hands=2 pose=True mode=Serbest
2026-09-18 04:50:57,694 INFO SendInput scan=0x39 down=True accepted=1 error=0 target_pid=9084
2026-09-18 04:50:57,721 INFO Mouse button=right down=True accepted=1
2026-09-18 04:50:57,769 INFO SendInput scan=0x39 down=False accepted=1 error=0 target_pid=9084
2026-09-18 04:50:58,788 INFO Mouse button=right down=False accepted=1
2026-09-18 04:50:59,533 INFO SendInput scan=0x1D down=True accepted=1 error=0 target_pid=9084
2026-09-18 04:50:59,641 INFO SendInput scan=0x1D down=False accepted=1 error=0 target_pid=9084
2026-09-18 04:51:00,264 INFO Tracking camera_fps=31.1 inference_fps=31.4 model_ms=31.0 age_ms=47.0 hands=2 pose=True mode=Eğilme
2026-09-18 04:51:00,365 INFO SendInput scan=0x1D down=True accepted=1 error=0 target_pid=9084
2026-09-18 04:51:00,397 INFO Mouse button=right down=True accepted=1
2026-09-18 04:51:00,474 INFO SendInput scan=0x1D down=False accepted=1 error=0 target_pid=9084
2026-09-18 04:51:02,395 INFO Mouse button=right down=False accepted=1
2026-09-18 04:51:03,278 INFO Tracking camera_fps=32.2 inference_fps=35.1 model_ms=32.0 age_ms=32.0 hands=2 pose=True mode=Serbest
2026-09-18 04:51:03,356 INFO Mouse button=left down=True accepted=1
2026-09-18 04:51:03,449 INFO Mouse button=left down=False accepted=1
2026-09-18 04:51:04,422 INFO Mouse button=left down=True accepted=1
2026-09-18 04:51:04,534 INFO Mouse button=left down=False accepted=1
2026-09-18 04:51:05,462 INFO Mouse button=left down=True accepted=1
2026-09-18 04:51:05,560 INFO Mouse button=left down=False accepted=1
2026-09-18 04:51:06,307 INFO Tracking camera_fps=31.1 inference_fps=33.6 model_ms=31.0 age_ms=47.0 hands=1 pose=True mode=Eğilme
2026-09-18 04:51:09,314 INFO Tracking camera_fps=34.3 inference_fps=32.3 model_ms=15.0 age_ms=47.0 hands=2 pose=True mode=Serbest
2026-09-18 04:51:10,270 INFO SendInput scan=0x1D down=True accepted=1 error=0 target_pid=9084
2026-09-18 04:51:10,381 INFO SendInput scan=0x1D down=False accepted=1 error=0 target_pid=9084
2026-09-18 04:51:11,565 INFO Mouse button=left down=True accepted=1
2026-09-18 04:51:11,671 INFO Mouse button=left down=False accepted=1
2026-09-18 04:51:12,336 INFO Tracking camera_fps=31.6 inference_fps=31.3 model_ms=16.0 age_ms=47.0 hands=0 pose=True mode=Eğilme
2026-09-18 04:51:12,983 INFO SendInput scan=0x1D down=True accepted=1 error=0 target_pid=9084
2026-09-18 04:51:13,093 INFO SendInput scan=0x1D down=False accepted=1 error=0 target_pid=9084
2026-09-18 04:51:14,480 INFO SendInput scan=0x1D down=True accepted=1 error=0 target_pid=9084
2026-09-18 04:51:14,588 INFO SendInput scan=0x1D down=False accepted=1 error=0 target_pid=9084
2026-09-18 04:51:15,033 INFO Mouse button=left down=True accepted=1
2026-09-18 04:51:15,138 INFO Mouse button=left down=False accepted=1
2026-09-18 04:51:15,340 INFO Tracking camera_fps=31.2 inference_fps=30.6 model_ms=31.0 age_ms=47.0 hands=1 pose=True mode=Serbest
2026-09-18 04:51:15,532 INFO Mouse button=left down=True accepted=1
2026-09-18 04:51:15,643 INFO Mouse button=left down=False accepted=1
2026-09-18 04:51:16,032 INFO Mouse button=left down=True accepted=1
2026-09-18 04:51:16,144 INFO Mouse button=left down=False accepted=1
2026-09-18 04:51:16,446 INFO Mouse button=left down=True accepted=1
2026-09-18 04:51:16,556 INFO Mouse button=left down=False accepted=1
2026-09-18 04:51:18,369 INFO Tracking camera_fps=31.2 inference_fps=34.5 model_ms=16.0 age_ms=31.0 hands=2 pose=True mode=Serbest
2026-09-18 04:51:18,608 INFO Mouse button=left down=True accepted=1
2026-09-18 04:51:18,717 INFO Mouse button=left down=False accepted=1
2026-09-18 04:51:20,055 INFO SendInput scan=0x1D down=True accepted=1 error=0 target_pid=9084
2026-09-18 04:51:20,167 INFO SendInput scan=0x1D down=False accepted=1 error=0 target_pid=9084
2026-09-18 04:51:20,843 INFO Mouse button=left down=True accepted=1
2026-09-18 04:51:20,950 INFO Mouse button=left down=False accepted=1
2026-09-18 04:51:21,281 INFO Mouse button=left down=True accepted=1
2026-09-18 04:51:21,375 INFO Tracking camera_fps=31.3 inference_fps=33.3 model_ms=31.0 age_ms=31.0 hands=2 pose=True mode=Serbest
2026-09-18 04:51:21,394 INFO Mouse button=left down=False accepted=1
2026-09-18 04:51:21,695 INFO Mouse button=left down=True accepted=1
2026-09-18 04:51:21,802 INFO Mouse button=left down=False accepted=1
2026-09-18 04:51:22,116 INFO Mouse button=left down=True accepted=1
2026-09-18 04:51:22,225 INFO Mouse button=left down=False accepted=1
2026-09-18 04:51:24,019 INFO Mouse button=left down=True accepted=1
2026-09-18 04:51:24,131 INFO Mouse button=left down=False accepted=1
2026-09-18 04:51:24,403 INFO Tracking camera_fps=32.1 inference_fps=33.4 model_ms=32.0 age_ms=47.0 hands=2 pose=True mode=Serbest
2026-09-18 04:51:25,609 INFO Mouse button=left down=True accepted=1
2026-09-18 04:51:25,720 INFO Mouse button=left down=False accepted=1
2026-09-18 04:51:26,255 INFO Mouse button=left down=True accepted=1
2026-09-18 04:51:26,365 INFO Mouse button=left down=False accepted=1
2026-09-18 04:51:26,585 INFO Mouse button=left down=True accepted=1
2026-09-18 04:51:26,697 INFO Mouse button=left down=False accepted=1
2026-09-18 04:51:26,949 INFO Mouse button=left down=True accepted=1
2026-09-18 04:51:27,059 INFO Mouse button=left down=False accepted=1
2026-09-18 04:51:27,436 INFO Tracking camera_fps=32.7 inference_fps=30.4 model_ms=31.0 age_ms=47.0 hands=2 pose=True mode=Eğilme
2026-09-18 04:51:30,468 INFO Tracking camera_fps=31.1 inference_fps=33.8 model_ms=31.0 age_ms=47.0 hands=2 pose=True mode=Eğilme
2026-09-18 04:51:33,485 INFO Tracking camera_fps=33.1 inference_fps=35.4 model_ms=16.0 age_ms=31.0 hands=2 pose=True mode=Serbest
2026-09-18 04:51:36,513 INFO Tracking camera_fps=30.7 inference_fps=32.8 model_ms=16.0 age_ms=31.0 hands=0 pose=True mode=Serbest
2026-09-18 04:51:37,593 INFO SendInput scan=0x39 down=True accepted=1 error=0 target_pid=9084
2026-09-18 04:51:37,703 INFO SendInput scan=0x39 down=False accepted=1 error=0 target_pid=9084
2026-09-18 04:51:37,767 INFO SendInput scan=0x2A down=True accepted=1 error=0 target_pid=9084
2026-09-18 04:51:38,021 INFO SendInput scan=0x2A down=False accepted=1 error=0 target_pid=9084
2026-09-18 04:51:39,544 INFO Tracking camera_fps=31.6 inference_fps=34.6 model_ms=16.0 age_ms=31.0 hands=2 pose=True mode=Serbest
2026-09-18 04:51:41,014 INFO Mouse button=right down=True accepted=1
2026-09-18 04:51:42,288 INFO Mouse button=right down=False accepted=1
2026-09-18 04:51:42,558 INFO SendInput scan=0x39 down=True accepted=1 error=0 target_pid=9084
2026-09-18 04:51:42,583 INFO Tracking camera_fps=30.7 inference_fps=31.8 model_ms=16.0 age_ms=32.0 hands=2 pose=True mode=Swing
2026-09-18 04:51:42,668 INFO SendInput scan=0x39 down=False accepted=1 error=0 target_pid=9084
2026-09-18 04:51:43,823 INFO SendInput scan=0x39 down=True accepted=1 error=0 target_pid=9084
2026-09-18 04:51:43,884 INFO SendInput scan=0x20 down=True accepted=1 error=0 target_pid=9084
2026-09-18 04:51:43,931 INFO SendInput scan=0x39 down=False accepted=1 error=0 target_pid=9084
2026-09-18 04:51:43,979 INFO SendInput scan=0x2A down=True accepted=1 error=0 target_pid=9084
2026-09-18 04:51:44,373 INFO SendInput scan=0x2A down=False accepted=1 error=0 target_pid=9084
2026-09-18 04:51:44,419 INFO SendInput scan=0x1D down=True accepted=1 error=0 target_pid=9084
2026-09-18 04:51:44,529 INFO SendInput scan=0x1D down=False accepted=1 error=0 target_pid=9084
2026-09-18 04:51:44,828 INFO SendInput scan=0x20 down=False accepted=1 error=0 target_pid=9084
2026-09-18 04:51:45,163 INFO SendInput scan=0x39 down=True accepted=1 error=0 target_pid=9084
2026-09-18 04:51:45,224 INFO SendInput scan=0x20 down=True accepted=1 error=0 target_pid=9084
2026-09-18 04:51:45,270 INFO SendInput scan=0x39 down=False accepted=1 error=0 target_pid=9084
2026-09-18 04:51:45,349 INFO SendInput scan=0x20 down=False accepted=1 error=0 target_pid=9084
2026-09-18 04:51:45,583 INFO Mouse button=left down=True accepted=1
2026-09-18 04:51:45,596 INFO Tracking camera_fps=33.3 inference_fps=30.4 model_ms=15.0 age_ms=47.0 hands=2 pose=True mode=Serbest
2026-09-18 04:51:45,598 INFO SendInput scan=0x1D down=True accepted=1 error=0 target_pid=9084
2026-09-18 04:51:45,696 INFO Mouse button=left down=False accepted=1
2026-09-18 04:51:45,721 INFO SendInput scan=0x1D down=False accepted=1 error=0 target_pid=9084
2026-09-18 04:51:46,497 INFO SendInput scan=0x1D down=True accepted=1 error=0 target_pid=9084
2026-09-18 04:51:46,613 INFO SendInput scan=0x1D down=False accepted=1 error=0 target_pid=9084
2026-09-18 04:51:47,930 INFO SendInput scan=0x39 down=True accepted=1 error=0 target_pid=9084
2026-09-18 04:51:48,039 INFO SendInput scan=0x39 down=False accepted=1 error=0 target_pid=9084
2026-09-18 04:51:48,102 INFO SendInput scan=0x2A down=True accepted=1 error=0 target_pid=9084
2026-09-18 04:51:48,446 INFO SendInput scan=0x2A down=False accepted=1 error=0 target_pid=9084
2026-09-18 04:51:48,610 INFO Tracking camera_fps=35.2 inference_fps=33.8 model_ms=16.0 age_ms=31.0 hands=0 pose=True mode=Eğilme
2026-09-18 04:51:50,735 INFO Mouse button=right down=True accepted=1
2026-09-18 04:51:51,134 INFO Mouse button=right down=False accepted=1
2026-09-18 04:51:51,628 INFO Tracking camera_fps=30.2 inference_fps=36.2 model_ms=15.0 age_ms=15.0 hands=2 pose=True mode=Eğilme
2026-09-18 04:51:51,877 INFO SendInput scan=0x39 down=True accepted=1 error=0 target_pid=9084
2026-09-18 04:51:51,909 INFO SendInput scan=0x39 down=False accepted=1 error=0 target_pid=9084
2026-09-18 04:51:52,052 INFO SendInput scan=0x39 down=True accepted=1 error=0 target_pid=9084
2026-09-18 04:51:52,163 INFO SendInput scan=0x39 down=False accepted=1 error=0 target_pid=9084
2026-09-18 04:51:54,652 INFO Tracking camera_fps=34.5 inference_fps=30.0 model_ms=32.0 age_ms=63.0 hands=1 pose=True mode=Eğilme
2026-09-18 04:51:55,644 INFO Mouse button=right down=True accepted=1
2026-09-18 04:51:56,944 INFO Mouse button=right down=False accepted=1
2026-09-18 04:51:57,048 INFO SendInput scan=0x39 down=True accepted=1 error=0 target_pid=9084
2026-09-18 04:51:57,161 INFO SendInput scan=0x39 down=False accepted=1 error=0 target_pid=9084
2026-09-18 04:51:57,224 INFO SendInput scan=0x2A down=True accepted=1 error=0 target_pid=9084
2026-09-18 04:51:57,412 INFO SendInput scan=0x2A down=False accepted=1 error=0 target_pid=9084
2026-09-18 04:51:57,413 INFO Mouse button=right down=True accepted=1
2026-09-18 04:51:57,667 INFO Tracking camera_fps=32.5 inference_fps=32.8 model_ms=16.0 age_ms=47.0 hands=2 pose=True mode=Nişan
2026-09-18 04:51:57,869 INFO SendInput scan=0x12 down=True accepted=1 error=0 target_pid=9084
2026-09-18 04:51:57,964 INFO SendInput scan=0x12 down=False accepted=1 error=0 target_pid=9084
2026-09-18 04:51:58,108 INFO Mouse button=right down=False accepted=1
2026-09-18 04:51:58,436 INFO Mouse button=right down=True accepted=1
2026-09-18 04:51:58,581 INFO SendInput scan=0x12 down=True accepted=1 error=0 target_pid=9084
2026-09-18 04:51:58,688 INFO SendInput scan=0x12 down=False accepted=1 error=0 target_pid=9084
2026-09-18 04:51:59,049 INFO SendInput scan=0x12 down=True accepted=1 error=0 target_pid=9084
2026-09-18 04:51:59,161 INFO SendInput scan=0x12 down=False accepted=1 error=0 target_pid=9084
2026-09-18 04:51:59,633 INFO Mouse button=right down=False accepted=1
2026-09-18 04:52:00,694 INFO Tracking camera_fps=32.1 inference_fps=34.2 model_ms=16.0 age_ms=31.0 hands=2 pose=True mode=Serbest
2026-09-18 04:52:01,679 INFO SendInput scan=0x39 down=True accepted=1 error=0 target_pid=9084
2026-09-18 04:52:01,770 INFO SendInput scan=0x39 down=False accepted=1 error=0 target_pid=9084
2026-09-18 04:52:02,383 INFO Mouse button=left down=True accepted=1
2026-09-18 04:52:02,494 INFO Mouse button=left down=False accepted=1
2026-09-18 04:52:03,714 INFO Tracking camera_fps=32.8 inference_fps=32.9 model_ms=31.0 age_ms=31.0 hands=2 pose=True mode=Serbest
2026-09-18 04:52:05,066 INFO SendInput scan=0x1D down=True accepted=1 error=0 target_pid=9084
2026-09-18 04:52:05,177 INFO SendInput scan=0x1D down=False accepted=1 error=0 target_pid=9084
2026-09-18 04:52:06,266 INFO Mouse button=right down=True accepted=1
2026-09-18 04:52:06,533 INFO Mouse button=right down=False accepted=1
2026-09-18 04:52:06,745 INFO Tracking camera_fps=31.2 inference_fps=34.0 model_ms=31.0 age_ms=31.0 hands=0 pose=True mode=Eğilme
2026-09-18 04:52:07,129 INFO SendInput scan=0x1D down=True accepted=1 error=0 target_pid=9084
2026-09-18 04:52:07,239 INFO SendInput scan=0x1D down=False accepted=1 error=0 target_pid=9084
2026-09-18 04:52:07,932 INFO SendInput scan=0x39 down=True accepted=1 error=0 target_pid=9084
2026-09-18 04:52:07,963 INFO SendInput scan=0x39 down=False accepted=1 error=0 target_pid=9084
2026-09-18 04:52:08,929 INFO Mouse button=left down=True accepted=1
2026-09-18 04:52:09,039 INFO Mouse button=left down=False accepted=1
2026-09-18 04:52:09,321 INFO Mouse button=left down=True accepted=1
2026-09-18 04:52:09,416 INFO Mouse button=left down=False accepted=1
2026-09-18 04:52:09,785 INFO Tracking camera_fps=31.8 inference_fps=32.5 model_ms=16.0 age_ms=32.0 hands=2 pose=True mode=Eğilme
2026-09-18 04:52:09,855 INFO Mouse button=left down=True accepted=1
2026-09-18 04:52:09,965 INFO Mouse button=left down=False accepted=1
2026-09-18 04:52:10,612 INFO Mouse button=left down=True accepted=1
2026-09-18 04:52:10,723 INFO Mouse button=left down=False accepted=1
2026-09-18 04:52:11,312 INFO Mouse button=left down=True accepted=1
2026-09-18 04:52:11,420 INFO Mouse button=left down=False accepted=1
2026-09-18 04:52:11,670 INFO Mouse button=left down=True accepted=1
2026-09-18 04:52:11,781 INFO Mouse button=left down=False accepted=1
2026-09-18 04:52:12,316 INFO Mouse button=left down=True accepted=1
2026-09-18 04:52:12,427 INFO Mouse button=left down=False accepted=1
2026-09-18 04:52:12,810 INFO Tracking camera_fps=32.9 inference_fps=32.9 model_ms=15.0 age_ms=31.0 hands=2 pose=True mode=Eğilme
2026-09-18 04:52:13,736 INFO Mouse button=left down=True accepted=1
2026-09-18 04:52:13,847 INFO Mouse button=left down=False accepted=1
2026-09-18 04:52:14,083 INFO Mouse button=right down=True accepted=1
2026-09-18 04:52:14,741 INFO Mouse button=right down=False accepted=1
2026-09-18 04:52:15,087 INFO Mouse button=left down=True accepted=1
2026-09-18 04:52:15,183 INFO Mouse button=left down=False accepted=1
2026-09-18 04:52:15,387 INFO Mouse button=left down=True accepted=1
2026-09-18 04:52:15,497 INFO Mouse button=left down=False accepted=1
2026-09-18 04:52:15,845 INFO Tracking camera_fps=31.2 inference_fps=30.8 model_ms=15.0 age_ms=31.0 hands=2 pose=True mode=Serbest
2026-09-18 04:52:17,417 INFO Mouse button=left down=True accepted=1
2026-09-18 04:52:17,527 INFO Mouse button=left down=False accepted=1
2026-09-18 04:52:18,428 INFO Mouse button=left down=True accepted=1
2026-09-18 04:52:18,534 INFO Mouse button=left down=False accepted=1
2026-09-18 04:52:18,567 INFO SendInput scan=0x1D down=True accepted=1 error=0 target_pid=9084
2026-09-18 04:52:18,678 INFO SendInput scan=0x1D down=False accepted=1 error=0 target_pid=9084
2026-09-18 04:52:18,864 INFO Tracking camera_fps=30.7 inference_fps=36.1 model_ms=31.0 age_ms=47.0 hands=1 pose=True mode=Serbest
2026-09-18 04:52:18,913 INFO Mouse button=left down=True accepted=1
2026-09-18 04:52:19,024 INFO Mouse button=left down=False accepted=1
2026-09-18 04:52:19,337 INFO Mouse button=left down=True accepted=1
2026-09-18 04:52:19,448 INFO Mouse button=left down=False accepted=1
2026-09-18 04:52:19,779 INFO Mouse button=left down=True accepted=1
2026-09-18 04:52:19,889 INFO Mouse button=left down=False accepted=1
2026-09-18 04:52:21,778 INFO SendInput scan=0x39 down=True accepted=1 error=0 target_pid=9084
2026-09-18 04:52:21,887 INFO SendInput scan=0x39 down=False accepted=1 error=0 target_pid=9084
2026-09-18 04:52:21,914 INFO Tracking camera_fps=32.4 inference_fps=33.6 model_ms=16.0 age_ms=32.0 hands=2 pose=True mode=Swing
2026-09-18 04:52:21,949 INFO SendInput scan=0x2A down=True accepted=1 error=0 target_pid=9084
2026-09-18 04:52:22,014 INFO SendInput scan=0x2A down=False accepted=1 error=0 target_pid=9084
2026-09-18 04:52:22,219 INFO Mouse button=right down=True accepted=1
2026-09-18 04:52:23,276 INFO SendInput scan=0x12 down=True accepted=1 error=0 target_pid=9084
2026-09-18 04:52:23,384 INFO SendInput scan=0x12 down=False accepted=1 error=0 target_pid=9084
2026-09-18 04:52:23,416 INFO Mouse button=right down=False accepted=1
2026-09-18 04:52:23,528 INFO SendInput scan=0x39 down=True accepted=1 error=0 target_pid=9084
2026-09-18 04:52:23,641 INFO SendInput scan=0x39 down=False accepted=1 error=0 target_pid=9084
2026-09-18 04:52:23,708 INFO SendInput scan=0x2A down=True accepted=1 error=0 target_pid=9084
2026-09-18 04:52:23,751 INFO SendInput scan=0x2A down=False accepted=1 error=0 target_pid=9084
2026-09-18 04:52:23,752 INFO Mouse button=right down=True accepted=1
2026-09-18 04:52:23,877 INFO Mouse button=right down=False accepted=1
2026-09-18 04:52:24,883 INFO Mouse button=left down=True accepted=1
2026-09-18 04:52:24,949 INFO Tracking camera_fps=36.5 inference_fps=35.4 model_ms=47.0 age_ms=63.0 hands=2 pose=True mode=Eğilme
2026-09-18 04:52:24,993 INFO Mouse button=left down=False accepted=1
2026-09-18 04:52:26,147 INFO Mouse button=left down=True accepted=1
2026-09-18 04:52:26,254 INFO Mouse button=left down=False accepted=1
2026-09-18 04:52:27,968 INFO Tracking camera_fps=33.7 inference_fps=32.6 model_ms=15.0 age_ms=31.0 hands=2 pose=True mode=Eğilme
2026-09-18 04:52:28,745 INFO Mouse button=left down=True accepted=1
2026-09-18 04:52:28,855 INFO Mouse button=left down=False accepted=1
2026-09-18 04:52:30,577 INFO SendInput scan=0x1D down=True accepted=1 error=0 target_pid=9084
2026-09-18 04:52:30,686 INFO SendInput scan=0x1D down=False accepted=1 error=0 target_pid=9084
2026-09-18 04:52:30,994 INFO Tracking camera_fps=31.8 inference_fps=34.6 model_ms=16.0 age_ms=31.0 hands=2 pose=True mode=Serbest
2026-09-18 04:52:31,899 INFO SendInput scan=0x1D down=True accepted=1 error=0 target_pid=9084
2026-09-18 04:52:32,009 INFO SendInput scan=0x1D down=False accepted=1 error=0 target_pid=9084
2026-09-18 04:52:32,243 INFO Mouse button=right down=True accepted=1
2026-09-18 04:52:32,514 INFO Mouse button=right down=False accepted=1
2026-09-18 04:52:34,021 INFO Tracking camera_fps=30.4 inference_fps=35.4 model_ms=16.0 age_ms=16.0 hands=2 pose=True mode=Serbest
2026-09-18 04:52:34,983 INFO SendInput scan=0x1D down=True accepted=1 error=0 target_pid=9084
2026-09-18 04:52:35,097 INFO SendInput scan=0x1D down=False accepted=1 error=0 target_pid=9084
2026-09-18 04:52:36,100 INFO SendInput scan=0x1D down=True accepted=1 error=0 target_pid=9084
2026-09-18 04:52:36,212 INFO SendInput scan=0x1D down=False accepted=1 error=0 target_pid=9084
2026-09-18 04:52:36,695 INFO Mouse button=right down=True accepted=1
2026-09-18 04:52:37,034 INFO Tracking camera_fps=33.4 inference_fps=32.7 model_ms=16.0 age_ms=32.0 hands=2 pose=True mode=Serbest
2026-09-18 04:52:37,042 INFO Mouse button=right down=False accepted=1
2026-09-18 04:52:37,183 INFO Mouse button=left down=True accepted=1
2026-09-18 04:52:37,297 INFO Mouse button=left down=False accepted=1
2026-09-18 04:52:37,705 INFO Mouse button=left down=True accepted=1
2026-09-18 04:52:37,817 INFO Mouse button=left down=False accepted=1
2026-09-18 04:52:38,052 INFO Mouse button=left down=True accepted=1
2026-09-18 04:52:38,161 INFO Mouse button=left down=False accepted=1
2026-09-18 04:52:38,961 INFO Mouse button=left down=True accepted=1
2026-09-18 04:52:39,071 INFO Mouse button=left down=False accepted=1
2026-09-18 04:52:40,042 INFO Tracking camera_fps=30.6 inference_fps=31.6 model_ms=32.0 age_ms=47.0 hands=2 pose=True mode=Serbest
2026-09-18 04:52:40,446 INFO Mouse button=left down=True accepted=1
2026-09-18 04:52:40,542 INFO Mouse button=left down=False accepted=1
2026-09-18 04:52:41,503 INFO Mouse button=left down=True accepted=1
2026-09-18 04:52:41,613 INFO Mouse button=left down=False accepted=1
2026-09-18 04:52:41,928 INFO Mouse button=left down=True accepted=1
2026-09-18 04:52:42,039 INFO Mouse button=left down=False accepted=1
2026-09-18 04:52:42,877 INFO Mouse button=left down=True accepted=1
2026-09-18 04:52:42,988 INFO Mouse button=left down=False accepted=1
2026-09-18 04:52:43,062 INFO Tracking camera_fps=33.2 inference_fps=32.2 model_ms=31.0 age_ms=47.0 hands=2 pose=True mode=Serbest
2026-09-18 04:52:46,021 INFO Mouse button=left down=True accepted=1
2026-09-18 04:52:46,090 INFO Tracking camera_fps=33.4 inference_fps=34.3 model_ms=47.0 age_ms=47.0 hands=1 pose=True mode=Serbest
2026-09-18 04:52:46,131 INFO Mouse button=left down=False accepted=1
2026-09-18 04:52:46,369 INFO Mouse button=left down=True accepted=1
2026-09-18 04:52:46,480 INFO Mouse button=left down=False accepted=1
2026-09-18 04:52:46,656 INFO Mouse button=left down=True accepted=1
2026-09-18 04:52:46,766 INFO Mouse button=left down=False accepted=1
2026-09-18 04:52:47,364 INFO Mouse button=left down=True accepted=1
2026-09-18 04:52:47,475 INFO Mouse button=left down=False accepted=1
2026-09-18 04:52:47,915 INFO Mouse button=left down=True accepted=1
2026-09-18 04:52:48,027 INFO Mouse button=left down=False accepted=1
2026-09-18 04:52:48,660 INFO Mouse button=left down=True accepted=1
2026-09-18 04:52:48,767 INFO Mouse button=left down=False accepted=1
2026-09-18 04:52:49,006 INFO Mouse button=left down=True accepted=1
2026-09-18 04:52:49,116 INFO Mouse button=left down=False accepted=1
2026-09-18 04:52:49,118 INFO Tracking camera_fps=33.4 inference_fps=34.3 model_ms=16.0 age_ms=31.0 hands=2 pose=True mode=Serbest
2026-09-18 04:52:50,730 INFO SendInput scan=0x39 down=True accepted=1 error=0 target_pid=9084
2026-09-18 04:52:50,853 INFO SendInput scan=0x39 down=False accepted=1 error=0 target_pid=9084
2026-09-18 04:52:50,884 INFO Mouse button=right down=True accepted=1
2026-09-18 04:52:52,017 INFO SendInput scan=0x12 down=True accepted=1 error=0 target_pid=9084
2026-09-18 04:52:52,127 INFO SendInput scan=0x12 down=False accepted=1 error=0 target_pid=9084
2026-09-18 04:52:52,135 INFO Tracking camera_fps=33.6 inference_fps=35.0 model_ms=15.0 age_ms=31.0 hands=2 pose=True mode=Nişan
2026-09-18 04:52:53,217 INFO Mouse button=right down=False accepted=1
2026-09-18 04:52:53,313 INFO SendInput scan=0x39 down=True accepted=1 error=0 target_pid=9084
2026-09-18 04:52:53,426 INFO SendInput scan=0x39 down=False accepted=1 error=0 target_pid=9084
2026-09-18 04:52:53,484 INFO Mouse button=right down=True accepted=1
2026-09-18 04:52:53,707 INFO SendInput scan=0x12 down=True accepted=1 error=0 target_pid=9084
2026-09-18 04:52:53,751 INFO SendInput scan=0x12 down=False accepted=1 error=0 target_pid=9084
2026-09-18 04:52:53,753 INFO Mouse button=right down=False accepted=1
2026-09-18 04:52:55,166 INFO Tracking camera_fps=32.8 inference_fps=30.9 model_ms=16.0 age_ms=62.0 hands=2 pose=True mode=Eğilme
2026-09-18 04:52:55,374 INFO SendInput scan=0x39 down=True accepted=1 error=0 target_pid=9084
2026-09-18 04:52:55,484 INFO SendInput scan=0x39 down=False accepted=1 error=0 target_pid=9084
2026-09-18 04:52:55,547 INFO SendInput scan=0x2A down=True accepted=1 error=0 target_pid=9084
2026-09-18 04:52:56,677 INFO SendInput scan=0x2A down=False accepted=1 error=0 target_pid=9084
2026-09-18 04:52:58,184 INFO Tracking camera_fps=31.5 inference_fps=30.5 model_ms=31.0 age_ms=47.0 hands=1 pose=True mode=Eğilme
2026-09-18 04:52:59,907 INFO Mouse button=left down=True accepted=1
2026-09-18 04:53:00,016 INFO Mouse button=left down=False accepted=1
2026-09-18 04:53:00,956 INFO Mouse button=left down=True accepted=1
2026-09-18 04:53:01,066 INFO Mouse button=left down=False accepted=1
2026-09-18 04:53:01,230 INFO Tracking camera_fps=32.1 inference_fps=29.8 model_ms=47.0 age_ms=63.0 hands=2 pose=True mode=Serbest
2026-09-18 04:53:01,253 INFO Mouse button=left down=True accepted=1
2026-09-18 04:53:01,364 INFO Mouse button=left down=False accepted=1
2026-09-18 04:53:01,649 INFO Mouse button=left down=True accepted=1
2026-09-18 04:53:01,747 INFO Mouse button=left down=False accepted=1
2026-09-18 04:53:02,614 INFO Mouse button=left down=True accepted=1
2026-09-18 04:53:02,720 INFO Mouse button=left down=False accepted=1
2026-09-18 04:53:04,251 INFO Tracking camera_fps=30.2 inference_fps=30.2 model_ms=31.0 age_ms=46.0 hands=1 pose=True mode=Serbest
2026-09-18 04:53:07,272 INFO Tracking camera_fps=30.9 inference_fps=34.1 model_ms=16.0 age_ms=31.0 hands=2 pose=True mode=Serbest
2026-09-18 04:53:08,505 INFO SendInput scan=0x39 down=True accepted=1 error=0 target_pid=9084
2026-09-18 04:53:08,519 INFO SendInput scan=0x39 down=False accepted=1 error=0 target_pid=9084
2026-09-18 04:53:09,404 INFO SendInput scan=0x39 down=True accepted=1 error=0 target_pid=9084
2026-09-18 04:53:09,514 INFO SendInput scan=0x39 down=False accepted=1 error=0 target_pid=9084
2026-09-18 04:53:09,580 INFO SendInput scan=0x2A down=True accepted=1 error=0 target_pid=9084
2026-09-18 04:53:09,734 INFO SendInput scan=0x2A down=False accepted=1 error=0 target_pid=9084
2026-09-18 04:53:10,296 INFO Tracking camera_fps=33.2 inference_fps=32.5 model_ms=31.0 age_ms=31.0 hands=2 pose=True mode=Serbest
2026-09-18 04:53:13,328 INFO Tracking camera_fps=30.9 inference_fps=32.6 model_ms=16.0 age_ms=32.0 hands=2 pose=True mode=Serbest
2026-09-18 04:53:16,361 INFO Tracking camera_fps=33.4 inference_fps=30.8 model_ms=31.0 age_ms=47.0 hands=2 pose=True mode=Serbest
2026-09-18 04:53:16,814 INFO SendInput scan=0x39 down=True accepted=1 error=0 target_pid=9084
2026-09-18 04:53:16,924 INFO SendInput scan=0x39 down=False accepted=1 error=0 target_pid=9084
2026-09-18 04:53:16,969 INFO SendInput scan=0x11 down=True accepted=1 error=0 target_pid=9084
2026-09-18 04:53:17,001 INFO SendInput scan=0x11 down=False accepted=1 error=0 target_pid=9084
2026-09-18 04:53:17,221 INFO SendInput scan=0x39 down=True accepted=1 error=0 target_pid=9084
2026-09-18 04:53:17,268 INFO SendInput scan=0x11 down=True accepted=1 error=0 target_pid=9084
2026-09-18 04:53:17,334 INFO SendInput scan=0x39 down=False accepted=1 error=0 target_pid=9084
2026-09-18 04:53:17,396 INFO SendInput scan=0x2A down=True accepted=1 error=0 target_pid=9084
2026-09-18 04:53:19,375 INFO Tracking camera_fps=31.1 inference_fps=32.1 model_ms=15.0 age_ms=31.0 hands=2 pose=True mode=Swing
2026-09-18 04:53:20,868 INFO SendInput scan=0x2A down=False accepted=1 error=0 target_pid=9084
2026-09-18 04:53:20,868 INFO SendInput scan=0x11 down=False accepted=1 error=0 target_pid=9084
2026-09-18 04:53:22,161 INFO SendInput scan=0x39 down=True accepted=1 error=0 target_pid=9084
2026-09-18 04:53:22,269 INFO SendInput scan=0x39 down=False accepted=1 error=0 target_pid=9084
2026-09-18 04:53:22,332 INFO SendInput scan=0x2A down=True accepted=1 error=0 target_pid=9084
2026-09-18 04:53:22,411 INFO Tracking camera_fps=30.9 inference_fps=38.9 model_ms=16.0 age_ms=32.0 hands=2 pose=True mode=Swing
2026-09-18 04:53:22,964 INFO SendInput scan=0x11 down=True accepted=1 error=0 target_pid=9084
2026-09-18 04:53:23,924 INFO SendInput scan=0x2A down=False accepted=1 error=0 target_pid=9084
2026-09-18 04:53:23,924 INFO SendInput scan=0x11 down=False accepted=1 error=0 target_pid=9084
2026-09-18 04:53:24,254 INFO SendInput scan=0x39 down=True accepted=1 error=0 target_pid=9084
2026-09-18 04:53:24,319 INFO SendInput scan=0x11 down=True accepted=1 error=0 target_pid=9084
2026-09-18 04:53:24,365 INFO SendInput scan=0x39 down=False accepted=1 error=0 target_pid=9084
2026-09-18 04:53:24,382 INFO SendInput scan=0x11 down=False accepted=1 error=0 target_pid=9084
2026-09-18 04:53:24,431 INFO SendInput scan=0x2A down=True accepted=1 error=0 target_pid=9084
2026-09-18 04:53:24,465 INFO SendInput scan=0x2A down=False accepted=1 error=0 target_pid=9084
2026-09-18 04:53:25,425 INFO Tracking camera_fps=32.1 inference_fps=30.4 model_ms=15.0 age_ms=47.0 hands=1 pose=True mode=Serbest
2026-09-18 04:53:25,777 INFO SendInput scan=0x39 down=True accepted=1 error=0 target_pid=9084
2026-09-18 04:53:25,821 INFO SendInput scan=0x11 down=True accepted=1 error=0 target_pid=9084
2026-09-18 04:53:25,883 INFO SendInput scan=0x39 down=False accepted=1 error=0 target_pid=9084
2026-09-18 04:53:25,947 INFO SendInput scan=0x2A down=True accepted=1 error=0 target_pid=9084
2026-09-18 04:53:28,454 INFO Tracking camera_fps=35.6 inference_fps=30.0 model_ms=32.0 age_ms=47.0 hands=1 pose=True mode=Swing
2026-09-18 04:53:28,654 INFO SendInput scan=0x11 down=False accepted=1 error=0 target_pid=9084
2026-09-18 04:53:30,843 INFO SendInput scan=0x2A down=False accepted=1 error=0 target_pid=9084
2026-09-18 04:53:31,173 INFO SendInput scan=0x39 down=True accepted=1 error=0 target_pid=9084
2026-09-18 04:53:31,252 INFO SendInput scan=0x11 down=True accepted=1 error=0 target_pid=9084
2026-09-18 04:53:31,283 INFO SendInput scan=0x39 down=False accepted=1 error=0 target_pid=9084
2026-09-18 04:53:31,347 INFO SendInput scan=0x2A down=True accepted=1 error=0 target_pid=9084
2026-09-18 04:53:31,483 INFO Tracking camera_fps=31.3 inference_fps=31.9 model_ms=31.0 age_ms=47.0 hands=2 pose=True mode=Swing
2026-09-18 04:53:33,314 INFO SendInput scan=0x11 down=False accepted=1 error=0 target_pid=9084
2026-09-18 04:53:33,504 INFO SendInput scan=0x11 down=True accepted=1 error=0 target_pid=9084
2026-09-18 04:53:34,042 INFO SendInput scan=0x11 down=False accepted=1 error=0 target_pid=9084
2026-09-18 04:53:34,494 INFO Tracking camera_fps=30.5 inference_fps=32.3 model_ms=16.0 age_ms=31.0 hands=2 pose=True mode=Swing
2026-09-18 04:53:36,646 INFO SendInput scan=0x2A down=False accepted=1 error=0 target_pid=9084
2026-09-18 04:53:37,527 INFO Tracking camera_fps=34.9 inference_fps=31.5 model_ms=32.0 age_ms=32.0 hands=1 pose=True mode=Serbest
2026-09-18 04:53:40,562 INFO Tracking camera_fps=31.3 inference_fps=31.3 model_ms=31.0 age_ms=47.0 hands=1 pose=True mode=Serbest
2026-09-18 04:53:43,585 INFO Tracking camera_fps=33.5 inference_fps=37.3 model_ms=16.0 age_ms=16.0 hands=1 pose=True mode=Serbest
2026-09-18 04:53:44,037 INFO SendInput scan=0x39 down=True accepted=1 error=0 target_pid=9084
2026-09-18 04:53:44,053 INFO SendInput scan=0x39 down=False accepted=1 error=0 target_pid=9084
2026-09-18 04:53:44,195 INFO SendInput scan=0x39 down=True accepted=1 error=0 target_pid=9084
2026-09-18 04:53:44,258 INFO SendInput scan=0x1E down=True accepted=1 error=0 target_pid=9084
2026-09-18 04:53:44,303 INFO SendInput scan=0x39 down=False accepted=1 error=0 target_pid=9084
2026-09-18 04:53:44,366 INFO SendInput scan=0x2A down=True accepted=1 error=0 target_pid=9084
2026-09-18 04:53:44,826 INFO SendInput scan=0x2A down=False accepted=1 error=0 target_pid=9084
2026-09-18 04:53:44,826 INFO SendInput scan=0x1E down=False accepted=1 error=0 target_pid=9084
2026-09-18 04:53:45,520 INFO SendInput scan=0x39 down=True accepted=1 error=0 target_pid=9084
2026-09-18 04:53:45,583 INFO SendInput scan=0x1E down=True accepted=1 error=0 target_pid=9084
2026-09-18 04:53:45,631 INFO SendInput scan=0x39 down=False accepted=1 error=0 target_pid=9084
2026-09-18 04:53:45,694 INFO SendInput scan=0x2A down=True accepted=1 error=0 target_pid=9084
2026-09-18 04:53:45,866 INFO SendInput scan=0x2A down=False accepted=1 error=0 target_pid=9084
2026-09-18 04:53:45,867 INFO SendInput scan=0x1E down=False accepted=1 error=0 target_pid=9084
2026-09-18 04:53:46,404 INFO SendInput scan=0x39 down=True accepted=1 error=0 target_pid=9084
2026-09-18 04:53:46,468 INFO SendInput scan=0x1E down=True accepted=1 error=0 target_pid=9084
2026-09-18 04:53:46,500 INFO SendInput scan=0x39 down=False accepted=1 error=0 target_pid=9084
2026-09-18 04:53:46,500 INFO SendInput scan=0x1E down=False accepted=1 error=0 target_pid=9084
2026-09-18 04:53:46,629 INFO Tracking camera_fps=34.3 inference_fps=33.8 model_ms=31.0 age_ms=31.0 hands=1 pose=True mode=Serbest
2026-09-18 04:53:47,967 INFO SendInput scan=0x39 down=True accepted=1 error=0 target_pid=9084
2026-09-18 04:53:48,031 INFO SendInput scan=0x1E down=True accepted=1 error=0 target_pid=9084
2026-09-18 04:53:48,078 INFO SendInput scan=0x39 down=False accepted=1 error=0 target_pid=9084
2026-09-18 04:53:48,137 INFO SendInput scan=0x2A down=True accepted=1 error=0 target_pid=9084
2026-09-18 04:53:48,232 INFO SendInput scan=0x2A down=False accepted=1 error=0 target_pid=9084
2026-09-18 04:53:48,232 INFO SendInput scan=0x1E down=False accepted=1 error=0 target_pid=9084
2026-09-18 04:53:49,558 INFO SendInput scan=0x39 down=True accepted=1 error=0 target_pid=9084
2026-09-18 04:53:49,627 INFO SendInput scan=0x20 down=True accepted=1 error=0 target_pid=9084
2026-09-18 04:53:49,649 INFO Tracking camera_fps=30.1 inference_fps=33.5 model_ms=16.0 age_ms=16.0 hands=2 pose=True mode=Swing
2026-09-18 04:53:49,670 INFO SendInput scan=0x39 down=False accepted=1 error=0 target_pid=9084
2026-09-18 04:53:49,732 INFO SendInput scan=0x2A down=True accepted=1 error=0 target_pid=9084
2026-09-18 04:53:50,851 INFO SendInput scan=0x2A down=False accepted=1 error=0 target_pid=9084
2026-09-18 04:53:50,851 INFO SendInput scan=0x20 down=False accepted=1 error=0 target_pid=9084
2026-09-18 04:53:51,054 INFO SendInput scan=0x39 down=True accepted=1 error=0 target_pid=9084
2026-09-18 04:53:51,117 INFO SendInput scan=0x39 down=False accepted=1 error=0 target_pid=9084
2026-09-18 04:53:52,681 INFO Tracking camera_fps=31.2 inference_fps=33.4 model_ms=15.0 age_ms=31.0 hands=1 pose=True mode=Serbest
2026-09-18 04:53:55,072 INFO SendInput scan=0x39 down=True accepted=1 error=0 target_pid=9084
2026-09-18 04:53:55,182 INFO SendInput scan=0x39 down=False accepted=1 error=0 target_pid=9084
2026-09-18 04:53:55,714 INFO Tracking camera_fps=31.6 inference_fps=33.9 model_ms=16.0 age_ms=47.0 hands=2 pose=True mode=Serbest
2026-09-18 04:53:56,429 INFO SendInput scan=0x39 down=True accepted=1 error=0 target_pid=9084
2026-09-18 04:53:56,462 INFO SendInput scan=0x39 down=False accepted=1 error=0 target_pid=9084
2026-09-18 04:53:56,585 INFO SendInput scan=0x39 down=True accepted=1 error=0 target_pid=9084
2026-09-18 04:53:56,698 INFO SendInput scan=0x39 down=False accepted=1 error=0 target_pid=9084
2026-09-18 04:53:56,762 INFO SendInput scan=0x2A down=True accepted=1 error=0 target_pid=9084
2026-09-18 04:53:57,013 INFO SendInput scan=0x2A down=False accepted=1 error=0 target_pid=9084
2026-09-18 04:53:57,169 INFO SendInput scan=0x39 down=True accepted=1 error=0 target_pid=9084
2026-09-18 04:53:57,248 INFO SendInput scan=0x39 down=False accepted=1 error=0 target_pid=9084
2026-09-18 04:53:57,420 INFO SendInput scan=0x39 down=True accepted=1 error=0 target_pid=9084
2026-09-18 04:53:57,531 INFO SendInput scan=0x39 down=False accepted=1 error=0 target_pid=9084
2026-09-18 04:53:57,595 INFO SendInput scan=0x2A down=True accepted=1 error=0 target_pid=9084
2026-09-18 04:53:58,728 INFO SendInput scan=0x2A down=False accepted=1 error=0 target_pid=9084
2026-09-18 04:53:58,748 INFO Tracking camera_fps=32.4 inference_fps=30.6 model_ms=16.0 age_ms=46.0 hands=1 pose=True mode=Serbest
2026-09-18 04:53:59,075 INFO SendInput scan=0x39 down=True accepted=1 error=0 target_pid=9084
2026-09-18 04:53:59,184 INFO SendInput scan=0x39 down=False accepted=1 error=0 target_pid=9084
2026-09-18 04:53:59,249 INFO SendInput scan=0x2A down=True accepted=1 error=0 target_pid=9084
2026-09-18 04:53:59,450 INFO SendInput scan=0x2A down=False accepted=1 error=0 target_pid=9084
2026-09-18 04:54:00,676 INFO SendInput scan=0x39 down=True accepted=1 error=0 target_pid=9084
2026-09-18 04:54:00,786 INFO SendInput scan=0x39 down=False accepted=1 error=0 target_pid=9084
2026-09-18 04:54:01,772 INFO Tracking camera_fps=31.5 inference_fps=33.1 model_ms=16.0 age_ms=31.0 hands=2 pose=True mode=Serbest
2026-09-18 04:54:02,171 INFO SendInput scan=0x39 down=True accepted=1 error=0 target_pid=9084
2026-09-18 04:54:02,284 INFO SendInput scan=0x39 down=False accepted=1 error=0 target_pid=9084
2026-09-18 04:54:02,517 INFO SendInput scan=0x39 down=True accepted=1 error=0 target_pid=9084
2026-09-18 04:54:02,583 INFO SendInput scan=0x11 down=True accepted=1 error=0 target_pid=9084
2026-09-18 04:54:02,629 INFO SendInput scan=0x39 down=False accepted=1 error=0 target_pid=9084
2026-09-18 04:54:02,691 INFO SendInput scan=0x2A down=True accepted=1 error=0 target_pid=9084
2026-09-18 04:54:02,992 INFO SendInput scan=0x11 down=False accepted=1 error=0 target_pid=9084
2026-09-18 04:54:04,701 INFO SendInput scan=0x11 down=True accepted=1 error=0 target_pid=9084
2026-09-18 04:54:04,733 INFO SendInput scan=0x11 down=False accepted=1 error=0 target_pid=9084
2026-09-18 04:54:04,802 INFO Tracking camera_fps=30.8 inference_fps=34.3 model_ms=15.0 age_ms=31.0 hands=2 pose=True mode=Swing
2026-09-18 04:54:05,413 INFO SendInput scan=0x2A down=False accepted=1 error=0 target_pid=9084
2026-09-18 04:54:05,569 INFO SendInput scan=0x39 down=True accepted=1 error=0 target_pid=9084
2026-09-18 04:54:05,679 INFO SendInput scan=0x39 down=False accepted=1 error=0 target_pid=9084
2026-09-18 04:54:05,741 INFO SendInput scan=0x2A down=True accepted=1 error=0 target_pid=9084
2026-09-18 04:54:05,741 INFO SendInput scan=0x11 down=True accepted=1 error=0 target_pid=9084
2026-09-18 04:54:05,776 INFO SendInput scan=0x11 down=False accepted=1 error=0 target_pid=9084
2026-09-18 04:54:07,820 INFO Tracking camera_fps=34.3 inference_fps=37.6 model_ms=16.0 age_ms=31.0 hands=2 pose=True mode=Swing
2026-09-18 04:54:08,893 INFO SendInput scan=0x2A down=False accepted=1 error=0 target_pid=9084
2026-09-18 04:54:09,178 INFO SendInput scan=0x39 down=True accepted=1 error=0 target_pid=9084
2026-09-18 04:54:09,282 INFO SendInput scan=0x39 down=False accepted=1 error=0 target_pid=9084
2026-09-18 04:54:09,345 INFO SendInput scan=0x2A down=True accepted=1 error=0 target_pid=9084
2026-09-18 04:54:10,868 INFO Tracking camera_fps=31.8 inference_fps=31.2 model_ms=16.0 age_ms=31.0 hands=2 pose=True mode=Swing
2026-09-18 04:54:11,001 INFO SendInput scan=0x2A down=False accepted=1 error=0 target_pid=9084
2026-09-18 04:54:11,377 INFO SendInput scan=0x39 down=True accepted=1 error=0 target_pid=9084
2026-09-18 04:54:11,440 INFO SendInput scan=0x39 down=False accepted=1 error=0 target_pid=9084
2026-09-18 04:54:13,131 INFO SendInput scan=0x39 down=True accepted=1 error=0 target_pid=9084
2026-09-18 04:54:13,240 INFO SendInput scan=0x39 down=False accepted=1 error=0 target_pid=9084
2026-09-18 04:54:13,303 INFO SendInput scan=0x2A down=True accepted=1 error=0 target_pid=9084
2026-09-18 04:54:13,879 INFO Tracking camera_fps=33.0 inference_fps=28.2 model_ms=31.0 age_ms=62.0 hands=1 pose=True mode=Swing
2026-09-18 04:54:15,125 INFO SendInput scan=0x1E down=True accepted=1 error=0 target_pid=9084
2026-09-18 04:54:15,533 INFO SendInput scan=0x1D down=True accepted=1 error=0 target_pid=9084
2026-09-18 04:54:15,598 INFO SendInput scan=0x2A down=False accepted=1 error=0 target_pid=9084
2026-09-18 04:54:15,598 INFO SendInput scan=0x1E down=False accepted=1 error=0 target_pid=9084
2026-09-18 04:54:15,646 INFO SendInput scan=0x1D down=False accepted=1 error=0 target_pid=9084
2026-09-18 04:54:16,886 INFO Tracking camera_fps=34.0 inference_fps=33.8 model_ms=31.0 age_ms=47.0 hands=2 pose=True mode=Serbest
2026-09-18 04:54:18,858 INFO SendInput scan=0x1D down=True accepted=1 error=0 target_pid=9084
2026-09-18 04:54:18,967 INFO SendInput scan=0x1D down=False accepted=1 error=0 target_pid=9084
2026-09-18 04:54:19,911 INFO Tracking camera_fps=33.8 inference_fps=37.3 model_ms=16.0 age_ms=32.0 hands=2 pose=True mode=Serbest
2026-09-18 04:54:22,254 INFO SendInput scan=0x1D down=True accepted=1 error=0 target_pid=9084
2026-09-18 04:54:22,363 INFO SendInput scan=0x1D down=False accepted=1 error=0 target_pid=9084
2026-09-18 04:54:22,935 INFO Tracking camera_fps=32.8 inference_fps=37.6 model_ms=16.0 age_ms=31.0 hands=2 pose=True mode=Serbest
2026-09-18 04:54:23,090 INFO Mouse button=left down=True accepted=1
2026-09-18 04:54:23,200 INFO Mouse button=left down=False accepted=1
2026-09-18 04:54:23,423 INFO Mouse button=left down=True accepted=1
2026-09-18 04:54:23,532 INFO Mouse button=left down=False accepted=1
2026-09-18 04:54:23,580 INFO SendInput scan=0x1D down=True accepted=1 error=0 target_pid=9084
2026-09-18 04:54:23,690 INFO SendInput scan=0x1D down=False accepted=1 error=0 target_pid=9084
2026-09-18 04:54:25,691 INFO SendInput scan=0x1D down=True accepted=1 error=0 target_pid=9084
2026-09-18 04:54:25,802 INFO SendInput scan=0x1D down=False accepted=1 error=0 target_pid=9084
2026-09-18 04:54:25,981 INFO Tracking camera_fps=32.7 inference_fps=35.6 model_ms=31.0 age_ms=47.0 hands=2 pose=True mode=Serbest
2026-09-18 04:54:27,125 INFO SendInput scan=0x1D down=True accepted=1 error=0 target_pid=9084
2026-09-18 04:54:27,237 INFO SendInput scan=0x1D down=False accepted=1 error=0 target_pid=9084
2026-09-18 04:54:28,547 INFO SendInput scan=0x1D down=True accepted=1 error=0 target_pid=9084
2026-09-18 04:54:28,657 INFO SendInput scan=0x1D down=False accepted=1 error=0 target_pid=9084
2026-09-18 04:54:29,000 INFO Tracking camera_fps=31.8 inference_fps=33.5 model_ms=15.0 age_ms=31.0 hands=2 pose=True mode=Serbest
2026-09-18 04:54:32,012 INFO Tracking camera_fps=34.7 inference_fps=31.7 model_ms=16.0 age_ms=31.0 hands=0 pose=True mode=Serbest
2026-09-18 04:54:32,544 INFO SendInput scan=0x39 down=True accepted=1 error=0 target_pid=9084
2026-09-18 04:54:32,622 INFO SendInput scan=0x39 down=False accepted=1 error=0 target_pid=9084
2026-09-18 04:54:34,013 INFO Mouse button=left down=True accepted=1
2026-09-18 04:54:34,120 INFO Mouse button=left down=False accepted=1
2026-09-18 04:54:34,214 INFO SendInput scan=0x39 down=True accepted=1 error=0 target_pid=9084
2026-09-18 04:54:34,293 INFO SendInput scan=0x39 down=False accepted=1 error=0 target_pid=9084
2026-09-18 04:54:35,028 INFO Tracking camera_fps=33.7 inference_fps=33.9 model_ms=32.0 age_ms=32.0 hands=2 pose=True mode=Serbest
2026-09-18 04:54:35,117 INFO Mouse button=left down=True accepted=1
2026-09-18 04:54:35,226 INFO Mouse button=left down=False accepted=1
2026-09-18 04:54:35,635 INFO Mouse button=left down=True accepted=1
2026-09-18 04:54:35,750 INFO Mouse button=left down=False accepted=1
2026-09-18 04:54:38,076 INFO Tracking camera_fps=35.6 inference_fps=31.1 model_ms=32.0 age_ms=47.0 hands=1 pose=True mode=Serbest
2026-09-18 04:54:41,117 INFO Tracking camera_fps=32.0 inference_fps=33.1 model_ms=16.0 age_ms=16.0 hands=0 pose=True mode=Serbest
2026-09-18 04:54:44,144 INFO Tracking camera_fps=33.3 inference_fps=32.9 model_ms=31.0 age_ms=47.0 hands=1 pose=True mode=Serbest
2026-09-18 04:54:44,654 INFO Mouse button=left down=True accepted=1
2026-09-18 04:54:44,763 INFO Mouse button=left down=False accepted=1
2026-09-18 04:54:45,063 INFO Mouse button=left down=True accepted=1
2026-09-18 04:54:45,175 INFO Mouse button=left down=False accepted=1
2026-09-18 04:54:47,201 INFO Tracking camera_fps=32.8 inference_fps=35.2 model_ms=16.0 age_ms=47.0 hands=1 pose=True mode=Serbest
2026-09-18 04:54:50,219 INFO Tracking camera_fps=31.0 inference_fps=33.9 model_ms=15.0 age_ms=31.0 hands=0 pose=True mode=Serbest
2026-09-18 04:54:53,249 INFO Tracking camera_fps=31.0 inference_fps=30.8 model_ms=15.0 age_ms=31.0 hands=0 pose=True mode=Serbest
2026-09-18 04:54:56,283 INFO Tracking camera_fps=34.0 inference_fps=34.7 model_ms=16.0 age_ms=32.0 hands=2 pose=True mode=Serbest
2026-09-18 04:54:59,302 INFO Tracking camera_fps=31.4 inference_fps=38.5 model_ms=15.0 age_ms=15.0 hands=2 pose=True mode=Serbest
2026-09-18 04:54:59,508 INFO SendInput scan=0x39 down=True accepted=1 error=0 target_pid=9084
2026-09-18 04:54:59,587 INFO SendInput scan=0x39 down=False accepted=1 error=0 target_pid=9084
2026-09-18 04:55:01,546 INFO SendInput scan=0x39 down=True accepted=1 error=0 target_pid=9084
2026-09-18 04:55:01,653 INFO SendInput scan=0x39 down=False accepted=1 error=0 target_pid=9084
2026-09-18 04:55:01,718 INFO SendInput scan=0x2A down=True accepted=1 error=0 target_pid=9084
2026-09-18 04:55:02,340 INFO Tracking camera_fps=34.5 inference_fps=33.7 model_ms=31.0 age_ms=47.0 hands=2 pose=True mode=Swing
2026-09-18 04:55:02,556 INFO SendInput scan=0x11 down=True accepted=1 error=0 target_pid=9084
2026-09-18 04:55:03,282 INFO SendInput scan=0x2A down=False accepted=1 error=0 target_pid=9084
2026-09-18 04:55:03,283 INFO SendInput scan=0x11 down=False accepted=1 error=0 target_pid=9084
2026-09-18 04:55:03,754 INFO Mouse button=left down=True accepted=1
2026-09-18 04:55:03,863 INFO Mouse button=left down=False accepted=1
2026-09-18 04:55:04,097 INFO Mouse button=left down=True accepted=1
2026-09-18 04:55:04,207 INFO Mouse button=left down=False accepted=1
2026-09-18 04:55:04,381 INFO Mouse button=left down=True accepted=1
2026-09-18 04:55:04,489 INFO Mouse button=left down=False accepted=1
2026-09-18 04:55:05,186 INFO SendInput scan=0x39 down=True accepted=1 error=0 target_pid=9084
2026-09-18 04:55:05,264 INFO SendInput scan=0x39 down=False accepted=1 error=0 target_pid=9084
2026-09-18 04:55:05,366 INFO Tracking camera_fps=35.7 inference_fps=34.2 model_ms=16.0 age_ms=31.0 hands=2 pose=True mode=Serbest
2026-09-18 04:55:06,906 INFO SendInput scan=0x39 down=True accepted=1 error=0 target_pid=9084
2026-09-18 04:55:07,014 INFO SendInput scan=0x39 down=False accepted=1 error=0 target_pid=9084
2026-09-18 04:55:07,076 INFO SendInput scan=0x2A down=True accepted=1 error=0 target_pid=9084
2026-09-18 04:55:08,009 INFO SendInput scan=0x2A down=False accepted=1 error=0 target_pid=9084
2026-09-18 04:55:08,212 INFO Mouse button=left down=True accepted=1
2026-09-18 04:55:08,322 INFO Mouse button=left down=False accepted=1
2026-09-18 04:55:08,385 INFO Tracking camera_fps=30.5 inference_fps=35.6 model_ms=31.0 age_ms=62.0 hands=2 pose=True mode=Serbest
2026-09-18 04:55:08,794 INFO Mouse button=left down=True accepted=1
2026-09-18 04:55:08,906 INFO Mouse button=left down=False accepted=1
2026-09-18 04:55:09,569 INFO Mouse button=left down=True accepted=1
2026-09-18 04:55:09,681 INFO Mouse button=left down=False accepted=1
2026-09-18 04:55:11,440 INFO Tracking camera_fps=34.1 inference_fps=35.8 model_ms=16.0 age_ms=31.0 hands=2 pose=True mode=Eğilme
2026-09-18 04:55:11,512 INFO SendInput scan=0x1D down=True accepted=1 error=0 target_pid=9084
2026-09-18 04:55:11,622 INFO SendInput scan=0x1D down=False accepted=1 error=0 target_pid=9084
2026-09-18 04:55:12,905 INFO SendInput scan=0x1D down=True accepted=1 error=0 target_pid=9084
2026-09-18 04:55:13,015 INFO SendInput scan=0x1D down=False accepted=1 error=0 target_pid=9084
2026-09-18 04:55:13,692 INFO Mouse button=left down=True accepted=1
2026-09-18 04:55:13,803 INFO Mouse button=left down=False accepted=1
2026-09-18 04:55:14,407 INFO SendInput scan=0x39 down=True accepted=1 error=0 target_pid=9084
2026-09-18 04:55:14,463 INFO Tracking camera_fps=35.5 inference_fps=37.6 model_ms=16.0 age_ms=47.0 hands=1 pose=True mode=Serbest
2026-09-18 04:55:14,483 INFO SendInput scan=0x39 down=False accepted=1 error=0 target_pid=9084
2026-09-18 04:55:15,635 INFO SendInput scan=0x39 down=True accepted=1 error=0 target_pid=9084
2026-09-18 04:55:15,713 INFO SendInput scan=0x39 down=False accepted=1 error=0 target_pid=9084
2026-09-18 04:55:16,737 INFO SendInput scan=0x1D down=True accepted=1 error=0 target_pid=9084
2026-09-18 04:55:16,850 INFO SendInput scan=0x1D down=False accepted=1 error=0 target_pid=9084
2026-09-18 04:55:16,911 INFO Mouse button=left down=True accepted=1
2026-09-18 04:55:17,021 INFO Mouse button=left down=False accepted=1
2026-09-18 04:55:17,449 INFO Mouse button=left down=True accepted=1
2026-09-18 04:55:17,486 INFO Tracking camera_fps=33.0 inference_fps=35.6 model_ms=16.0 age_ms=31.0 hands=2 pose=True mode=Serbest
2026-09-18 04:55:17,561 INFO Mouse button=left down=False accepted=1
2026-09-18 04:55:17,830 INFO SendInput scan=0x39 down=True accepted=1 error=0 target_pid=9084
2026-09-18 04:55:17,908 INFO SendInput scan=0x39 down=False accepted=1 error=0 target_pid=9084
2026-09-18 04:55:20,318 INFO Mouse button=left down=True accepted=1
2026-09-18 04:55:20,428 INFO Mouse button=left down=False accepted=1
2026-09-18 04:55:20,531 INFO Tracking camera_fps=34.6 inference_fps=33.3 model_ms=16.0 age_ms=32.0 hands=1 pose=True mode=Serbest
2026-09-18 04:55:21,359 INFO SendInput scan=0x1D down=True accepted=1 error=0 target_pid=9084
2026-09-18 04:55:21,469 INFO SendInput scan=0x1D down=False accepted=1 error=0 target_pid=9084
2026-09-18 04:55:22,269 INFO Mouse button=left down=True accepted=1
2026-09-18 04:55:22,382 INFO Mouse button=left down=False accepted=1
2026-09-18 04:55:22,773 INFO Mouse button=left down=True accepted=1
2026-09-18 04:55:22,885 INFO Mouse button=left down=False accepted=1
2026-09-18 04:55:23,544 INFO Tracking camera_fps=31.2 inference_fps=33.9 model_ms=15.0 age_ms=31.0 hands=2 pose=True mode=Serbest
2026-09-18 04:55:25,754 INFO Mouse button=left down=True accepted=1
2026-09-18 04:55:25,863 INFO Mouse button=left down=False accepted=1
2026-09-18 04:55:26,590 INFO Tracking camera_fps=32.3 inference_fps=34.6 model_ms=31.0 age_ms=47.0 hands=1 pose=True mode=Serbest
2026-09-18 04:55:26,830 INFO Mouse button=left down=True accepted=1
2026-09-18 04:55:26,939 INFO Mouse button=left down=False accepted=1
2026-09-18 04:55:27,160 INFO Mouse button=left down=True accepted=1
2026-09-18 04:55:27,268 INFO Mouse button=left down=False accepted=1
2026-09-18 04:55:27,523 INFO Mouse button=left down=True accepted=1
2026-09-18 04:55:27,634 INFO Mouse button=left down=False accepted=1
2026-09-18 04:55:28,357 INFO Mouse button=left down=True accepted=1
2026-09-18 04:55:28,470 INFO Mouse button=left down=False accepted=1
2026-09-18 04:55:28,847 INFO Mouse button=left down=True accepted=1
2026-09-18 04:55:28,958 INFO Mouse button=left down=False accepted=1
2026-09-18 04:55:29,255 INFO Mouse button=left down=True accepted=1
2026-09-18 04:55:29,365 INFO Mouse button=left down=False accepted=1
2026-09-18 04:55:29,619 INFO Tracking camera_fps=31.2 inference_fps=34.4 model_ms=16.0 age_ms=31.0 hands=1 pose=True mode=Serbest
2026-09-18 04:55:30,774 INFO SendInput scan=0x1D down=True accepted=1 error=0 target_pid=9084
2026-09-18 04:55:30,885 INFO SendInput scan=0x1D down=False accepted=1 error=0 target_pid=9084
2026-09-18 04:55:31,689 INFO Mouse button=left down=True accepted=1
2026-09-18 04:55:31,803 INFO Mouse button=left down=False accepted=1
2026-09-18 04:55:32,451 INFO Mouse button=right down=True accepted=1
2026-09-18 04:55:32,636 INFO Tracking camera_fps=31.0 inference_fps=32.6 model_ms=15.0 age_ms=31.0 hands=2 pose=True mode=Nişan
2026-09-18 04:55:33,079 INFO Mouse button=right down=False accepted=1
2026-09-18 04:55:33,775 INFO Mouse button=right down=True accepted=1
2026-09-18 04:55:35,671 INFO Tracking camera_fps=31.2 inference_fps=33.4 model_ms=15.0 age_ms=31.0 hands=2 pose=True mode=Nişan
2026-09-18 04:55:36,138 INFO SendInput scan=0x12 down=True accepted=1 error=0 target_pid=9084
2026-09-18 04:55:36,250 INFO SendInput scan=0x12 down=False accepted=1 error=0 target_pid=9084
2026-09-18 04:55:36,469 INFO Mouse button=right down=False accepted=1
2026-09-18 04:55:36,626 INFO SendInput scan=0x39 down=True accepted=1 error=0 target_pid=9084
2026-09-18 04:55:36,736 INFO SendInput scan=0x39 down=False accepted=1 error=0 target_pid=9084
2026-09-18 04:55:36,797 INFO SendInput scan=0x2A down=True accepted=1 error=0 target_pid=9084
2026-09-18 04:55:37,035 INFO SendInput scan=0x2A down=False accepted=1 error=0 target_pid=9084
2026-09-18 04:55:37,209 INFO SendInput scan=0x39 down=True accepted=1 error=0 target_pid=9084
2026-09-18 04:55:37,288 INFO SendInput scan=0x39 down=False accepted=1 error=0 target_pid=9084
2026-09-18 04:55:38,693 INFO Tracking camera_fps=32.6 inference_fps=34.5 model_ms=16.0 age_ms=16.0 hands=2 pose=True mode=Eğilme
2026-09-18 04:55:39,484 INFO Mouse button=left down=True accepted=1
2026-09-18 04:55:39,594 INFO Mouse button=left down=False accepted=1
2026-09-18 04:55:41,699 INFO Tracking camera_fps=31.7 inference_fps=33.3 model_ms=32.0 age_ms=32.0 hands=2 pose=True mode=Serbest
2026-09-18 04:55:44,730 INFO Tracking camera_fps=32.9 inference_fps=33.1 model_ms=16.0 age_ms=47.0 hands=2 pose=True mode=Serbest
2026-09-18 04:55:44,757 INFO SendInput scan=0x39 down=True accepted=1 error=0 target_pid=9084
2026-09-18 04:55:44,867 INFO SendInput scan=0x39 down=False accepted=1 error=0 target_pid=9084
2026-09-18 04:55:44,930 INFO SendInput scan=0x2A down=True accepted=1 error=0 target_pid=9084
2026-09-18 04:55:45,203 INFO SendInput scan=0x2A down=False accepted=1 error=0 target_pid=9084
2026-09-18 04:55:45,204 INFO Mouse button=right down=True accepted=1
2026-09-18 04:55:45,859 INFO SendInput scan=0x12 down=True accepted=1 error=0 target_pid=9084
2026-09-18 04:55:45,969 INFO SendInput scan=0x12 down=False accepted=1 error=0 target_pid=9084
2026-09-18 04:55:47,260 INFO SendInput scan=0x12 down=True accepted=1 error=0 target_pid=9084
2026-09-18 04:55:47,324 INFO SendInput scan=0x12 down=False accepted=1 error=0 target_pid=9084
2026-09-18 04:55:47,325 INFO Mouse button=right down=False accepted=1
2026-09-18 04:55:47,754 INFO Tracking camera_fps=30.6 inference_fps=35.0 model_ms=15.0 age_ms=15.0 hands=2 pose=True mode=Serbest
2026-09-18 04:55:47,999 INFO Mouse button=left down=True accepted=1
2026-09-18 04:55:48,111 INFO Mouse button=left down=False accepted=1
2026-09-18 04:55:48,302 INFO Mouse button=left down=True accepted=1
2026-09-18 04:55:48,409 INFO Mouse button=left down=False accepted=1
2026-09-18 04:55:48,661 INFO Mouse button=left down=True accepted=1
2026-09-18 04:55:48,772 INFO Mouse button=left down=False accepted=1
2026-09-18 04:55:49,200 INFO Mouse button=left down=True accepted=1
2026-09-18 04:55:49,292 INFO Mouse button=left down=False accepted=1
2026-09-18 04:55:49,622 INFO Mouse button=left down=True accepted=1
2026-09-18 04:55:49,734 INFO Mouse button=left down=False accepted=1
2026-09-18 04:55:50,506 INFO Mouse button=left down=True accepted=1
2026-09-18 04:55:50,618 INFO Mouse button=left down=False accepted=1
2026-09-18 04:55:50,796 INFO Tracking camera_fps=30.6 inference_fps=35.4 model_ms=15.0 age_ms=31.0 hands=2 pose=True mode=Serbest
2026-09-18 04:55:51,843 INFO Mouse button=left down=True accepted=1
2026-09-18 04:55:51,953 INFO Mouse button=left down=False accepted=1
2026-09-18 04:55:52,505 INFO Mouse button=left down=True accepted=1
2026-09-18 04:55:52,617 INFO Mouse button=left down=False accepted=1
2026-09-18 04:55:53,030 INFO SendInput scan=0x1D down=True accepted=1 error=0 target_pid=9084
2026-09-18 04:55:53,137 INFO SendInput scan=0x1D down=False accepted=1 error=0 target_pid=9084
2026-09-18 04:55:53,820 INFO Tracking camera_fps=32.0 inference_fps=31.9 model_ms=16.0 age_ms=16.0 hands=2 pose=True mode=Serbest
2026-09-18 04:55:54,693 INFO SendInput scan=0x1D down=True accepted=1 error=0 target_pid=9084
2026-09-18 04:55:54,805 INFO SendInput scan=0x1D down=False accepted=1 error=0 target_pid=9084
2026-09-18 04:55:54,870 INFO Mouse button=right down=True accepted=1
2026-09-18 04:55:56,396 INFO Mouse button=right down=False accepted=1
2026-09-18 04:55:56,858 INFO Tracking camera_fps=33.7 inference_fps=34.1 model_ms=16.0 age_ms=31.0 hands=2 pose=True mode=Serbest
2026-09-18 04:55:58,494 INFO SendInput scan=0x1D down=True accepted=1 error=0 target_pid=9084
2026-09-18 04:55:58,604 INFO SendInput scan=0x1D down=False accepted=1 error=0 target_pid=9084
2026-09-18 04:55:59,889 INFO Tracking camera_fps=33.3 inference_fps=31.9 model_ms=31.0 age_ms=47.0 hands=1 pose=True mode=Eğilme
2026-09-18 04:56:00,069 INFO SendInput scan=0x1D down=True accepted=1 error=0 target_pid=9084
2026-09-18 04:56:00,180 INFO SendInput scan=0x1D down=False accepted=1 error=0 target_pid=9084
2026-09-18 04:56:01,237 INFO SendInput scan=0x1D down=True accepted=1 error=0 target_pid=9084
2026-09-18 04:56:01,346 INFO SendInput scan=0x1D down=False accepted=1 error=0 target_pid=9084
2026-09-18 04:56:02,513 INFO SendInput scan=0x39 down=True accepted=1 error=0 target_pid=9084
2026-09-18 04:56:02,591 INFO SendInput scan=0x39 down=False accepted=1 error=0 target_pid=9084
2026-09-18 04:56:02,911 INFO Tracking camera_fps=31.1 inference_fps=33.1 model_ms=16.0 age_ms=16.0 hands=2 pose=True mode=Swing
2026-09-18 04:56:02,923 INFO SendInput scan=0x39 down=True accepted=1 error=0 target_pid=9084
2026-09-18 04:56:02,954 INFO SendInput scan=0x39 down=False accepted=1 error=0 target_pid=9084
2026-09-18 04:56:03,696 INFO Mouse button=left down=True accepted=1
2026-09-18 04:56:03,805 INFO Mouse button=left down=False accepted=1
2026-09-18 04:56:04,323 INFO Mouse button=left down=True accepted=1
2026-09-18 04:56:04,434 INFO Mouse button=left down=False accepted=1
2026-09-18 04:56:05,223 INFO Mouse button=left down=True accepted=1
2026-09-18 04:56:05,334 INFO Mouse button=left down=False accepted=1
2026-09-18 04:56:05,617 INFO Mouse button=left down=True accepted=1
2026-09-18 04:56:05,728 INFO Mouse button=left down=False accepted=1
2026-09-18 04:56:05,941 INFO Tracking camera_fps=30.9 inference_fps=34.6 model_ms=16.0 age_ms=31.0 hands=2 pose=True mode=Serbest
2026-09-18 04:56:05,950 INFO Mouse button=left down=True accepted=1
2026-09-18 04:56:06,061 INFO Mouse button=left down=False accepted=1
2026-09-18 04:56:08,940 INFO SendInput scan=0x1D down=True accepted=1 error=0 target_pid=9084
2026-09-18 04:56:08,978 INFO Tracking camera_fps=32.6 inference_fps=34.6 model_ms=15.0 age_ms=31.0 hands=2 pose=True mode=Serbest
2026-09-18 04:56:09,051 INFO SendInput scan=0x1D down=False accepted=1 error=0 target_pid=9084
2026-09-18 04:56:11,660 INFO SendInput scan=0x1D down=True accepted=1 error=0 target_pid=9084
2026-09-18 04:56:11,771 INFO SendInput scan=0x1D down=False accepted=1 error=0 target_pid=9084
2026-09-18 04:56:12,006 INFO Tracking camera_fps=32.4 inference_fps=33.3 model_ms=31.0 age_ms=31.0 hands=1 pose=True mode=Serbest
2026-09-18 04:56:12,714 INFO Mouse button=left down=True accepted=1
2026-09-18 04:56:12,808 INFO Mouse button=left down=False accepted=1
2026-09-18 04:56:13,388 INFO Mouse button=left down=True accepted=1
2026-09-18 04:56:13,499 INFO Mouse button=left down=False accepted=1
2026-09-18 04:56:13,703 INFO Mouse button=left down=True accepted=1
2026-09-18 04:56:13,814 INFO Mouse button=left down=False accepted=1
2026-09-18 04:56:15,040 INFO Tracking camera_fps=33.1 inference_fps=33.3 model_ms=16.0 age_ms=32.0 hands=1 pose=True mode=Eğilme
2026-09-18 04:56:15,084 INFO SendInput scan=0x1D down=True accepted=1 error=0 target_pid=9084
2026-09-18 04:56:15,194 INFO SendInput scan=0x1D down=False accepted=1 error=0 target_pid=9084
2026-09-18 04:56:15,525 INFO Mouse button=left down=True accepted=1
2026-09-18 04:56:15,620 INFO Mouse button=left down=False accepted=1
2026-09-18 04:56:16,312 INFO Mouse button=left down=True accepted=1
2026-09-18 04:56:16,423 INFO Mouse button=left down=False accepted=1
2026-09-18 04:56:16,656 INFO Mouse button=left down=True accepted=1
2026-09-18 04:56:16,767 INFO Mouse button=left down=False accepted=1
2026-09-18 04:56:18,069 INFO Tracking camera_fps=32.3 inference_fps=32.2 model_ms=16.0 age_ms=31.0 hands=1 pose=True mode=Serbest
2026-09-18 04:56:18,735 INFO SendInput scan=0x1D down=True accepted=1 error=0 target_pid=9084
2026-09-18 04:56:18,844 INFO SendInput scan=0x1D down=False accepted=1 error=0 target_pid=9084
2026-09-18 04:56:19,018 INFO Mouse button=left down=True accepted=1
2026-09-18 04:56:19,130 INFO Mouse button=left down=False accepted=1
2026-09-18 04:56:21,089 INFO Tracking camera_fps=31.2 inference_fps=32.5 model_ms=31.0 age_ms=31.0 hands=0 pose=True mode=Eğilme
2026-09-18 04:56:21,463 INFO SendInput scan=0x1D down=True accepted=1 error=0 target_pid=9084
2026-09-18 04:56:21,557 INFO SendInput scan=0x1D down=False accepted=1 error=0 target_pid=9084
2026-09-18 04:56:22,879 INFO SendInput scan=0x1D down=True accepted=1 error=0 target_pid=9084
2026-09-18 04:56:22,989 INFO SendInput scan=0x1D down=False accepted=1 error=0 target_pid=9084
2026-09-18 04:56:23,178 INFO Mouse button=left down=True accepted=1
2026-09-18 04:56:23,287 INFO Mouse button=left down=False accepted=1
2026-09-18 04:56:24,125 INFO Tracking camera_fps=30.8 inference_fps=35.1 model_ms=31.0 age_ms=31.0 hands=2 pose=True mode=Serbest
2026-09-18 04:56:24,608 INFO Mouse button=left down=True accepted=1
2026-09-18 04:56:24,720 INFO Mouse button=left down=False accepted=1
2026-09-18 04:56:25,270 INFO Mouse button=left down=True accepted=1
2026-09-18 04:56:25,380 INFO Mouse button=left down=False accepted=1
2026-09-18 04:56:26,276 INFO SendInput scan=0x1D down=True accepted=1 error=0 target_pid=9084
2026-09-18 04:56:26,386 INFO SendInput scan=0x1D down=False accepted=1 error=0 target_pid=9084
2026-09-18 04:56:26,606 INFO Mouse button=left down=True accepted=1
2026-09-18 04:56:26,717 INFO Mouse button=left down=False accepted=1
2026-09-18 04:56:27,128 INFO Mouse button=left down=True accepted=1
2026-09-18 04:56:27,152 INFO Tracking camera_fps=30.6 inference_fps=33.4 model_ms=32.0 age_ms=32.0 hands=0 pose=True mode=Serbest
2026-09-18 04:56:27,239 INFO Mouse button=left down=False accepted=1
2026-09-18 04:56:27,633 INFO Mouse button=left down=True accepted=1
2026-09-18 04:56:27,743 INFO Mouse button=left down=False accepted=1
2026-09-18 04:56:27,837 INFO SendInput scan=0x39 down=True accepted=1 error=0 target_pid=9084
2026-09-18 04:56:27,916 INFO SendInput scan=0x39 down=False accepted=1 error=0 target_pid=9084
2026-09-18 04:56:28,041 INFO Mouse button=left down=True accepted=1
2026-09-18 04:56:28,152 INFO Mouse button=left down=False accepted=1
2026-09-18 04:56:29,164 INFO Mouse button=left down=True accepted=1
2026-09-18 04:56:29,276 INFO Mouse button=left down=False accepted=1
2026-09-18 04:56:29,291 INFO SendInput scan=0x39 down=True accepted=1 error=0 target_pid=9084
2026-09-18 04:56:29,370 INFO SendInput scan=0x39 down=False accepted=1 error=0 target_pid=9084
2026-09-18 04:56:29,543 INFO Mouse button=left down=True accepted=1
2026-09-18 04:56:29,653 INFO Mouse button=left down=False accepted=1
2026-09-18 04:56:30,173 INFO Tracking camera_fps=35.3 inference_fps=37.3 model_ms=15.0 age_ms=31.0 hands=0 pose=True mode=Serbest
2026-09-18 04:56:31,059 INFO Mouse button=left down=True accepted=1
2026-09-18 04:56:31,170 INFO Mouse button=left down=False accepted=1
2026-09-18 04:56:31,406 INFO Mouse button=left down=True accepted=1
2026-09-18 04:56:31,516 INFO Mouse button=left down=False accepted=1
2026-09-18 04:56:31,783 INFO Mouse button=left down=True accepted=1
2026-09-18 04:56:31,892 INFO Mouse button=left down=False accepted=1
2026-09-18 04:56:32,699 INFO Mouse button=left down=True accepted=1
2026-09-18 04:56:32,809 INFO Mouse button=left down=False accepted=1
2026-09-18 04:56:33,074 INFO Mouse button=left down=True accepted=1
2026-09-18 04:56:33,184 INFO Mouse button=left down=False accepted=1
2026-09-18 04:56:33,186 INFO Tracking camera_fps=30.4 inference_fps=35.8 model_ms=31.0 age_ms=47.0 hands=1 pose=True mode=Serbest
2026-09-18 04:56:33,403 INFO Mouse button=left down=True accepted=1
2026-09-18 04:56:33,513 INFO Mouse button=left down=False accepted=1
2026-09-18 04:56:33,731 INFO Mouse button=left down=True accepted=1
2026-09-18 04:56:33,842 INFO Mouse button=left down=False accepted=1
2026-09-18 04:56:34,422 INFO Mouse button=left down=True accepted=1
2026-09-18 04:56:34,533 INFO Mouse button=left down=False accepted=1
2026-09-18 04:56:35,050 INFO Mouse button=left down=True accepted=1
2026-09-18 04:56:35,160 INFO Mouse button=left down=False accepted=1
2026-09-18 04:56:36,180 INFO SendInput scan=0x39 down=True accepted=1 error=0 target_pid=9084
2026-09-18 04:56:36,228 INFO Tracking camera_fps=33.6 inference_fps=37.4 model_ms=0.0 age_ms=15.0 hands=0 pose=True mode=Serbest
2026-09-18 04:56:36,258 INFO SendInput scan=0x39 down=False accepted=1 error=0 target_pid=9084
2026-09-18 04:56:39,237 INFO Tracking camera_fps=31.4 inference_fps=31.2 model_ms=16.0 age_ms=31.0 hands=0 pose=False mode=Gövde görünmüyor
2026-09-18 04:56:42,266 INFO Tracking camera_fps=31.9 inference_fps=32.1 model_ms=16.0 age_ms=31.0 hands=0 pose=False mode=Gövde görünmüyor
2026-09-18 04:56:45,286 INFO Tracking camera_fps=31.1 inference_fps=32.2 model_ms=16.0 age_ms=16.0 hands=0 pose=False mode=Gövde görünmüyor
2026-09-18 04:56:48,328 INFO Tracking camera_fps=32.9 inference_fps=50.4 model_ms=16.0 age_ms=32.0 hands=0 pose=False mode=Gövde görünmüyor
2026-09-18 04:56:51,357 INFO Tracking camera_fps=31.4 inference_fps=34.4 model_ms=16.0 age_ms=31.0 hands=0 pose=False mode=Gövde görünmüyor
2026-09-18 04:56:54,393 INFO Tracking camera_fps=30.9 inference_fps=31.0 model_ms=16.0 age_ms=31.0 hands=0 pose=False mode=Gövde görünmüyor
2026-09-18 04:56:57,416 INFO Tracking camera_fps=32.2 inference_fps=34.0 model_ms=15.0 age_ms=31.0 hands=0 pose=False mode=Gövde görünmüyor
2026-09-18 04:57:00,439 INFO Tracking camera_fps=32.9 inference_fps=34.4 model_ms=16.0 age_ms=16.0 hands=0 pose=False mode=Gövde görünmüyor
2026-09-18 04:57:03,480 INFO Tracking camera_fps=32.5 inference_fps=33.6 model_ms=16.0 age_ms=31.0 hands=0 pose=False mode=Gövde görünmüyor
2026-09-18 04:57:06,512 INFO Tracking camera_fps=32.1 inference_fps=30.2 model_ms=16.0 age_ms=31.0 hands=0 pose=False mode=Gövde görünmüyor
2026-09-18 04:57:09,538 INFO Tracking camera_fps=30.4 inference_fps=30.3 model_ms=0.0 age_ms=16.0 hands=0 pose=False mode=Gövde görünmüyor
2026-09-18 04:57:12,560 INFO Tracking camera_fps=30.4 inference_fps=31.8 model_ms=16.0 age_ms=16.0 hands=0 pose=False mode=Gövde görünmüyor
2026-09-18 04:57:15,585 INFO Tracking camera_fps=33.3 inference_fps=33.8 model_ms=0.0 age_ms=16.0 hands=0 pose=False mode=Gövde görünmüyor
2026-09-18 04:57:18,589 INFO Tracking camera_fps=34.1 inference_fps=33.8 model_ms=15.0 age_ms=15.0 hands=0 pose=False mode=Gövde görünmüyor
2026-09-18 04:57:21,628 INFO Tracking camera_fps=31.2 inference_fps=31.8 model_ms=15.0 age_ms=15.0 hands=0 pose=False mode=Gövde görünmüyor
2026-09-18 04:57:24,646 INFO Tracking camera_fps=31.0 inference_fps=31.2 model_ms=0.0 age_ms=16.0 hands=0 pose=False mode=Gövde görünmüyor
2026-09-18 04:57:27,689 INFO Tracking camera_fps=33.8 inference_fps=65.2 model_ms=16.0 age_ms=31.0 hands=0 pose=False mode=Gövde görünmüyor
2026-09-18 04:57:30,713 INFO Tracking camera_fps=30.9 inference_fps=36.7 model_ms=0.0 age_ms=16.0 hands=0 pose=False mode=Gövde görünmüyor
2026-09-18 04:57:33,714 INFO Tracking camera_fps=32.6 inference_fps=32.5 model_ms=15.0 age_ms=31.0 hands=0 pose=False mode=Gövde görünmüyor
2026-09-18 04:57:36,739 INFO Tracking camera_fps=32.0 inference_fps=34.7 model_ms=16.0 age_ms=16.0 hands=0 pose=False mode=Gövde görünmüyor
2026-09-18 04:57:39,772 INFO Tracking camera_fps=31.6 inference_fps=32.5 model_ms=16.0 age_ms=16.0 hands=0 pose=False mode=Gövde görünmüyor
2026-09-18 04:57:42,806 INFO Tracking camera_fps=31.7 inference_fps=32.5 model_ms=0.0 age_ms=15.0 hands=0 pose=False mode=Gövde görünmüyor
2026-09-18 04:57:45,827 INFO Tracking camera_fps=31.6 inference_fps=33.3 model_ms=16.0 age_ms=32.0 hands=0 pose=False mode=Gövde görünmüyor
2026-09-18 04:57:48,852 INFO Tracking camera_fps=35.7 inference_fps=35.4 model_ms=0.0 age_ms=15.0 hands=0 pose=False mode=Gövde görünmüyor
2026-09-18 04:57:51,862 INFO Tracking camera_fps=32.6 inference_fps=31.7 model_ms=16.0 age_ms=31.0 hands=0 pose=False mode=Gövde görünmüyor
2026-09-18 04:57:54,894 INFO Tracking camera_fps=32.6 inference_fps=31.8 model_ms=16.0 age_ms=31.0 hands=0 pose=False mode=Gövde görünmüyor
2026-09-18 04:57:57,910 INFO Tracking camera_fps=32.5 inference_fps=32.8 model_ms=0.0 age_ms=16.0 hands=0 pose=False mode=Gövde görünmüyor
2026-09-18 04:58:00,922 INFO Tracking camera_fps=31.1 inference_fps=30.6 model_ms=15.0 age_ms=31.0 hands=0 pose=False mode=Gövde görünmüyor
2026-09-18 04:58:03,956 INFO Tracking camera_fps=30.9 inference_fps=35.2 model_ms=16.0 age_ms=32.0 hands=0 pose=False mode=Gövde görünmüyor
2026-09-18 04:58:06,973 INFO Tracking camera_fps=30.7 inference_fps=40.7 model_ms=15.0 age_ms=15.0 hands=0 pose=False mode=Gövde görünmüyor
2026-09-18 04:58:10,006 INFO Tracking camera_fps=30.9 inference_fps=33.1 model_ms=15.0 age_ms=15.0 hands=0 pose=False mode=Gövde görünmüyor
2026-09-18 04:58:13,037 INFO Tracking camera_fps=31.8 inference_fps=32.8 model_ms=0.0 age_ms=16.0 hands=0 pose=False mode=Gövde görünmüyor
2026-09-18 04:58:16,050 INFO Tracking camera_fps=33.8 inference_fps=35.2 model_ms=15.0 age_ms=15.0 hands=0 pose=False mode=Gövde görünmüyor
2026-09-18 04:58:19,100 INFO Tracking camera_fps=30.3 inference_fps=30.3 model_ms=0.0 age_ms=15.0 hands=0 pose=False mode=Gövde görünmüyor
2026-09-18 04:58:22,132 INFO Tracking camera_fps=30.5 inference_fps=31.2 model_ms=0.0 age_ms=15.0 hands=0 pose=False mode=Gövde görünmüyor
2026-09-18 04:58:25,166 INFO Tracking camera_fps=31.1 inference_fps=31.3 model_ms=0.0 age_ms=16.0 hands=0 pose=False mode=Gövde görünmüyor
2026-09-18 04:58:28,176 INFO Tracking camera_fps=34.0 inference_fps=34.5 model_ms=15.0 age_ms=15.0 hands=0 pose=False mode=Gövde görünmüyor
2026-09-18 04:58:31,183 INFO Tracking camera_fps=31.6 inference_fps=32.5 model_ms=16.0 age_ms=31.0 hands=0 pose=False mode=Gövde görünmüyor
2026-09-18 04:58:34,220 INFO Tracking camera_fps=33.0 inference_fps=31.1 model_ms=15.0 age_ms=31.0 hands=0 pose=False mode=Gövde görünmüyor
2026-09-18 04:58:37,245 INFO Tracking camera_fps=33.2 inference_fps=101.4 model_ms=15.0 age_ms=31.0 hands=0 pose=False mode=Gövde görünmüyor
2026-09-18 04:58:40,269 INFO Tracking camera_fps=32.9 inference_fps=32.4 model_ms=16.0 age_ms=16.0 hands=0 pose=False mode=Gövde görünmüyor
2026-09-18 04:58:43,302 INFO Tracking camera_fps=31.6 inference_fps=34.1 model_ms=15.0 age_ms=15.0 hands=0 pose=False mode=Gövde görünmüyor
2026-09-18 04:58:46,343 INFO Tracking camera_fps=30.9 inference_fps=30.8 model_ms=15.0 age_ms=31.0 hands=0 pose=False mode=Gövde görünmüyor
2026-09-18 04:58:49,359 INFO Tracking camera_fps=32.9 inference_fps=42.6 model_ms=16.0 age_ms=16.0 hands=0 pose=False mode=Gövde görünmüyor
2026-09-18 04:58:52,397 INFO Tracking camera_fps=31.0 inference_fps=30.8 model_ms=0.0 age_ms=16.0 hands=0 pose=False mode=Gövde görünmüyor
2026-09-18 04:58:55,428 INFO Tracking camera_fps=33.5 inference_fps=31.1 model_ms=0.0 age_ms=15.0 hands=0 pose=False mode=Gövde görünmüyor
2026-09-18 04:58:58,453 INFO Tracking camera_fps=31.3 inference_fps=34.0 model_ms=16.0 age_ms=32.0 hands=0 pose=False mode=Gövde görünmüyor
2026-09-18 04:59:01,482 INFO Tracking camera_fps=31.5 inference_fps=48.8 model_ms=16.0 age_ms=16.0 hands=0 pose=False mode=Gövde görünmüyor
2026-09-18 04:59:04,517 INFO Tracking camera_fps=31.7 inference_fps=33.2 model_ms=16.0 age_ms=31.0 hands=0 pose=False mode=Gövde görünmüyor
2026-09-18 04:59:07,542 INFO Tracking camera_fps=34.1 inference_fps=110.4 model_ms=15.0 age_ms=31.0 hands=0 pose=False mode=Gövde görünmüyor
2026-09-18 04:59:10,571 INFO Tracking camera_fps=32.1 inference_fps=32.1 model_ms=0.0 age_ms=16.0 hands=0 pose=False mode=Gövde görünmüyor
2026-09-18 04:59:13,574 INFO Tracking camera_fps=30.3 inference_fps=31.7 model_ms=16.0 age_ms=16.0 hands=0 pose=False mode=Gövde görünmüyor
2026-09-18 04:59:16,589 INFO Tracking camera_fps=33.8 inference_fps=35.0 model_ms=15.0 age_ms=31.0 hands=0 pose=False mode=Gövde görünmüyor
2026-09-18 04:59:19,635 INFO Tracking camera_fps=33.0 inference_fps=32.6 model_ms=16.0 age_ms=31.0 hands=0 pose=False mode=Gövde görünmüyor
2026-09-18 04:59:22,667 INFO Tracking camera_fps=31.2 inference_fps=34.2 model_ms=15.0 age_ms=31.0 hands=0 pose=False mode=Gövde görünmüyor
2026-09-18 04:59:25,692 INFO Tracking camera_fps=30.9 inference_fps=32.4 model_ms=16.0 age_ms=16.0 hands=0 pose=False mode=Gövde görünmüyor
2026-09-18 04:59:28,727 INFO Tracking camera_fps=32.9 inference_fps=31.3 model_ms=0.0 age_ms=15.0 hands=0 pose=False mode=Gövde görünmüyor
2026-09-18 04:59:31,729 INFO Tracking camera_fps=30.4 inference_fps=31.2 model_ms=16.0 age_ms=31.0 hands=0 pose=False mode=Gövde görünmüyor
2026-09-18 04:59:34,746 INFO Tracking camera_fps=32.8 inference_fps=31.6 model_ms=15.0 age_ms=31.0 hands=0 pose=False mode=Gövde görünmüyor
2026-09-18 04:59:37,784 INFO Tracking camera_fps=31.4 inference_fps=32.2 model_ms=16.0 age_ms=32.0 hands=0 pose=False mode=Gövde görünmüyor
2026-09-18 04:59:40,805 INFO Tracking camera_fps=31.9 inference_fps=32.2 model_ms=0.0 age_ms=15.0 hands=0 pose=False mode=Gövde görünmüyor
2026-09-18 04:59:44,167 INFO Tracking camera_fps=438.8 inference_fps=49.5 model_ms=15.0 age_ms=31.0 hands=0 pose=False mode=Gövde görünmüyor
2026-09-18 04:59:47,208 INFO Tracking camera_fps=33.1 inference_fps=37.5 model_ms=0.0 age_ms=32.0 hands=0 pose=False mode=Gövde görünmüyor
2026-09-18 04:59:50,227 INFO Tracking camera_fps=31.2 inference_fps=31.3 model_ms=0.0 age_ms=15.0 hands=0 pose=False mode=Gövde görünmüyor
2026-09-18 05:21:50,505 INFO WebMotion starting integrity={'rid': 12288, 'name': 'High', 'error': 0}
2026-09-18 05:22:05,182 INFO Tracking camera_fps=187.0 inference_fps=0.6 model_ms=16.0 age_ms=31.0 hands=0 pose=False mode=Gövde görünmüyor
2026-09-18 05:22:08,210 INFO Tracking camera_fps=30.7 inference_fps=30.6 model_ms=0.0 age_ms=16.0 hands=0 pose=False mode=Gövde görünmüyor
2026-09-18 05:22:11,226 INFO Tracking camera_fps=33.8 inference_fps=33.6 model_ms=0.0 age_ms=15.0 hands=0 pose=False mode=Gövde görünmüyor
2026-09-18 05:22:14,258 INFO Tracking camera_fps=31.2 inference_fps=32.3 model_ms=0.0 age_ms=15.0 hands=0 pose=False mode=Gövde görünmüyor
2026-09-18 05:22:17,260 INFO Tracking camera_fps=32.3 inference_fps=34.5 model_ms=0.0 age_ms=31.0 hands=0 pose=False mode=Gövde görünmüyor
2026-09-18 05:22:20,294 INFO Tracking camera_fps=33.6 inference_fps=49.8 model_ms=31.0 age_ms=31.0 hands=1 pose=False mode=Gövde görünmüyor
2026-09-18 05:22:23,322 INFO Tracking camera_fps=32.0 inference_fps=71.3 model_ms=0.0 age_ms=16.0 hands=0 pose=True mode=Serbest
2026-09-18 05:22:26,327 INFO Tracking camera_fps=33.4 inference_fps=31.4 model_ms=16.0 age_ms=32.0 hands=0 pose=True mode=Eğilme
2026-09-18 05:22:29,355 INFO Tracking camera_fps=32.8 inference_fps=32.7 model_ms=16.0 age_ms=31.0 hands=0 pose=True mode=Eğilme
2026-09-18 05:22:32,372 INFO Tracking camera_fps=32.7 inference_fps=34.6 model_ms=15.0 age_ms=15.0 hands=0 pose=True mode=Eğilme
2026-09-18 05:22:35,416 INFO Tracking camera_fps=32.1 inference_fps=37.3 model_ms=16.0 age_ms=32.0 hands=1 pose=True mode=Serbest
2026-09-18 05:22:38,434 INFO Tracking camera_fps=32.5 inference_fps=33.2 model_ms=16.0 age_ms=31.0 hands=1 pose=True mode=Serbest
2026-09-18 05:22:41,473 INFO Tracking camera_fps=32.0 inference_fps=34.0 model_ms=15.0 age_ms=15.0 hands=2 pose=True mode=Serbest
2026-09-18 05:22:44,497 INFO Tracking camera_fps=34.8 inference_fps=31.6 model_ms=15.0 age_ms=31.0 hands=1 pose=True mode=Serbest
2026-09-18 05:22:47,533 INFO Tracking camera_fps=31.5 inference_fps=31.5 model_ms=16.0 age_ms=32.0 hands=1 pose=True mode=Serbest
2026-09-18 05:22:50,568 INFO Tracking camera_fps=32.9 inference_fps=32.5 model_ms=16.0 age_ms=31.0 hands=2 pose=True mode=Serbest
2026-09-18 05:22:53,600 INFO Tracking camera_fps=33.1 inference_fps=34.0 model_ms=15.0 age_ms=31.0 hands=1 pose=True mode=Serbest
2026-09-18 05:22:56,615 INFO Tracking camera_fps=31.7 inference_fps=34.5 model_ms=16.0 age_ms=16.0 hands=2 pose=True mode=Serbest
2026-09-18 05:22:59,659 INFO Tracking camera_fps=32.4 inference_fps=33.0 model_ms=16.0 age_ms=32.0 hands=2 pose=True mode=Serbest
2026-09-18 05:23:02,684 INFO Tracking camera_fps=31.0 inference_fps=32.5 model_ms=16.0 age_ms=31.0 hands=2 pose=True mode=Swing
2026-09-18 05:23:05,720 INFO Tracking camera_fps=33.0 inference_fps=34.0 model_ms=15.0 age_ms=31.0 hands=2 pose=True mode=Swing
2026-09-18 05:23:08,748 INFO Tracking camera_fps=32.3 inference_fps=33.1 model_ms=15.0 age_ms=31.0 hands=0 pose=True mode=Serbest
2026-09-18 05:23:11,774 INFO Tracking camera_fps=30.6 inference_fps=33.5 model_ms=16.0 age_ms=16.0 hands=1 pose=True mode=Serbest
2026-09-18 05:23:14,801 INFO Tracking camera_fps=30.3 inference_fps=31.4 model_ms=15.0 age_ms=15.0 hands=2 pose=True mode=Serbest
2026-09-18 05:23:17,824 INFO Tracking camera_fps=34.1 inference_fps=33.6 model_ms=16.0 age_ms=32.0 hands=0 pose=True mode=Serbest
2026-09-18 05:23:20,871 INFO Tracking camera_fps=30.2 inference_fps=33.3 model_ms=15.0 age_ms=31.0 hands=2 pose=True mode=Serbest
2026-09-18 05:23:23,910 INFO Tracking camera_fps=33.3 inference_fps=33.8 model_ms=16.0 age_ms=32.0 hands=1 pose=True mode=Serbest
2026-09-18 05:23:26,920 INFO Tracking camera_fps=50.7 inference_fps=32.6 model_ms=15.0 age_ms=31.0 hands=1 pose=True mode=Serbest
2026-09-18 05:23:29,966 INFO Tracking camera_fps=33.0 inference_fps=35.3 model_ms=31.0 age_ms=47.0 hands=1 pose=True mode=Serbest
2026-09-18 05:23:32,997 INFO Tracking camera_fps=31.1 inference_fps=32.7 model_ms=31.0 age_ms=46.0 hands=1 pose=True mode=Serbest
2026-09-18 05:23:36,030 INFO Tracking camera_fps=33.3 inference_fps=32.3 model_ms=16.0 age_ms=32.0 hands=2 pose=True mode=Serbest
2026-09-18 05:23:39,061 INFO Tracking camera_fps=31.4 inference_fps=33.2 model_ms=16.0 age_ms=47.0 hands=1 pose=True mode=Eğilme
2026-09-18 05:23:39,739 INFO Mouse button=left down=True accepted=1
2026-09-18 05:23:39,843 INFO Mouse button=left down=False accepted=1
2026-09-18 05:23:40,549 INFO Mouse button=left down=True accepted=1
2026-09-18 05:23:40,660 INFO Mouse button=left down=False accepted=1
2026-09-18 05:23:40,956 INFO Mouse button=left down=True accepted=1
2026-09-18 05:23:41,066 INFO Mouse button=left down=False accepted=1
2026-09-18 05:23:41,287 INFO Mouse button=left down=True accepted=1
2026-09-18 05:23:41,396 INFO Mouse button=left down=False accepted=1
2026-09-18 05:23:41,632 INFO Mouse button=left down=True accepted=1
2026-09-18 05:23:41,742 INFO Mouse button=left down=False accepted=1
2026-09-18 05:23:42,114 INFO Tracking camera_fps=31.5 inference_fps=35.2 model_ms=16.0 age_ms=31.0 hands=1 pose=True mode=Eğilme
2026-09-18 05:23:42,561 INFO Mouse button=left down=True accepted=1
2026-09-18 05:23:42,671 INFO Mouse button=left down=False accepted=1
2026-09-18 05:23:43,521 INFO Mouse button=left down=True accepted=1
2026-09-18 05:23:43,632 INFO Mouse button=left down=False accepted=1
2026-09-18 05:23:44,421 INFO Mouse button=left down=True accepted=1
2026-09-18 05:23:44,531 INFO Mouse button=left down=False accepted=1
2026-09-18 05:23:44,987 INFO Mouse button=left down=True accepted=1
2026-09-18 05:23:45,097 INFO Mouse button=left down=False accepted=1
2026-09-18 05:23:45,133 INFO Tracking camera_fps=31.8 inference_fps=36.8 model_ms=15.0 age_ms=15.0 hands=2 pose=True mode=Eğilme
2026-09-18 05:23:45,915 INFO Mouse button=left down=True accepted=1
2026-09-18 05:23:46,012 INFO Mouse button=left down=False accepted=1
2026-09-18 05:23:46,219 INFO Mouse button=right down=True accepted=1
2026-09-18 05:23:48,161 INFO Tracking camera_fps=31.7 inference_fps=30.9 model_ms=32.0 age_ms=47.0 hands=1 pose=True mode=Nişan
2026-09-18 05:23:48,888 INFO Mouse button=right down=False accepted=1
2026-09-18 05:23:49,818 INFO SendInput scan=0x39 down=True accepted=1 error=0 target_pid=9084
2026-09-18 05:23:49,849 INFO SendInput scan=0x39 down=False accepted=1 error=0 target_pid=9084
2026-09-18 05:23:50,842 INFO Mouse button=left down=True accepted=1
2026-09-18 05:23:50,950 INFO Mouse button=left down=False accepted=1
2026-09-18 05:23:51,183 INFO Tracking camera_fps=32.0 inference_fps=31.2 model_ms=31.0 age_ms=47.0 hands=1 pose=True mode=Eğilme
2026-09-18 05:23:51,186 INFO Mouse button=left down=True accepted=1
2026-09-18 05:23:51,296 INFO Mouse button=left down=False accepted=1
2026-09-18 05:23:52,147 INFO Mouse button=left down=True accepted=1
2026-09-18 05:23:52,258 INFO Mouse button=left down=False accepted=1
2026-09-18 05:23:53,611 INFO Mouse button=right down=True accepted=1
2026-09-18 05:23:54,200 INFO Tracking camera_fps=32.8 inference_fps=33.2 model_ms=32.0 age_ms=32.0 hands=2 pose=True mode=Nişan
2026-09-18 05:23:55,343 INFO Mouse button=right down=False accepted=1
2026-09-18 05:23:57,237 INFO Tracking camera_fps=32.8 inference_fps=35.3 model_ms=31.0 age_ms=31.0 hands=2 pose=True mode=Eğilme
2026-09-18 05:24:00,245 INFO Tracking camera_fps=32.6 inference_fps=33.8 model_ms=31.0 age_ms=46.0 hands=0 pose=True mode=Eğilme
2026-09-18 05:24:03,276 INFO Tracking camera_fps=32.6 inference_fps=29.6 model_ms=16.0 age_ms=47.0 hands=2 pose=True mode=Serbest
2026-09-18 05:24:05,610 INFO Mouse button=left down=True accepted=1
2026-09-18 05:24:05,720 INFO Mouse button=left down=False accepted=1
2026-09-18 05:24:06,330 INFO Tracking camera_fps=32.4 inference_fps=34.1 model_ms=16.0 age_ms=32.0 hands=1 pose=True mode=Serbest
2026-09-18 05:24:09,355 INFO Tracking camera_fps=31.6 inference_fps=35.4 model_ms=31.0 age_ms=31.0 hands=1 pose=True mode=Serbest
2026-09-18 05:24:09,505 INFO SendInput scan=0x39 down=True accepted=1 error=0 target_pid=9084
2026-09-18 05:24:09,586 INFO SendInput scan=0x39 down=False accepted=1 error=0 target_pid=9084
2026-09-18 05:24:12,380 INFO Tracking camera_fps=31.3 inference_fps=34.0 model_ms=15.0 age_ms=31.0 hands=1 pose=True mode=Serbest
2026-09-18 05:24:15,419 INFO Tracking camera_fps=31.3 inference_fps=37.3 model_ms=31.0 age_ms=31.0 hands=1 pose=True mode=Serbest
2026-09-18 05:24:16,307 INFO SendInput scan=0x39 down=True accepted=1 error=0 target_pid=9084
2026-09-18 05:24:16,354 INFO SendInput scan=0x39 down=False accepted=1 error=0 target_pid=9084
2026-09-18 05:24:18,439 INFO Tracking camera_fps=33.7 inference_fps=36.1 model_ms=16.0 age_ms=31.0 hands=0 pose=True mode=Serbest
2026-09-18 05:24:18,618 INFO SendInput scan=0x39 down=True accepted=1 error=0 target_pid=9084
2026-09-18 05:24:18,729 INFO SendInput scan=0x39 down=False accepted=1 error=0 target_pid=9084
2026-09-18 05:24:18,791 INFO SendInput scan=0x2A down=True accepted=1 error=0 target_pid=9084
2026-09-18 05:24:18,900 INFO SendInput scan=0x2A down=False accepted=1 error=0 target_pid=9084
2026-09-18 05:24:19,091 INFO SendInput scan=0x39 down=True accepted=1 error=0 target_pid=9084
2026-09-18 05:24:19,201 INFO SendInput scan=0x39 down=False accepted=1 error=0 target_pid=9084
2026-09-18 05:24:19,264 INFO SendInput scan=0x2A down=True accepted=1 error=0 target_pid=9084
2026-09-18 05:24:19,592 INFO SendInput scan=0x2A down=False accepted=1 error=0 target_pid=9084
2026-09-18 05:24:21,470 INFO Tracking camera_fps=33.3 inference_fps=35.2 model_ms=15.0 age_ms=31.0 hands=2 pose=True mode=Serbest
2026-09-18 05:24:22,051 INFO Mouse button=right down=True accepted=1
2026-09-18 05:24:24,500 INFO Tracking camera_fps=33.8 inference_fps=31.7 model_ms=15.0 age_ms=31.0 hands=2 pose=True mode=Nişan
2026-09-18 05:24:25,906 INFO Mouse button=right down=False accepted=1
2026-09-18 05:24:26,474 INFO Mouse button=left down=True accepted=1
2026-09-18 05:24:26,583 INFO Mouse button=left down=False accepted=1
2026-09-18 05:24:27,340 INFO Mouse button=right down=True accepted=1
2026-09-18 05:24:27,532 INFO Tracking camera_fps=33.2 inference_fps=34.2 model_ms=16.0 age_ms=32.0 hands=2 pose=True mode=Nişan
2026-09-18 05:24:28,158 INFO Mouse button=right down=False accepted=1
2026-09-18 05:24:29,075 INFO SendInput scan=0x39 down=True accepted=1 error=0 target_pid=9084
2026-09-18 05:24:29,105 INFO SendInput scan=0x39 down=False accepted=1 error=0 target_pid=9084
2026-09-18 05:24:30,111 INFO SendInput scan=0x39 down=True accepted=1 error=0 target_pid=9084
2026-09-18 05:24:30,221 INFO SendInput scan=0x39 down=False accepted=1 error=0 target_pid=9084
2026-09-18 05:24:30,285 INFO SendInput scan=0x2A down=True accepted=1 error=0 target_pid=9084
2026-09-18 05:24:30,573 INFO Tracking camera_fps=31.1 inference_fps=32.8 model_ms=32.0 age_ms=47.0 hands=2 pose=True mode=Swing
2026-09-18 05:24:31,277 INFO SendInput scan=0x2A down=False accepted=1 error=0 target_pid=9084
2026-09-18 05:24:31,401 INFO SendInput scan=0x39 down=True accepted=1 error=0 target_pid=9084
2026-09-18 05:24:31,447 INFO SendInput scan=0x39 down=False accepted=1 error=0 target_pid=9084
2026-09-18 05:24:32,373 INFO SendInput scan=0x39 down=True accepted=1 error=0 target_pid=9084
2026-09-18 05:24:32,483 INFO SendInput scan=0x39 down=False accepted=1 error=0 target_pid=9084
2026-09-18 05:24:32,546 INFO SendInput scan=0x2A down=True accepted=1 error=0 target_pid=9084
2026-09-18 05:24:33,585 INFO SendInput scan=0x2A down=False accepted=1 error=0 target_pid=9084
2026-09-18 05:24:33,634 INFO Tracking camera_fps=31.2 inference_fps=37.4 model_ms=15.0 age_ms=31.0 hands=1 pose=True mode=Eğilme
2026-09-18 05:24:34,091 INFO Mouse button=left down=True accepted=1
2026-09-18 05:24:34,201 INFO Mouse button=left down=False accepted=1
2026-09-18 05:24:35,009 INFO Mouse button=left down=True accepted=1
2026-09-18 05:24:35,119 INFO Mouse button=left down=False accepted=1
2026-09-18 05:24:36,669 INFO Tracking camera_fps=32.2 inference_fps=33.1 model_ms=15.0 age_ms=47.0 hands=2 pose=True mode=Eğilme
2026-09-18 05:24:39,168 INFO SendInput scan=0x1D down=True accepted=1 error=0 target_pid=9084
2026-09-18 05:24:39,277 INFO SendInput scan=0x1D down=False accepted=1 error=0 target_pid=9084
2026-09-18 05:24:39,682 INFO Tracking camera_fps=34.2 inference_fps=35.4 model_ms=31.0 age_ms=31.0 hands=2 pose=True mode=Serbest
2026-09-18 05:24:42,714 INFO Tracking camera_fps=34.4 inference_fps=33.9 model_ms=31.0 age_ms=31.0 hands=1 pose=True mode=Serbest
2026-09-18 05:24:45,742 INFO Tracking camera_fps=32.5 inference_fps=35.6 model_ms=16.0 age_ms=16.0 hands=1 pose=True mode=Serbest
2026-09-18 05:24:45,796 INFO Mouse button=left down=True accepted=1
2026-09-18 05:24:45,907 INFO Mouse button=left down=False accepted=1
2026-09-18 05:24:48,773 INFO Tracking camera_fps=30.8 inference_fps=32.8 model_ms=16.0 age_ms=16.0 hands=1 pose=True mode=Serbest
2026-09-18 05:24:51,780 INFO Tracking camera_fps=32.2 inference_fps=33.1 model_ms=16.0 age_ms=32.0 hands=1 pose=True mode=Serbest
2026-09-18 05:24:54,804 INFO Tracking camera_fps=30.7 inference_fps=32.5 model_ms=15.0 age_ms=15.0 hands=1 pose=True mode=Serbest
2026-09-18 05:24:57,826 INFO Tracking camera_fps=32.4 inference_fps=32.3 model_ms=16.0 age_ms=32.0 hands=2 pose=True mode=Serbest
2026-09-18 05:25:00,868 INFO Tracking camera_fps=33.2 inference_fps=33.7 model_ms=16.0 age_ms=31.0 hands=2 pose=True mode=Serbest
2026-09-18 05:25:03,898 INFO Tracking camera_fps=32.0 inference_fps=32.7 model_ms=16.0 age_ms=16.0 hands=2 pose=True mode=Serbest
2026-09-18 05:25:06,924 INFO Tracking camera_fps=33.8 inference_fps=33.3 model_ms=15.0 age_ms=15.0 hands=1 pose=True mode=Serbest
2026-09-18 05:25:09,948 INFO Tracking camera_fps=33.6 inference_fps=34.5 model_ms=16.0 age_ms=32.0 hands=1 pose=True mode=Serbest
2026-09-18 05:25:12,987 INFO Tracking camera_fps=36.0 inference_fps=33.8 model_ms=16.0 age_ms=31.0 hands=2 pose=True mode=Serbest
2026-09-18 05:25:16,020 INFO Tracking camera_fps=34.3 inference_fps=33.0 model_ms=16.0 age_ms=31.0 hands=2 pose=True mode=Swing
2026-09-18 05:25:19,051 INFO Tracking camera_fps=35.0 inference_fps=36.2 model_ms=15.0 age_ms=31.0 hands=2 pose=True mode=Serbest
2026-09-18 05:25:22,083 INFO Tracking camera_fps=34.9 inference_fps=33.4 model_ms=16.0 age_ms=32.0 hands=2 pose=True mode=Nişan
2026-09-18 05:25:25,109 INFO Tracking camera_fps=36.8 inference_fps=33.7 model_ms=16.0 age_ms=31.0 hands=1 pose=True mode=Serbest
2026-09-18 05:25:28,143 INFO Tracking camera_fps=31.1 inference_fps=33.9 model_ms=16.0 age_ms=31.0 hands=1 pose=True mode=Serbest
2026-09-18 05:25:31,153 INFO Tracking camera_fps=36.3 inference_fps=35.5 model_ms=16.0 age_ms=32.0 hands=1 pose=True mode=Nişan
2026-09-18 05:25:34,189 INFO Tracking camera_fps=30.7 inference_fps=34.8 model_ms=16.0 age_ms=16.0 hands=1 pose=True mode=Serbest
2026-09-18 05:25:37,222 INFO Tracking camera_fps=99.3 inference_fps=33.1 model_ms=15.0 age_ms=15.0 hands=1 pose=True mode=Serbest
2026-09-18 05:25:40,233 INFO Tracking camera_fps=30.3 inference_fps=33.8 model_ms=31.0 age_ms=31.0 hands=1 pose=True mode=Serbest
2026-09-18 05:25:43,249 INFO Tracking camera_fps=31.6 inference_fps=36.8 model_ms=15.0 age_ms=31.0 hands=1 pose=True mode=Serbest
2026-09-18 05:25:46,287 INFO Tracking camera_fps=32.3 inference_fps=35.9 model_ms=16.0 age_ms=32.0 hands=0 pose=True mode=Serbest
2026-09-18 05:25:49,316 INFO Tracking camera_fps=30.9 inference_fps=32.1 model_ms=16.0 age_ms=16.0 hands=1 pose=True mode=Nişan
2026-09-18 05:25:52,342 INFO Tracking camera_fps=31.6 inference_fps=33.4 model_ms=15.0 age_ms=31.0 hands=2 pose=True mode=Nişan
2026-09-18 05:25:55,377 INFO Tracking camera_fps=31.2 inference_fps=31.4 model_ms=15.0 age_ms=31.0 hands=1 pose=True mode=Nişan
2026-09-18 05:25:58,399 INFO Tracking camera_fps=34.4 inference_fps=34.8 model_ms=0.0 age_ms=16.0 hands=2 pose=True mode=Nişan
2026-09-18 05:26:01,429 INFO Tracking camera_fps=32.4 inference_fps=33.4 model_ms=15.0 age_ms=15.0 hands=2 pose=True mode=Nişan
2026-09-18 05:26:04,433 INFO Tracking camera_fps=35.0 inference_fps=32.2 model_ms=16.0 age_ms=31.0 hands=2 pose=True mode=Nişan
2026-09-18 05:26:07,468 INFO Tracking camera_fps=34.1 inference_fps=35.6 model_ms=31.0 age_ms=47.0 hands=1 pose=True mode=Serbest
2026-09-18 05:26:10,485 INFO Tracking camera_fps=30.6 inference_fps=34.6 model_ms=16.0 age_ms=16.0 hands=1 pose=True mode=Nişan
2026-09-18 05:26:13,515 INFO Tracking camera_fps=31.3 inference_fps=33.0 model_ms=16.0 age_ms=16.0 hands=2 pose=True mode=Swing
2026-09-18 05:26:16,557 INFO Tracking camera_fps=32.2 inference_fps=31.7 model_ms=15.0 age_ms=31.0 hands=1 pose=True mode=Serbest
2026-09-18 05:26:19,587 INFO Tracking camera_fps=31.9 inference_fps=38.3 model_ms=16.0 age_ms=16.0 hands=1 pose=True mode=Serbest
2026-09-18 05:26:22,590 INFO Tracking camera_fps=33.7 inference_fps=35.2 model_ms=31.0 age_ms=47.0 hands=1 pose=True mode=Serbest
2026-09-18 05:26:25,609 INFO Tracking camera_fps=34.2 inference_fps=33.0 model_ms=16.0 age_ms=31.0 hands=1 pose=True mode=Serbest
2026-09-18 05:26:28,648 INFO Tracking camera_fps=31.2 inference_fps=32.0 model_ms=16.0 age_ms=31.0 hands=1 pose=True mode=Serbest
2026-09-18 05:26:31,542 INFO Mouse button=right down=True accepted=1
2026-09-18 05:26:31,673 INFO Tracking camera_fps=31.5 inference_fps=33.9 model_ms=15.0 age_ms=31.0 hands=1 pose=True mode=Nişan
2026-09-18 05:26:33,491 INFO Mouse button=right down=False accepted=1
2026-09-18 05:26:34,058 INFO Mouse button=right down=True accepted=1
2026-09-18 05:26:34,709 INFO Tracking camera_fps=31.4 inference_fps=32.7 model_ms=16.0 age_ms=32.0 hands=2 pose=True mode=Nişan
2026-09-18 05:26:35,414 INFO Mouse button=right down=False accepted=1
2026-09-18 05:26:36,608 INFO Mouse button=left down=True accepted=1
2026-09-18 05:26:36,720 INFO Mouse button=left down=False accepted=1
2026-09-18 05:26:37,286 INFO Mouse button=left down=True accepted=1
2026-09-18 05:26:37,395 INFO Mouse button=left down=False accepted=1
2026-09-18 05:26:37,729 INFO Tracking camera_fps=33.6 inference_fps=34.8 model_ms=15.0 age_ms=31.0 hands=2 pose=True mode=Serbest
2026-09-18 05:26:39,849 INFO Mouse button=left down=True accepted=1
2026-09-18 05:26:39,960 INFO Mouse button=left down=False accepted=1
2026-09-18 05:26:40,698 INFO SendInput scan=0x39 down=True accepted=1 error=0 target_pid=9084
2026-09-18 05:26:40,762 INFO Tracking camera_fps=31.1 inference_fps=35.7 model_ms=31.0 age_ms=31.0 hands=1 pose=True mode=Swing
2026-09-18 05:26:40,808 INFO SendInput scan=0x39 down=False accepted=1 error=0 target_pid=9084
2026-09-18 05:26:40,870 INFO SendInput scan=0x2A down=True accepted=1 error=0 target_pid=9084
2026-09-18 05:26:41,797 INFO SendInput scan=0x2A down=False accepted=1 error=0 target_pid=9084
2026-09-18 05:26:43,437 INFO SendInput scan=0x39 down=True accepted=1 error=0 target_pid=9084
2026-09-18 05:26:43,467 INFO SendInput scan=0x39 down=False accepted=1 error=0 target_pid=9084
2026-09-18 05:26:43,671 INFO SendInput scan=0x39 down=True accepted=1 error=0 target_pid=9084
2026-09-18 05:26:43,782 INFO SendInput scan=0x39 down=False accepted=1 error=0 target_pid=9084
2026-09-18 05:26:43,790 INFO Tracking camera_fps=33.2 inference_fps=36.1 model_ms=16.0 age_ms=16.0 hands=1 pose=True mode=Swing
2026-09-18 05:26:46,792 INFO Tracking camera_fps=30.8 inference_fps=30.4 model_ms=31.0 age_ms=31.0 hands=1 pose=True mode=Serbest
2026-09-18 05:26:47,036 INFO SendInput scan=0x39 down=True accepted=1 error=0 target_pid=9084
2026-09-18 05:26:47,131 INFO SendInput scan=0x39 down=False accepted=1 error=0 target_pid=9084
2026-09-18 05:26:47,241 INFO SendInput scan=0x39 down=True accepted=1 error=0 target_pid=9084
2026-09-18 05:26:47,273 INFO SendInput scan=0x39 down=False accepted=1 error=0 target_pid=9084
2026-09-18 05:26:47,429 INFO SendInput scan=0x39 down=True accepted=1 error=0 target_pid=9084
2026-09-18 05:26:47,538 INFO SendInput scan=0x39 down=False accepted=1 error=0 target_pid=9084
2026-09-18 05:26:47,602 INFO SendInput scan=0x2A down=True accepted=1 error=0 target_pid=9084
2026-09-18 05:26:48,501 INFO SendInput scan=0x2A down=False accepted=1 error=0 target_pid=9084
2026-09-18 05:26:49,826 INFO Tracking camera_fps=31.0 inference_fps=33.6 model_ms=16.0 age_ms=32.0 hands=0 pose=True mode=Serbest
2026-09-18 05:26:51,190 INFO SendInput scan=0x39 down=True accepted=1 error=0 target_pid=9084
2026-09-18 05:26:51,300 INFO SendInput scan=0x39 down=False accepted=1 error=0 target_pid=9084
2026-09-18 05:26:51,363 INFO SendInput scan=0x2A down=True accepted=1 error=0 target_pid=9084
2026-09-18 05:26:51,394 INFO SendInput scan=0x2A down=False accepted=1 error=0 target_pid=9084
2026-09-18 05:26:51,519 INFO SendInput scan=0x39 down=True accepted=1 error=0 target_pid=9084
2026-09-18 05:26:51,598 INFO SendInput scan=0x39 down=False accepted=1 error=0 target_pid=9084
2026-09-18 05:26:52,056 INFO Mouse button=left down=True accepted=1
2026-09-18 05:26:52,165 INFO Mouse button=left down=False accepted=1
2026-09-18 05:26:52,860 INFO Tracking camera_fps=32.9 inference_fps=34.4 model_ms=16.0 age_ms=31.0 hands=0 pose=True mode=Serbest
2026-09-18 05:26:53,770 INFO SendInput scan=0x39 down=True accepted=1 error=0 target_pid=9084
2026-09-18 05:26:53,848 INFO SendInput scan=0x39 down=False accepted=1 error=0 target_pid=9084
2026-09-18 05:26:55,880 INFO Tracking camera_fps=31.5 inference_fps=32.1 model_ms=0.0 age_ms=15.0 hands=0 pose=False mode=Gövde görünmüyor
2026-09-18 05:26:58,908 INFO Tracking camera_fps=31.3 inference_fps=32.6 model_ms=16.0 age_ms=32.0 hands=0 pose=False mode=Gövde görünmüyor
2026-09-18 05:27:01,930 INFO Tracking camera_fps=32.5 inference_fps=32.6 model_ms=0.0 age_ms=15.0 hands=0 pose=False mode=Gövde görünmüyor
2026-09-18 05:48:23,814 INFO WebMotion starting integrity={'rid': 12288, 'name': 'High', 'error': 0}
2026-09-18 05:48:44,788 INFO Tracking camera_fps=110.7 inference_fps=1.3 model_ms=16.0 age_ms=16.0 hands=0 pose=False mode=El kontrolü · zıplama için gövde gerekli
2026-09-18 05:48:47,793 INFO Tracking camera_fps=31.8 inference_fps=71.3 model_ms=15.0 age_ms=15.0 hands=0 pose=False mode=El kontrolü · zıplama için gövde gerekli
2026-09-18 05:48:50,842 INFO Tracking camera_fps=30.2 inference_fps=31.5 model_ms=15.0 age_ms=31.0 hands=2 pose=True mode=Serbest
2026-09-18 05:48:53,857 INFO Tracking camera_fps=31.6 inference_fps=32.3 model_ms=16.0 age_ms=31.0 hands=0 pose=True mode=Eğilme
2026-09-18 05:48:56,885 INFO Tracking camera_fps=35.6 inference_fps=45.4 model_ms=0.0 age_ms=15.0 hands=0 pose=False mode=El kontrolü · zıplama için gövde gerekli
2026-09-18 05:48:59,913 INFO Tracking camera_fps=32.4 inference_fps=37.7 model_ms=0.0 age_ms=16.0 hands=0 pose=False mode=El kontrolü · zıplama için gövde gerekli
2026-09-18 05:49:02,960 INFO Tracking camera_fps=30.2 inference_fps=31.1 model_ms=0.0 age_ms=16.0 hands=0 pose=False mode=El kontrolü · zıplama için gövde gerekli
2026-09-18 05:49:05,991 INFO Tracking camera_fps=30.2 inference_fps=33.1 model_ms=0.0 age_ms=16.0 hands=0 pose=False mode=El kontrolü · zıplama için gövde gerekli
2026-09-18 05:49:09,014 INFO Tracking camera_fps=31.4 inference_fps=74.7 model_ms=16.0 age_ms=16.0 hands=0 pose=False mode=El kontrolü · zıplama için gövde gerekli
2026-09-18 05:49:12,054 INFO Tracking camera_fps=34.0 inference_fps=30.5 model_ms=0.0 age_ms=15.0 hands=0 pose=False mode=El kontrolü · zıplama için gövde gerekli
2026-09-18 05:49:15,057 INFO Tracking camera_fps=128.2 inference_fps=31.9 model_ms=16.0 age_ms=31.0 hands=0 pose=False mode=El kontrolü · zıplama için gövde gerekli
2026-09-18 05:49:18,112 INFO Tracking camera_fps=31.6 inference_fps=37.5 model_ms=16.0 age_ms=31.0 hands=0 pose=False mode=El kontrolü · zıplama için gövde gerekli
2026-09-18 05:49:21,133 INFO Tracking camera_fps=32.2 inference_fps=34.4 model_ms=0.0 age_ms=15.0 hands=0 pose=False mode=El kontrolü · zıplama için gövde gerekli
2026-09-18 05:49:24,166 INFO Tracking camera_fps=33.4 inference_fps=35.3 model_ms=0.0 age_ms=16.0 hands=0 pose=False mode=El kontrolü · zıplama için gövde gerekli
2026-09-18 05:49:27,193 INFO Tracking camera_fps=34.1 inference_fps=32.6 model_ms=0.0 age_ms=16.0 hands=0 pose=False mode=El kontrolü · zıplama için gövde gerekli
2026-09-18 05:49:30,222 INFO Tracking camera_fps=32.6 inference_fps=34.3 model_ms=15.0 age_ms=15.0 hands=0 pose=False mode=El kontrolü · zıplama için gövde gerekli
2026-09-18 05:49:33,234 INFO Tracking camera_fps=30.4 inference_fps=31.1 model_ms=16.0 age_ms=31.0 hands=0 pose=False mode=El kontrolü · zıplama için gövde gerekli
2026-09-18 05:49:36,259 INFO Tracking camera_fps=33.7 inference_fps=32.9 model_ms=0.0 age_ms=15.0 hands=0 pose=False mode=El kontrolü · zıplama için gövde gerekli
2026-09-18 05:49:39,287 INFO Tracking camera_fps=37.9 inference_fps=35.3 model_ms=16.0 age_ms=16.0 hands=0 pose=False mode=El kontrolü · zıplama için gövde gerekli
2026-09-18 05:49:42,322 INFO Tracking camera_fps=35.3 inference_fps=34.1 model_ms=0.0 age_ms=16.0 hands=0 pose=False mode=El kontrolü · zıplama için gövde gerekli
2026-09-18 05:49:45,337 INFO Tracking camera_fps=33.3 inference_fps=36.8 model_ms=0.0 age_ms=0.0 hands=0 pose=False mode=El kontrolü · zıplama için gövde gerekli
2026-09-18 05:49:48,348 INFO Tracking camera_fps=33.4 inference_fps=44.1 model_ms=15.0 age_ms=31.0 hands=0 pose=False mode=El kontrolü · zıplama için gövde gerekli
2026-09-18 05:49:50,061 INFO SendInput scan=0x20 down=True accepted=1 error=0 target_pid=8252
2026-09-18 05:49:50,109 INFO SendInput scan=0x20 down=False accepted=1 error=0 target_pid=8252
2026-09-18 05:49:50,189 INFO SendInput scan=0x20 down=True accepted=1 error=0 target_pid=8252
2026-09-18 05:49:50,221 INFO SendInput scan=0x11 down=True accepted=1 error=0 target_pid=8252
2026-09-18 05:49:50,315 INFO SendInput scan=0x20 down=False accepted=1 error=0 target_pid=8252
2026-09-18 05:49:50,317 INFO SendInput scan=0x11 down=False accepted=1 error=0 target_pid=8252
2026-09-18 05:49:50,538 INFO SendInput scan=0x20 down=True accepted=1 error=0 target_pid=8252
2026-09-18 05:49:50,571 INFO SendInput scan=0x20 down=False accepted=1 error=0 target_pid=8252
2026-09-18 05:49:50,632 INFO SendInput scan=0x20 down=True accepted=1 error=0 target_pid=8252
2026-09-18 05:49:50,791 INFO SendInput scan=0x20 down=False accepted=1 error=0 target_pid=8252
2026-09-18 05:49:50,887 INFO SendInput scan=0x20 down=True accepted=1 error=0 target_pid=8252
2026-09-18 05:49:50,969 INFO SendInput scan=0x20 down=False accepted=1 error=0 target_pid=8252
2026-09-18 05:49:51,121 INFO SendInput scan=0x1F down=True accepted=1 error=0 target_pid=8252
2026-09-18 05:49:51,204 INFO SendInput scan=0x1E down=True accepted=1 error=0 target_pid=8252
2026-09-18 05:49:51,343 INFO SendInput scan=0x1E down=False accepted=1 error=0 target_pid=8252
2026-09-18 05:49:51,343 INFO SendInput scan=0x1F down=False accepted=1 error=0 target_pid=8252
2026-09-18 05:49:51,366 INFO Tracking camera_fps=32.6 inference_fps=31.4 model_ms=31.0 age_ms=47.0 hands=1 pose=True mode=Eğilme
2026-09-18 05:49:51,502 INFO SendInput scan=0x1E down=True accepted=1 error=0 target_pid=8252
2026-09-18 05:49:51,502 INFO SendInput scan=0x1F down=True accepted=1 error=0 target_pid=8252
2026-09-18 05:49:51,550 INFO SendInput scan=0x1E down=False accepted=1 error=0 target_pid=8252
2026-09-18 05:49:51,551 INFO SendInput scan=0x1F down=False accepted=1 error=0 target_pid=8252
2026-09-18 05:49:51,581 INFO SendInput scan=0x1E down=True accepted=1 error=0 target_pid=8252
2026-09-18 05:49:51,612 INFO SendInput scan=0x1E down=False accepted=1 error=0 target_pid=8252
2026-09-18 05:49:53,817 INFO SendInput scan=0x39 down=True accepted=1 error=0 target_pid=8252
2026-09-18 05:49:53,819 INFO SendInput scan=0x1F down=True accepted=1 error=0 target_pid=8252
2026-09-18 05:49:53,880 INFO SendInput scan=0x1F down=False accepted=1 error=0 target_pid=8252
2026-09-18 05:49:53,928 INFO SendInput scan=0x39 down=False accepted=1 error=0 target_pid=8252
2026-09-18 05:49:53,990 INFO SendInput scan=0x2A down=True accepted=1 error=0 target_pid=8252
2026-09-18 05:49:54,005 INFO SendInput scan=0x1E down=True accepted=1 error=0 target_pid=8252
2026-09-18 05:49:54,375 INFO Tracking camera_fps=30.8 inference_fps=35.4 model_ms=15.0 age_ms=31.0 hands=2 pose=True mode=Swing
2026-09-18 05:49:54,557 INFO SendInput scan=0x2A down=False accepted=1 error=0 target_pid=8252
2026-09-18 05:49:54,713 INFO SendInput scan=0x39 down=True accepted=1 error=0 target_pid=8252
2026-09-18 05:49:54,809 INFO SendInput scan=0x39 down=False accepted=1 error=0 target_pid=8252
2026-09-18 05:49:55,094 INFO SendInput scan=0x39 down=True accepted=1 error=0 target_pid=8252
2026-09-18 05:49:55,204 INFO SendInput scan=0x39 down=False accepted=1 error=0 target_pid=8252
2026-09-18 05:49:55,269 INFO SendInput scan=0x2A down=True accepted=1 error=0 target_pid=8252
2026-09-18 05:49:55,314 INFO SendInput scan=0x2A down=False accepted=1 error=0 target_pid=8252
2026-09-18 05:49:55,457 INFO SendInput scan=0x39 down=True accepted=1 error=0 target_pid=8252
2026-09-18 05:49:55,488 INFO SendInput scan=0x39 down=False accepted=1 error=0 target_pid=8252
2026-09-18 05:49:55,645 INFO SendInput scan=0x39 down=True accepted=1 error=0 target_pid=8252
2026-09-18 05:49:55,661 INFO SendInput scan=0x39 down=False accepted=1 error=0 target_pid=8252
2026-09-18 05:49:55,661 INFO SendInput scan=0x1F down=True accepted=1 error=0 target_pid=8252
2026-09-18 05:49:55,709 INFO SendInput scan=0x1F down=False accepted=1 error=0 target_pid=8252
2026-09-18 05:49:55,756 INFO SendInput scan=0x1F down=True accepted=1 error=0 target_pid=8252
2026-09-18 05:49:55,820 INFO SendInput scan=0x39 down=True accepted=1 error=0 target_pid=8252
2026-09-18 05:49:55,896 INFO SendInput scan=0x1F down=False accepted=1 error=0 target_pid=8252
2026-09-18 05:49:55,928 INFO SendInput scan=0x39 down=False accepted=1 error=0 target_pid=8252
2026-09-18 05:49:55,991 INFO SendInput scan=0x2A down=True accepted=1 error=0 target_pid=8252
2026-09-18 05:49:56,087 INFO SendInput scan=0x2A down=False accepted=1 error=0 target_pid=8252
2026-09-18 05:49:56,448 INFO SendInput scan=0x1F down=True accepted=1 error=0 target_pid=8252
2026-09-18 05:49:56,745 INFO SendInput scan=0x39 down=True accepted=1 error=0 target_pid=8252
2026-09-18 05:49:56,792 INFO SendInput scan=0x39 down=False accepted=1 error=0 target_pid=8252
2026-09-18 05:49:56,856 INFO SendInput scan=0x1F down=False accepted=1 error=0 target_pid=8252
2026-09-18 05:49:57,064 INFO SendInput scan=0x1E down=False accepted=1 error=0 target_pid=8252
2026-09-18 05:49:57,258 INFO SendInput scan=0x20 down=True accepted=1 error=0 target_pid=8252
2026-09-18 05:49:57,283 INFO SendInput scan=0x1F down=True accepted=1 error=0 target_pid=8252
2026-09-18 05:49:57,362 INFO SendInput scan=0x20 down=False accepted=1 error=0 target_pid=8252
2026-09-18 05:49:57,363 INFO SendInput scan=0x1F down=False accepted=1 error=0 target_pid=8252
2026-09-18 05:49:57,411 INFO Tracking camera_fps=32.4 inference_fps=38.1 model_ms=16.0 age_ms=32.0 hands=2 pose=True mode=Eğilme
2026-09-18 05:49:57,519 INFO SendInput scan=0x39 down=True accepted=1 error=0 target_pid=8252
2026-09-18 05:49:57,627 INFO SendInput scan=0x39 down=False accepted=1 error=0 target_pid=8252
2026-09-18 05:49:57,690 INFO SendInput scan=0x2A down=True accepted=1 error=0 target_pid=8252
2026-09-18 05:49:58,145 INFO SendInput scan=0x2A down=False accepted=1 error=0 target_pid=8252
2026-09-18 05:49:58,665 INFO SendInput scan=0x39 down=True accepted=1 error=0 target_pid=8252
2026-09-18 05:49:58,774 INFO SendInput scan=0x39 down=False accepted=1 error=0 target_pid=8252
2026-09-18 05:49:58,840 INFO SendInput scan=0x2A down=True accepted=1 error=0 target_pid=8252
2026-09-18 05:49:58,857 INFO SendInput scan=0x20 down=True accepted=1 error=0 target_pid=8252
2026-09-18 05:49:59,185 INFO SendInput scan=0x20 down=False accepted=1 error=0 target_pid=8252
2026-09-18 05:50:00,081 INFO SendInput scan=0x2A down=False accepted=1 error=0 target_pid=8252
2026-09-18 05:50:00,143 INFO SendInput scan=0x1E down=True accepted=1 error=0 target_pid=8252
2026-09-18 05:50:00,255 INFO SendInput scan=0x39 down=True accepted=1 error=0 target_pid=8252
2026-09-18 05:50:00,319 INFO SendInput scan=0x1F down=True accepted=1 error=0 target_pid=8252
2026-09-18 05:50:00,365 INFO SendInput scan=0x39 down=False accepted=1 error=0 target_pid=8252
2026-09-18 05:50:00,429 INFO Tracking camera_fps=33.9 inference_fps=39.3 model_ms=15.0 age_ms=15.0 hands=2 pose=True mode=Eğilme
2026-09-18 05:50:00,505 INFO SendInput scan=0x1E down=False accepted=1 error=0 target_pid=8252
2026-09-18 05:50:00,505 INFO SendInput scan=0x1F down=False accepted=1 error=0 target_pid=8252
2026-09-18 05:50:00,600 INFO SendInput scan=0x39 down=True accepted=1 error=0 target_pid=8252
2026-09-18 05:50:00,679 INFO SendInput scan=0x39 down=False accepted=1 error=0 target_pid=8252
2026-09-18 05:50:00,821 INFO SendInput scan=0x39 down=True accepted=1 error=0 target_pid=8252
2026-09-18 05:50:00,930 INFO SendInput scan=0x39 down=False accepted=1 error=0 target_pid=8252
2026-09-18 05:50:00,994 INFO SendInput scan=0x2A down=True accepted=1 error=0 target_pid=8252
2026-09-18 05:50:01,169 INFO SendInput scan=0x11 down=True accepted=1 error=0 target_pid=8252
2026-09-18 05:50:01,215 INFO SendInput scan=0x11 down=False accepted=1 error=0 target_pid=8252
2026-09-18 05:50:01,247 INFO SendInput scan=0x11 down=True accepted=1 error=0 target_pid=8252
2026-09-18 05:50:01,309 INFO SendInput scan=0x11 down=False accepted=1 error=0 target_pid=8252
2026-09-18 05:50:01,987 INFO SendInput scan=0x2A down=False accepted=1 error=0 target_pid=8252
2026-09-18 05:50:02,289 INFO SendInput scan=0x1E down=True accepted=1 error=0 target_pid=8252
2026-09-18 05:50:02,289 INFO SendInput scan=0x1F down=True accepted=1 error=0 target_pid=8252
2026-09-18 05:50:02,544 INFO SendInput scan=0x39 down=True accepted=1 error=0 target_pid=8252
2026-09-18 05:50:02,653 INFO SendInput scan=0x39 down=False accepted=1 error=0 target_pid=8252
2026-09-18 05:50:02,714 INFO SendInput scan=0x2A down=True accepted=1 error=0 target_pid=8252
2026-09-18 05:50:03,207 INFO SendInput scan=0x1E down=False accepted=1 error=0 target_pid=8252
2026-09-18 05:50:03,207 INFO SendInput scan=0x1F down=False accepted=1 error=0 target_pid=8252
2026-09-18 05:50:03,439 INFO Tracking camera_fps=32.3 inference_fps=32.9 model_ms=31.0 age_ms=31.0 hands=2 pose=True mode=Swing
2026-09-18 05:50:05,798 INFO SendInput scan=0x2A down=False accepted=1 error=0 target_pid=8252
2026-09-18 05:50:05,846 INFO SendInput scan=0x20 down=True accepted=1 error=0 target_pid=8252
2026-09-18 05:50:05,909 INFO SendInput scan=0x20 down=False accepted=1 error=0 target_pid=8252
2026-09-18 05:50:06,461 INFO Tracking camera_fps=30.5 inference_fps=37.9 model_ms=16.0 age_ms=16.0 hands=2 pose=True mode=Eğilme
2026-09-18 05:50:06,694 INFO SendInput scan=0x1F down=True accepted=1 error=0 target_pid=8252
2026-09-18 05:50:06,726 INFO SendInput scan=0x1F down=False accepted=1 error=0 target_pid=8252
2026-09-18 05:50:07,470 INFO SendInput scan=0x39 down=True accepted=1 error=0 target_pid=8252
2026-09-18 05:50:07,578 INFO SendInput scan=0x39 down=False accepted=1 error=0 target_pid=8252
2026-09-18 05:50:07,641 INFO SendInput scan=0x2A down=True accepted=1 error=0 target_pid=8252
2026-09-18 05:50:08,381 INFO SendInput scan=0x1E down=True accepted=1 error=0 target_pid=8252
2026-09-18 05:50:09,167 INFO SendInput scan=0x1E down=False accepted=1 error=0 target_pid=8252
2026-09-18 05:50:09,167 INFO SendInput scan=0x11 down=True accepted=1 error=0 target_pid=8252
2026-09-18 05:50:09,469 INFO SendInput scan=0x11 down=False accepted=1 error=0 target_pid=8252
2026-09-18 05:50:09,508 INFO Tracking camera_fps=34.0 inference_fps=32.4 model_ms=15.0 age_ms=31.0 hands=2 pose=True mode=Swing
2026-09-18 05:50:09,530 INFO SendInput scan=0x2A down=False accepted=1 error=0 target_pid=8252
2026-09-18 05:50:09,577 INFO SendInput scan=0x20 down=True accepted=1 error=0 target_pid=8252
2026-09-18 05:50:09,577 INFO SendInput scan=0x11 down=True accepted=1 error=0 target_pid=8252
2026-09-18 05:50:09,592 INFO SendInput scan=0x20 down=False accepted=1 error=0 target_pid=8252
2026-09-18 05:50:09,593 INFO SendInput scan=0x11 down=False accepted=1 error=0 target_pid=8252
2026-09-18 05:50:09,671 INFO SendInput scan=0x1F down=True accepted=1 error=0 target_pid=8252
2026-09-18 05:50:09,686 INFO SendInput scan=0x1F down=False accepted=1 error=0 target_pid=8252
2026-09-18 05:50:10,662 INFO Mouse button=left down=True accepted=1
2026-09-18 05:50:10,770 INFO Mouse button=left down=False accepted=1
2026-09-18 05:50:11,290 INFO SendInput scan=0x39 down=True accepted=1 error=0 target_pid=8252
2026-09-18 05:50:11,402 INFO SendInput scan=0x39 down=False accepted=1 error=0 target_pid=8252
2026-09-18 05:50:11,463 INFO SendInput scan=0x2A down=True accepted=1 error=0 target_pid=8252
2026-09-18 05:50:12,523 INFO Tracking camera_fps=30.1 inference_fps=36.3 model_ms=16.0 age_ms=16.0 hands=2 pose=True mode=Swing
2026-09-18 05:50:15,321 INFO SendInput scan=0x2A down=False accepted=1 error=0 target_pid=8252
2026-09-18 05:50:15,367 INFO SendInput scan=0x20 down=True accepted=1 error=0 target_pid=8252
2026-09-18 05:50:15,399 INFO SendInput scan=0x1F down=True accepted=1 error=0 target_pid=8252
2026-09-18 05:50:15,528 INFO Tracking camera_fps=34.8 inference_fps=32.1 model_ms=32.0 age_ms=47.0 hands=1 pose=True mode=Eğilme
2026-09-18 05:50:15,572 INFO SendInput scan=0x20 down=False accepted=1 error=0 target_pid=8252
2026-09-18 05:50:15,572 INFO SendInput scan=0x1F down=False accepted=1 error=0 target_pid=8252
2026-09-18 05:50:15,811 INFO SendInput scan=0x1F down=True accepted=1 error=0 target_pid=8252
2026-09-18 05:50:15,841 INFO SendInput scan=0x1E down=True accepted=1 error=0 target_pid=8252
2026-09-18 05:50:15,888 INFO SendInput scan=0x1E down=False accepted=1 error=0 target_pid=8252
2026-09-18 05:50:15,888 INFO SendInput scan=0x1F down=False accepted=1 error=0 target_pid=8252
2026-09-18 05:50:16,568 INFO SendInput scan=0x11 down=True accepted=1 error=0 target_pid=8252
2026-09-18 05:50:16,629 INFO SendInput scan=0x1E down=True accepted=1 error=0 target_pid=8252
2026-09-18 05:50:16,786 INFO SendInput scan=0x1E down=False accepted=1 error=0 target_pid=8252
2026-09-18 05:50:16,786 INFO SendInput scan=0x11 down=False accepted=1 error=0 target_pid=8252
2026-09-18 05:50:17,386 INFO SendInput scan=0x1E down=True accepted=1 error=0 target_pid=8252
2026-09-18 05:50:17,669 INFO SendInput scan=0x1E down=False accepted=1 error=0 target_pid=8252
2026-09-18 05:50:18,203 INFO SendInput scan=0x20 down=True accepted=1 error=0 target_pid=8252
2026-09-18 05:50:18,536 INFO SendInput scan=0x20 down=False accepted=1 error=0 target_pid=8252
2026-09-18 05:50:18,554 INFO Tracking camera_fps=31.5 inference_fps=34.6 model_ms=15.0 age_ms=31.0 hands=1 pose=True mode=Eğilme
2026-09-18 05:50:19,387 INFO SendInput scan=0x39 down=True accepted=1 error=0 target_pid=8252
2026-09-18 05:50:19,497 INFO SendInput scan=0x39 down=False accepted=1 error=0 target_pid=8252
2026-09-18 05:50:19,560 INFO SendInput scan=0x2A down=True accepted=1 error=0 target_pid=8252
2026-09-18 05:50:20,128 INFO SendInput scan=0x2A down=False accepted=1 error=0 target_pid=8252
2026-09-18 05:50:20,332 INFO SendInput scan=0x1F down=True accepted=1 error=0 target_pid=8252
2026-09-18 05:50:20,365 INFO SendInput scan=0x1F down=False accepted=1 error=0 target_pid=8252
2026-09-18 05:50:21,547 INFO Mouse button=left down=True accepted=1
2026-09-18 05:50:21,580 INFO Tracking camera_fps=33.3 inference_fps=35.5 model_ms=16.0 age_ms=32.0 hands=2 pose=True mode=Eğilme
2026-09-18 05:50:21,653 INFO Mouse button=left down=False accepted=1
2026-09-18 05:50:24,624 INFO Tracking camera_fps=32.1 inference_fps=32.9 model_ms=31.0 age_ms=46.0 hands=2 pose=True mode=Eğilme
2026-09-18 05:50:25,377 INFO SendInput scan=0x11 down=True accepted=1 error=0 target_pid=8252
2026-09-18 05:50:25,424 INFO SendInput scan=0x11 down=False accepted=1 error=0 target_pid=8252
2026-09-18 05:50:25,582 INFO Mouse button=right down=True accepted=1
2026-09-18 05:50:27,651 INFO Tracking camera_fps=32.1 inference_fps=31.9 model_ms=16.0 age_ms=47.0 hands=2 pose=True mode=Nişan
2026-09-18 05:50:30,675 INFO Tracking camera_fps=30.7 inference_fps=31.9 model_ms=15.0 age_ms=31.0 hands=1 pose=True mode=Nişan
2026-09-18 05:50:31,313 INFO SendInput scan=0x12 down=True accepted=1 error=0 target_pid=8252
2026-09-18 05:50:31,392 INFO SendInput scan=0x12 down=False accepted=1 error=0 target_pid=8252
2026-09-18 05:50:31,470 INFO SendInput scan=0x12 down=True accepted=1 error=0 target_pid=8252
2026-09-18 05:50:31,550 INFO SendInput scan=0x12 down=False accepted=1 error=0 target_pid=8252
2026-09-18 05:50:31,550 INFO Mouse button=right down=False accepted=1
2026-09-18 05:50:32,210 INFO Mouse button=right down=True accepted=1
2026-09-18 05:50:33,708 INFO Tracking camera_fps=31.5 inference_fps=33.4 model_ms=16.0 age_ms=32.0 hands=1 pose=True mode=Nişan
2026-09-18 05:50:34,915 INFO Mouse button=right down=False accepted=1
2026-09-18 05:50:35,986 INFO SendInput scan=0x1F down=True accepted=1 error=0 target_pid=8252
2026-09-18 05:50:36,034 INFO SendInput scan=0x1F down=False accepted=1 error=0 target_pid=8252
2026-09-18 05:50:36,494 INFO SendInput scan=0x11 down=True accepted=1 error=0 target_pid=8252
2026-09-18 05:50:36,558 INFO SendInput scan=0x11 down=False accepted=1 error=0 target_pid=8252
2026-09-18 05:50:36,747 INFO Tracking camera_fps=36.1 inference_fps=31.9 model_ms=31.0 age_ms=46.0 hands=2 pose=True mode=Eğilme
2026-09-18 05:50:37,285 INFO Mouse button=right down=True accepted=1
2026-09-18 05:50:38,101 INFO SendInput scan=0x12 down=True accepted=1 error=0 target_pid=8252
2026-09-18 05:50:38,178 INFO SendInput scan=0x12 down=False accepted=1 error=0 target_pid=8252
2026-09-18 05:50:38,257 INFO SendInput scan=0x12 down=True accepted=1 error=0 target_pid=8252
2026-09-18 05:50:38,337 INFO SendInput scan=0x12 down=False accepted=1 error=0 target_pid=8252
2026-09-18 05:50:38,571 INFO SendInput scan=0x12 down=True accepted=1 error=0 target_pid=8252
2026-09-18 05:50:38,651 INFO SendInput scan=0x12 down=False accepted=1 error=0 target_pid=8252
2026-09-18 05:50:38,729 INFO SendInput scan=0x12 down=True accepted=1 error=0 target_pid=8252
2026-09-18 05:50:38,808 INFO SendInput scan=0x12 down=False accepted=1 error=0 target_pid=8252
2026-09-18 05:50:38,952 INFO SendInput scan=0x12 down=True accepted=1 error=0 target_pid=8252
2026-09-18 05:50:39,029 INFO SendInput scan=0x12 down=False accepted=1 error=0 target_pid=8252
2026-09-18 05:50:39,108 INFO SendInput scan=0x12 down=True accepted=1 error=0 target_pid=8252
2026-09-18 05:50:39,187 INFO SendInput scan=0x12 down=False accepted=1 error=0 target_pid=8252
2026-09-18 05:50:39,251 INFO SendInput scan=0x12 down=True accepted=1 error=0 target_pid=8252
2026-09-18 05:50:39,329 INFO SendInput scan=0x12 down=False accepted=1 error=0 target_pid=8252
2026-09-18 05:50:39,408 INFO SendInput scan=0x12 down=True accepted=1 error=0 target_pid=8252
2026-09-18 05:50:39,486 INFO SendInput scan=0x12 down=False accepted=1 error=0 target_pid=8252
2026-09-18 05:50:39,535 INFO SendInput scan=0x12 down=True accepted=1 error=0 target_pid=8252
2026-09-18 05:50:39,612 INFO SendInput scan=0x12 down=False accepted=1 error=0 target_pid=8252
2026-09-18 05:50:39,692 INFO SendInput scan=0x12 down=True accepted=1 error=0 target_pid=8252
2026-09-18 05:50:39,761 INFO Tracking camera_fps=30.7 inference_fps=34.7 model_ms=31.0 age_ms=31.0 hands=2 pose=True mode=Nişan
2026-09-18 05:50:39,770 INFO SendInput scan=0x12 down=False accepted=1 error=0 target_pid=8252
2026-09-18 05:50:40,287 INFO Mouse button=right down=False accepted=1
2026-09-18 05:50:40,838 INFO SendInput scan=0x20 down=True accepted=1 error=0 target_pid=8252
2026-09-18 05:50:40,870 INFO SendInput scan=0x11 down=True accepted=1 error=0 target_pid=8252
2026-09-18 05:50:40,903 INFO SendInput scan=0x20 down=False accepted=1 error=0 target_pid=8252
2026-09-18 05:50:40,904 INFO SendInput scan=0x11 down=False accepted=1 error=0 target_pid=8252
2026-09-18 05:50:41,075 INFO SendInput scan=0x39 down=True accepted=1 error=0 target_pid=8252
2026-09-18 05:50:41,171 INFO SendInput scan=0x20 down=True accepted=1 error=0 target_pid=8252
2026-09-18 05:50:41,187 INFO SendInput scan=0x39 down=False accepted=1 error=0 target_pid=8252
2026-09-18 05:50:41,252 INFO SendInput scan=0x2A down=True accepted=1 error=0 target_pid=8252
2026-09-18 05:50:41,424 INFO SendInput scan=0x2A down=False accepted=1 error=0 target_pid=8252
2026-09-18 05:50:41,424 INFO SendInput scan=0x20 down=False accepted=1 error=0 target_pid=8252
2026-09-18 05:50:41,738 INFO SendInput scan=0x39 down=True accepted=1 error=0 target_pid=8252
2026-09-18 05:50:41,852 INFO SendInput scan=0x39 down=False accepted=1 error=0 target_pid=8252
2026-09-18 05:50:41,912 INFO SendInput scan=0x2A down=True accepted=1 error=0 target_pid=8252
2026-09-18 05:50:42,795 INFO Tracking camera_fps=30.3 inference_fps=31.2 model_ms=31.0 age_ms=62.0 hands=1 pose=True mode=Swing
2026-09-18 05:50:43,830 INFO SendInput scan=0x2A down=False accepted=1 error=0 target_pid=8252
2026-09-18 05:50:43,909 INFO SendInput scan=0x1E down=True accepted=1 error=0 target_pid=8252
2026-09-18 05:50:44,144 INFO SendInput scan=0x1E down=False accepted=1 error=0 target_pid=8252
2026-09-18 05:50:44,303 INFO SendInput scan=0x39 down=True accepted=1 error=0 target_pid=8252
2026-09-18 05:50:44,412 INFO SendInput scan=0x39 down=False accepted=1 error=0 target_pid=8252
2026-09-18 05:50:44,476 INFO SendInput scan=0x2A down=True accepted=1 error=0 target_pid=8252
2026-09-18 05:50:45,819 INFO Tracking camera_fps=35.7 inference_fps=37.6 model_ms=16.0 age_ms=31.0 hands=1 pose=True mode=Swing
2026-09-18 05:50:46,503 INFO SendInput scan=0x2A down=False accepted=1 error=0 target_pid=8252
2026-09-18 05:50:46,629 INFO SendInput scan=0x20 down=True accepted=1 error=0 target_pid=8252
2026-09-18 05:50:46,803 INFO SendInput scan=0x1F down=True accepted=1 error=0 target_pid=8252
2026-09-18 05:50:46,867 INFO SendInput scan=0x20 down=False accepted=1 error=0 target_pid=8252
2026-09-18 05:50:46,869 INFO SendInput scan=0x1F down=False accepted=1 error=0 target_pid=8252
2026-09-18 05:50:47,279 INFO SendInput scan=0x39 down=True accepted=1 error=0 target_pid=8252
2026-09-18 05:50:47,386 INFO SendInput scan=0x39 down=False accepted=1 error=0 target_pid=8252
2026-09-18 05:50:47,449 INFO SendInput scan=0x2A down=True accepted=1 error=0 target_pid=8252
2026-09-18 05:50:48,827 INFO Tracking camera_fps=30.6 inference_fps=33.1 model_ms=16.0 age_ms=32.0 hands=2 pose=True mode=Swing
2026-09-18 05:50:49,165 INFO SendInput scan=0x1E down=True accepted=1 error=0 target_pid=8252
2026-09-18 05:50:49,258 INFO SendInput scan=0x1F down=True accepted=1 error=0 target_pid=8252
2026-09-18 05:50:49,321 INFO SendInput scan=0x1E down=False accepted=1 error=0 target_pid=8252
2026-09-18 05:50:49,321 INFO SendInput scan=0x1F down=False accepted=1 error=0 target_pid=8252
2026-09-18 05:50:49,638 INFO SendInput scan=0x2A down=False accepted=1 error=0 target_pid=8252
2026-09-18 05:50:50,111 INFO SendInput scan=0x1E down=True accepted=1 error=0 target_pid=8252
2026-09-18 05:50:50,111 INFO SendInput scan=0x11 down=True accepted=1 error=0 target_pid=8252
2026-09-18 05:50:50,142 INFO SendInput scan=0x1E down=False accepted=1 error=0 target_pid=8252
2026-09-18 05:50:50,142 INFO SendInput scan=0x20 down=True accepted=1 error=0 target_pid=8252
2026-09-18 05:50:50,158 INFO SendInput scan=0x20 down=False accepted=1 error=0 target_pid=8252
2026-09-18 05:50:50,158 INFO SendInput scan=0x11 down=False accepted=1 error=0 target_pid=8252
2026-09-18 05:50:50,315 INFO SendInput scan=0x1E down=True accepted=1 error=0 target_pid=8252
2026-09-18 05:50:50,315 INFO SendInput scan=0x1F down=True accepted=1 error=0 target_pid=8252
2026-09-18 05:50:50,346 INFO SendInput scan=0x1E down=False accepted=1 error=0 target_pid=8252
2026-09-18 05:50:50,346 INFO SendInput scan=0x1F down=False accepted=1 error=0 target_pid=8252
2026-09-18 05:50:50,708 INFO SendInput scan=0x39 down=True accepted=1 error=0 target_pid=8252
2026-09-18 05:50:50,819 INFO SendInput scan=0x39 down=False accepted=1 error=0 target_pid=8252
2026-09-18 05:50:50,881 INFO SendInput scan=0x2A down=True accepted=1 error=0 target_pid=8252
2026-09-18 05:50:51,448 INFO SendInput scan=0x2A down=False accepted=1 error=0 target_pid=8252
2026-09-18 05:50:51,574 INFO SendInput scan=0x20 down=True accepted=1 error=0 target_pid=8252
2026-09-18 05:50:51,621 INFO SendInput scan=0x20 down=False accepted=1 error=0 target_pid=8252
2026-09-18 05:50:51,825 INFO SendInput scan=0x39 down=True accepted=1 error=0 target_pid=8252
2026-09-18 05:50:51,844 INFO Tracking camera_fps=31.6 inference_fps=30.7 model_ms=31.0 age_ms=62.0 hands=1 pose=True mode=Eğilme
2026-09-18 05:50:51,856 INFO SendInput scan=0x39 down=False accepted=1 error=0 target_pid=8252
2026-09-18 05:50:52,091 INFO SendInput scan=0x11 down=True accepted=1 error=0 target_pid=8252
2026-09-18 05:50:52,268 INFO SendInput scan=0x11 down=False accepted=1 error=0 target_pid=8252
2026-09-18 05:50:52,502 INFO SendInput scan=0x11 down=True accepted=1 error=0 target_pid=8252
2026-09-18 05:50:52,567 INFO SendInput scan=0x11 down=False accepted=1 error=0 target_pid=8252
2026-09-18 05:50:53,179 INFO SendInput scan=0x1F down=True accepted=1 error=0 target_pid=8252
2026-09-18 05:50:53,463 INFO SendInput scan=0x1E down=True accepted=1 error=0 target_pid=8252
2026-09-18 05:50:53,635 INFO SendInput scan=0x39 down=True accepted=1 error=0 target_pid=8252
2026-09-18 05:50:53,745 INFO SendInput scan=0x39 down=False accepted=1 error=0 target_pid=8252
2026-09-18 05:50:53,810 INFO SendInput scan=0x2A down=True accepted=1 error=0 target_pid=8252
2026-09-18 05:50:54,890 INFO Tracking camera_fps=30.3 inference_fps=33.9 model_ms=16.0 age_ms=31.0 hands=2 pose=True mode=Swing
2026-09-18 05:50:55,667 INFO SendInput scan=0x2A down=False accepted=1 error=0 target_pid=8252
2026-09-18 05:50:55,701 INFO SendInput scan=0x1E down=False accepted=1 error=0 target_pid=8252
2026-09-18 05:50:55,701 INFO SendInput scan=0x1F down=False accepted=1 error=0 target_pid=8252
2026-09-18 05:50:55,840 INFO SendInput scan=0x11 down=True accepted=1 error=0 target_pid=8252
2026-09-18 05:50:55,871 INFO SendInput scan=0x11 down=False accepted=1 error=0 target_pid=8252
2026-09-18 05:50:55,980 INFO SendInput scan=0x20 down=True accepted=1 error=0 target_pid=8252
2026-09-18 05:50:55,981 INFO SendInput scan=0x11 down=True accepted=1 error=0 target_pid=8252
2026-09-18 05:50:56,028 INFO SendInput scan=0x20 down=False accepted=1 error=0 target_pid=8252
2026-09-18 05:50:56,029 INFO SendInput scan=0x11 down=False accepted=1 error=0 target_pid=8252
2026-09-18 05:50:56,359 INFO SendInput scan=0x1F down=True accepted=1 error=0 target_pid=8252
2026-09-18 05:50:56,391 INFO SendInput scan=0x1E down=True accepted=1 error=0 target_pid=8252
2026-09-18 05:50:56,563 INFO SendInput scan=0x39 down=True accepted=1 error=0 target_pid=8252
2026-09-18 05:50:56,673 INFO SendInput scan=0x39 down=False accepted=1 error=0 target_pid=8252
2026-09-18 05:50:56,735 INFO SendInput scan=0x2A down=True accepted=1 error=0 target_pid=8252
2026-09-18 05:50:57,791 INFO SendInput scan=0x2A down=False accepted=1 error=0 target_pid=8252
2026-09-18 05:50:57,926 INFO Tracking camera_fps=33.6 inference_fps=34.3 model_ms=15.0 age_ms=31.0 hands=2 pose=True mode=Swing
2026-09-18 05:50:57,933 INFO SendInput scan=0x39 down=True accepted=1 error=0 target_pid=8252
2026-09-18 05:50:58,043 INFO SendInput scan=0x39 down=False accepted=1 error=0 target_pid=8252
2026-09-18 05:50:58,110 INFO SendInput scan=0x2A down=True accepted=1 error=0 target_pid=8252
2026-09-18 05:50:59,559 INFO SendInput scan=0x2A down=False accepted=1 error=0 target_pid=8252
2026-09-18 05:50:59,765 INFO SendInput scan=0x39 down=True accepted=1 error=0 target_pid=8252
2026-09-18 05:50:59,874 INFO SendInput scan=0x39 down=False accepted=1 error=0 target_pid=8252
2026-09-18 05:50:59,938 INFO SendInput scan=0x2A down=True accepted=1 error=0 target_pid=8252
2026-09-18 05:50:59,970 INFO SendInput scan=0x2A down=False accepted=1 error=0 target_pid=8252
2026-09-18 05:50:59,970 INFO SendInput scan=0x1E down=False accepted=1 error=0 target_pid=8252
2026-09-18 05:50:59,971 INFO SendInput scan=0x1F down=False accepted=1 error=0 target_pid=8252
2026-09-18 05:51:00,932 INFO Tracking camera_fps=33.2 inference_fps=35.9 model_ms=0.0 age_ms=31.0 hands=2 pose=True mode=Eğilme
2026-09-18 05:51:01,555 INFO SendInput scan=0x1F down=True accepted=1 error=0 target_pid=8252
2026-09-18 05:51:01,602 INFO SendInput scan=0x1F down=False accepted=1 error=0 target_pid=8252
2026-09-18 05:51:01,713 INFO SendInput scan=0x1E down=True accepted=1 error=0 target_pid=8252
2026-09-18 05:51:01,713 INFO SendInput scan=0x11 down=True accepted=1 error=0 target_pid=8252
2026-09-18 05:51:01,792 INFO SendInput scan=0x1E down=False accepted=1 error=0 target_pid=8252
2026-09-18 05:51:01,792 INFO SendInput scan=0x11 down=False accepted=1 error=0 target_pid=8252
2026-09-18 05:51:02,014 INFO SendInput scan=0x39 down=True accepted=1 error=0 target_pid=8252
2026-09-18 05:51:02,123 INFO SendInput scan=0x39 down=False accepted=1 error=0 target_pid=8252
2026-09-18 05:51:02,583 INFO SendInput scan=0x39 down=True accepted=1 error=0 target_pid=8252
2026-09-18 05:51:02,689 INFO SendInput scan=0x39 down=False accepted=1 error=0 target_pid=8252
2026-09-18 05:51:02,753 INFO SendInput scan=0x2A down=True accepted=1 error=0 target_pid=8252
2026-09-18 05:51:03,952 INFO Tracking camera_fps=31.1 inference_fps=34.0 model_ms=32.0 age_ms=47.0 hands=1 pose=True mode=Swing
2026-09-18 05:51:04,213 INFO SendInput scan=0x2A down=False accepted=1 error=0 target_pid=8252
2026-09-18 05:51:04,451 INFO SendInput scan=0x1F down=True accepted=1 error=0 target_pid=8252
2026-09-18 05:51:04,528 INFO SendInput scan=0x1F down=False accepted=1 error=0 target_pid=8252
2026-09-18 05:51:04,967 INFO SendInput scan=0x11 down=True accepted=1 error=0 target_pid=8252
2026-09-18 05:51:05,281 INFO SendInput scan=0x20 down=True accepted=1 error=0 target_pid=8252
2026-09-18 05:51:05,424 INFO SendInput scan=0x20 down=False accepted=1 error=0 target_pid=8252
2026-09-18 05:51:05,424 INFO SendInput scan=0x11 down=False accepted=1 error=0 target_pid=8252
2026-09-18 05:51:05,549 INFO SendInput scan=0x39 down=True accepted=1 error=0 target_pid=8252
2026-09-18 05:51:05,662 INFO SendInput scan=0x39 down=False accepted=1 error=0 target_pid=8252
2026-09-18 05:51:05,722 INFO SendInput scan=0x2A down=True accepted=1 error=0 target_pid=8252
2026-09-18 05:51:06,336 INFO SendInput scan=0x2A down=False accepted=1 error=0 target_pid=8252
2026-09-18 05:51:06,975 INFO Tracking camera_fps=31.5 inference_fps=32.5 model_ms=15.0 age_ms=31.0 hands=1 pose=True mode=Eğilme
2026-09-18 05:51:09,996 INFO Tracking camera_fps=32.4 inference_fps=33.1 model_ms=31.0 age_ms=31.0 hands=1 pose=True mode=Eğilme
2026-09-18 05:51:10,416 INFO SendInput scan=0x11 down=True accepted=1 error=0 target_pid=8252
2026-09-18 05:51:10,509 INFO SendInput scan=0x1E down=True accepted=1 error=0 target_pid=8252
2026-09-18 05:51:10,571 INFO SendInput scan=0x1E down=False accepted=1 error=0 target_pid=8252
2026-09-18 05:51:10,651 INFO SendInput scan=0x1E down=True accepted=1 error=0 target_pid=8252
2026-09-18 05:51:11,105 INFO SendInput scan=0x1E down=False accepted=1 error=0 target_pid=8252
2026-09-18 05:51:11,106 INFO SendInput scan=0x11 down=False accepted=1 error=0 target_pid=8252
2026-09-18 05:51:13,028 INFO Tracking camera_fps=32.9 inference_fps=34.6 model_ms=32.0 age_ms=32.0 hands=1 pose=True mode=Eğilme
2026-09-18 05:51:13,167 INFO SendInput scan=0x1E down=True accepted=1 error=0 target_pid=8252
2026-09-18 05:51:13,278 INFO SendInput scan=0x1E down=False accepted=1 error=0 target_pid=8252
2026-09-18 05:51:13,485 INFO SendInput scan=0x1E down=True accepted=1 error=0 target_pid=8252
2026-09-18 05:51:13,486 INFO SendInput scan=0x1F down=True accepted=1 error=0 target_pid=8252
2026-09-18 05:51:13,878 INFO SendInput scan=0x1E down=False accepted=1 error=0 target_pid=8252
2026-09-18 05:51:13,878 INFO SendInput scan=0x1F down=False accepted=1 error=0 target_pid=8252
2026-09-18 05:51:14,349 INFO SendInput scan=0x1F down=True accepted=1 error=0 target_pid=8252
2026-09-18 05:51:14,382 INFO SendInput scan=0x1E down=True accepted=1 error=0 target_pid=8252
2026-09-18 05:51:14,410 INFO SendInput scan=0x1E down=False accepted=1 error=0 target_pid=8252
2026-09-18 05:51:14,411 INFO SendInput scan=0x1F down=False accepted=1 error=0 target_pid=8252
2026-09-18 05:51:15,385 INFO SendInput scan=0x11 down=True accepted=1 error=0 target_pid=8252
2026-09-18 05:51:15,417 INFO SendInput scan=0x11 down=False accepted=1 error=0 target_pid=8252
2026-09-18 05:51:15,653 INFO SendInput scan=0x11 down=True accepted=1 error=0 target_pid=8252
2026-09-18 05:51:15,684 INFO SendInput scan=0x11 down=False accepted=1 error=0 target_pid=8252
2026-09-18 05:51:15,935 INFO SendInput scan=0x21 down=True accepted=1 error=0 target_pid=8252
2026-09-18 05:51:16,046 INFO SendInput scan=0x21 down=False accepted=1 error=0 target_pid=8252
2026-09-18 05:51:16,062 INFO Tracking camera_fps=31.4 inference_fps=32.4 model_ms=31.0 age_ms=31.0 hands=1 pose=True mode=Eğilme
2026-09-18 05:51:17,984 INFO SendInput scan=0x20 down=True accepted=1 error=0 target_pid=8252
2026-09-18 05:51:18,042 INFO SendInput scan=0x1F down=True accepted=1 error=0 target_pid=8252
2026-09-18 05:51:18,074 INFO SendInput scan=0x20 down=False accepted=1 error=0 target_pid=8252
2026-09-18 05:51:18,076 INFO SendInput scan=0x1F down=False accepted=1 error=0 target_pid=8252
2026-09-18 05:51:19,092 INFO Tracking camera_fps=31.8 inference_fps=32.9 model_ms=15.0 age_ms=31.0 hands=2 pose=True mode=Eğilme
2026-09-18 05:51:19,368 INFO SendInput scan=0x20 down=True accepted=1 error=0 target_pid=8252
2026-09-18 05:51:19,414 INFO SendInput scan=0x20 down=False accepted=1 error=0 target_pid=8252
2026-09-18 05:51:20,170 INFO SendInput scan=0x1E down=True accepted=1 error=0 target_pid=8252
2026-09-18 05:51:20,266 INFO SendInput scan=0x1E down=False accepted=1 error=0 target_pid=8252
2026-09-18 05:51:20,392 INFO SendInput scan=0x20 down=True accepted=1 error=0 target_pid=8252
2026-09-18 05:51:20,470 INFO SendInput scan=0x20 down=False accepted=1 error=0 target_pid=8252
2026-09-18 05:51:20,861 INFO SendInput scan=0x1E down=True accepted=1 error=0 target_pid=8252
2026-09-18 05:51:21,017 INFO SendInput scan=0x1E down=False accepted=1 error=0 target_pid=8252
2026-09-18 05:51:22,138 INFO Tracking camera_fps=32.8 inference_fps=34.3 model_ms=31.0 age_ms=47.0 hands=0 pose=True mode=Eğilme
2026-09-18 05:51:22,751 INFO SendInput scan=0x20 down=True accepted=1 error=0 target_pid=8252
2026-09-18 05:51:22,781 INFO SendInput scan=0x20 down=False accepted=1 error=0 target_pid=8252
2026-09-18 05:51:23,051 INFO SendInput scan=0x1F down=True accepted=1 error=0 target_pid=8252
2026-09-18 05:51:23,113 INFO SendInput scan=0x1F down=False accepted=1 error=0 target_pid=8252
2026-09-18 05:51:23,301 INFO SendInput scan=0x20 down=True accepted=1 error=0 target_pid=8252
2026-09-18 05:51:23,301 INFO SendInput scan=0x11 down=True accepted=1 error=0 target_pid=8252
2026-09-18 05:51:23,316 INFO SendInput scan=0x20 down=False accepted=1 error=0 target_pid=8252
2026-09-18 05:51:23,316 INFO SendInput scan=0x11 down=False accepted=1 error=0 target_pid=8252
2026-09-18 05:51:23,726 INFO SendInput scan=0x21 down=True accepted=1 error=0 target_pid=8252
2026-09-18 05:51:23,837 INFO SendInput scan=0x21 down=False accepted=1 error=0 target_pid=8252
2026-09-18 05:51:24,593 INFO SendInput scan=0x1E down=True accepted=1 error=0 target_pid=8252
2026-09-18 05:51:24,767 INFO SendInput scan=0x1E down=False accepted=1 error=0 target_pid=8252
2026-09-18 05:51:24,860 INFO SendInput scan=0x1E down=True accepted=1 error=0 target_pid=8252
2026-09-18 05:51:25,068 INFO SendInput scan=0x1E down=False accepted=1 error=0 target_pid=8252
2026-09-18 05:51:25,154 INFO Tracking camera_fps=31.2 inference_fps=34.0 model_ms=32.0 age_ms=32.0 hands=1 pose=True mode=Eğilme
2026-09-18 05:51:26,307 INFO SendInput scan=0x1E down=True accepted=1 error=0 target_pid=8252
2026-09-18 05:51:26,307 INFO SendInput scan=0x1F down=True accepted=1 error=0 target_pid=8252
2026-09-18 05:51:26,322 INFO SendInput scan=0x1E down=False accepted=1 error=0 target_pid=8252
2026-09-18 05:51:26,322 INFO SendInput scan=0x1F down=False accepted=1 error=0 target_pid=8252
2026-09-18 05:51:28,190 INFO Tracking camera_fps=32.7 inference_fps=34.6 model_ms=31.0 age_ms=47.0 hands=2 pose=True mode=Eğilme
2026-09-18 05:51:28,703 INFO SendInput scan=0x20 down=True accepted=1 error=0 target_pid=8252
2026-09-18 05:51:29,018 INFO SendInput scan=0x11 down=True accepted=1 error=0 target_pid=8252
2026-09-18 05:51:29,222 INFO SendInput scan=0x20 down=False accepted=1 error=0 target_pid=8252
2026-09-18 05:51:29,222 INFO SendInput scan=0x11 down=False accepted=1 error=0 target_pid=8252
2026-09-18 05:51:30,103 INFO SendInput scan=0x1E down=True accepted=1 error=0 target_pid=8252
2026-09-18 05:51:30,134 INFO SendInput scan=0x1E down=False accepted=1 error=0 target_pid=8252
2026-09-18 05:51:30,260 INFO SendInput scan=0x1E down=True accepted=1 error=0 target_pid=8252
2026-09-18 05:51:31,219 INFO Tracking camera_fps=36.3 inference_fps=36.4 model_ms=15.0 age_ms=31.0 hands=1 pose=True mode=Eğilme
2026-09-18 05:51:31,858 INFO SendInput scan=0x1F down=True accepted=1 error=0 target_pid=8252
2026-09-18 05:51:33,368 INFO SendInput scan=0x1E down=False accepted=1 error=0 target_pid=8252
2026-09-18 05:51:33,368 INFO SendInput scan=0x1F down=False accepted=1 error=0 target_pid=8252
2026-09-18 05:51:33,478 INFO SendInput scan=0x20 down=True accepted=1 error=0 target_pid=8252
2026-09-18 05:51:33,620 INFO SendInput scan=0x20 down=False accepted=1 error=0 target_pid=8252
2026-09-18 05:51:33,952 INFO SendInput scan=0x1F down=True accepted=1 error=0 target_pid=8252
2026-09-18 05:51:34,124 INFO SendInput scan=0x20 down=True accepted=1 error=0 target_pid=8252
2026-09-18 05:51:34,244 INFO Tracking camera_fps=30.7 inference_fps=37.7 model_ms=16.0 age_ms=16.0 hands=1 pose=True mode=Eğilme
2026-09-18 05:51:35,950 INFO SendInput scan=0x20 down=False accepted=1 error=0 target_pid=8252
2026-09-18 05:51:36,185 INFO SendInput scan=0x1E down=True accepted=1 error=0 target_pid=8252
2026-09-18 05:51:36,972 INFO SendInput scan=0x1E down=False accepted=1 error=0 target_pid=8252
2026-09-18 05:51:37,020 INFO SendInput scan=0x1F down=False accepted=1 error=0 target_pid=8252
2026-09-18 05:51:37,116 INFO SendInput scan=0x20 down=True accepted=1 error=0 target_pid=8252
2026-09-18 05:51:37,179 INFO SendInput scan=0x11 down=True accepted=1 error=0 target_pid=8252
2026-09-18 05:51:37,265 INFO Tracking camera_fps=31.9 inference_fps=32.4 model_ms=31.0 age_ms=31.0 hands=1 pose=True mode=Eğilme
2026-09-18 05:51:38,419 INFO SendInput scan=0x20 down=False accepted=1 error=0 target_pid=8252
2026-09-18 05:51:38,513 INFO SendInput scan=0x11 down=False accepted=1 error=0 target_pid=8252
2026-09-18 05:51:38,891 INFO SendInput scan=0x20 down=True accepted=1 error=0 target_pid=8252
2026-09-18 05:51:39,362 INFO SendInput scan=0x1F down=True accepted=1 error=0 target_pid=8252
2026-09-18 05:51:39,535 INFO SendInput scan=0x1F down=False accepted=1 error=0 target_pid=8252
2026-09-18 05:51:39,976 INFO SendInput scan=0x20 down=False accepted=1 error=0 target_pid=8252
2026-09-18 05:51:40,285 INFO Tracking camera_fps=29.8 inference_fps=32.8 model_ms=16.0 age_ms=47.0 hands=1 pose=True mode=Eğilme
2026-09-18 05:51:40,793 INFO Mouse button=left down=True accepted=1
2026-09-18 05:51:40,903 INFO Mouse button=left down=False accepted=1
2026-09-18 05:51:41,011 INFO SendInput scan=0x1F down=True accepted=1 error=0 target_pid=8252
2026-09-18 05:51:41,357 INFO SendInput scan=0x1F down=False accepted=1 error=0 target_pid=8252
2026-09-18 05:51:41,357 INFO SendInput scan=0x20 down=True accepted=1 error=0 target_pid=8252
2026-09-18 05:51:41,389 INFO SendInput scan=0x20 down=False accepted=1 error=0 target_pid=8252
2026-09-18 05:51:41,799 INFO SendInput scan=0x39 down=True accepted=1 error=0 target_pid=8252
2026-09-18 05:51:41,910 INFO SendInput scan=0x39 down=False accepted=1 error=0 target_pid=8252
2026-09-18 05:51:41,973 INFO SendInput scan=0x2A down=True accepted=1 error=0 target_pid=8252
2026-09-18 05:51:43,292 INFO Tracking camera_fps=32.0 inference_fps=28.3 model_ms=16.0 age_ms=62.0 hands=1 pose=True mode=Swing
2026-09-18 05:51:43,372 INFO SendInput scan=0x2A down=False accepted=1 error=0 target_pid=8252
2026-09-18 05:51:43,515 INFO SendInput scan=0x39 down=True accepted=1 error=0 target_pid=8252
2026-09-18 05:51:43,626 INFO SendInput scan=0x39 down=False accepted=1 error=0 target_pid=8252
2026-09-18 05:51:44,020 INFO SendInput scan=0x1F down=True accepted=1 error=0 target_pid=8252
2026-09-18 05:51:44,050 INFO SendInput scan=0x1F down=False accepted=1 error=0 target_pid=8252
2026-09-18 05:51:44,854 INFO Mouse button=left down=True accepted=1
2026-09-18 05:51:44,945 INFO SendInput scan=0x11 down=True accepted=1 error=0 target_pid=8252
2026-09-18 05:51:44,960 INFO Mouse button=left down=False accepted=1
2026-09-18 05:51:45,075 INFO SendInput scan=0x11 down=False accepted=1 error=0 target_pid=8252
2026-09-18 05:51:45,310 INFO Mouse button=left down=True accepted=1
2026-09-18 05:51:45,421 INFO Mouse button=left down=False accepted=1
2026-09-18 05:51:45,797 INFO SendInput scan=0x1F down=True accepted=1 error=0 target_pid=8252
2026-09-18 05:51:45,846 INFO SendInput scan=0x1F down=False accepted=1 error=0 target_pid=8252
2026-09-18 05:51:45,972 INFO SendInput scan=0x1F down=True accepted=1 error=0 target_pid=8252
2026-09-18 05:51:46,145 INFO SendInput scan=0x1E down=True accepted=1 error=0 target_pid=8252
2026-09-18 05:51:46,330 INFO Tracking camera_fps=33.2 inference_fps=35.0 model_ms=16.0 age_ms=32.0 hands=1 pose=True mode=Eğilme
2026-09-18 05:51:46,491 INFO SendInput scan=0x1E down=False accepted=1 error=0 target_pid=8252
2026-09-18 05:51:46,633 INFO SendInput scan=0x1F down=False accepted=1 error=0 target_pid=8252
2026-09-18 05:51:47,675 INFO SendInput scan=0x20 down=True accepted=1 error=0 target_pid=8252
2026-09-18 05:51:47,675 INFO SendInput scan=0x11 down=True accepted=1 error=0 target_pid=8252
2026-09-18 05:51:47,721 INFO SendInput scan=0x20 down=False accepted=1 error=0 target_pid=8252
2026-09-18 05:51:47,721 INFO SendInput scan=0x11 down=False accepted=1 error=0 target_pid=8252
2026-09-18 05:51:47,880 INFO SendInput scan=0x1E down=True accepted=1 error=0 target_pid=8252
2026-09-18 05:51:47,990 INFO SendInput scan=0x11 down=True accepted=1 error=0 target_pid=8252
2026-09-18 05:51:48,052 INFO SendInput scan=0x1E down=False accepted=1 error=0 target_pid=8252
2026-09-18 05:51:48,208 INFO SendInput scan=0x1E down=True accepted=1 error=0 target_pid=8252
2026-09-18 05:51:48,240 INFO SendInput scan=0x1E down=False accepted=1 error=0 target_pid=8252
2026-09-18 05:51:48,241 INFO SendInput scan=0x11 down=False accepted=1 error=0 target_pid=8252
2026-09-18 05:51:48,901 INFO SendInput scan=0x1F down=True accepted=1 error=0 target_pid=8252
2026-09-18 05:51:49,185 INFO SendInput scan=0x1F down=False accepted=1 error=0 target_pid=8252
2026-09-18 05:51:49,344 INFO Tracking camera_fps=31.8 inference_fps=30.9 model_ms=31.0 age_ms=47.0 hands=1 pose=True mode=Eğilme
2026-09-18 05:51:49,972 INFO Mouse button=right down=True accepted=1
2026-09-18 05:51:50,070 INFO SendInput scan=0x12 down=True accepted=1 error=0 target_pid=8252
2026-09-18 05:51:50,146 INFO SendInput scan=0x12 down=False accepted=1 error=0 target_pid=8252
2026-09-18 05:51:50,226 INFO SendInput scan=0x12 down=True accepted=1 error=0 target_pid=8252
2026-09-18 05:51:50,304 INFO SendInput scan=0x12 down=False accepted=1 error=0 target_pid=8252
2026-09-18 05:51:50,586 INFO Mouse button=right down=False accepted=1
2026-09-18 05:51:52,284 INFO Mouse button=left down=True accepted=1
2026-09-18 05:51:52,379 INFO Tracking camera_fps=34.3 inference_fps=30.3 model_ms=31.0 age_ms=62.0 hands=1 pose=True mode=Eğilme
2026-09-18 05:51:52,393 INFO Mouse button=left down=False accepted=1
2026-09-18 05:51:53,860 INFO Mouse button=left down=True accepted=1
2026-09-18 05:51:53,969 INFO Mouse button=left down=False accepted=1
2026-09-18 05:51:54,836 INFO SendInput scan=0x1E down=True accepted=1 error=0 target_pid=8252
2026-09-18 05:51:54,962 INFO SendInput scan=0x1F down=True accepted=1 error=0 target_pid=8252
2026-09-18 05:51:55,024 INFO SendInput scan=0x1E down=False accepted=1 error=0 target_pid=8252
2026-09-18 05:51:55,024 INFO SendInput scan=0x1F down=False accepted=1 error=0 target_pid=8252
2026-09-18 05:51:55,392 INFO Tracking camera_fps=34.0 inference_fps=36.3 model_ms=31.0 age_ms=47.0 hands=2 pose=True mode=Eğilme
2026-09-18 05:51:55,575 INFO SendInput scan=0x11 down=True accepted=1 error=0 target_pid=8252
2026-09-18 05:51:55,607 INFO SendInput scan=0x11 down=False accepted=1 error=0 target_pid=8252
2026-09-18 05:51:55,857 INFO SendInput scan=0x39 down=True accepted=1 error=0 target_pid=8252
2026-09-18 05:51:55,968 INFO SendInput scan=0x39 down=False accepted=1 error=0 target_pid=8252
2026-09-18 05:51:56,031 INFO SendInput scan=0x2A down=True accepted=1 error=0 target_pid=8252
2026-09-18 05:51:57,006 INFO SendInput scan=0x2A down=False accepted=1 error=0 target_pid=8252
2026-09-18 05:51:57,006 INFO SendInput scan=0x39 down=True accepted=1 error=0 target_pid=8252
2026-09-18 05:51:57,119 INFO SendInput scan=0x39 down=False accepted=1 error=0 target_pid=8252
2026-09-18 05:51:57,180 INFO SendInput scan=0x2A down=True accepted=1 error=0 target_pid=8252
2026-09-18 05:51:57,463 INFO SendInput scan=0x2A down=False accepted=1 error=0 target_pid=8252
2026-09-18 05:51:57,463 INFO SendInput scan=0x39 down=True accepted=1 error=0 target_pid=8252
2026-09-18 05:51:57,558 INFO SendInput scan=0x39 down=False accepted=1 error=0 target_pid=8252
2026-09-18 05:51:57,698 INFO SendInput scan=0x39 down=True accepted=1 error=0 target_pid=8252
2026-09-18 05:51:57,730 INFO SendInput scan=0x39 down=False accepted=1 error=0 target_pid=8252
2026-09-18 05:51:57,890 INFO SendInput scan=0x1F down=True accepted=1 error=0 target_pid=8252
2026-09-18 05:51:57,934 INFO SendInput scan=0x1F down=False accepted=1 error=0 target_pid=8252
2026-09-18 05:51:58,219 INFO SendInput scan=0x20 down=True accepted=1 error=0 target_pid=8252
2026-09-18 05:51:58,219 INFO SendInput scan=0x1F down=True accepted=1 error=0 target_pid=8252
2026-09-18 05:51:58,253 INFO SendInput scan=0x20 down=False accepted=1 error=0 target_pid=8252
2026-09-18 05:51:58,253 INFO SendInput scan=0x1F down=False accepted=1 error=0 target_pid=8252
2026-09-18 05:51:58,422 INFO Tracking camera_fps=33.0 inference_fps=33.2 model_ms=31.0 age_ms=31.0 hands=1 pose=True mode=Eğilme
2026-09-18 05:51:58,627 INFO SendInput scan=0x1E down=True accepted=1 error=0 target_pid=8252
2026-09-18 05:51:58,690 INFO SendInput scan=0x11 down=True accepted=1 error=0 target_pid=8252
2026-09-18 05:51:58,910 INFO SendInput scan=0x1E down=False accepted=1 error=0 target_pid=8252
2026-09-18 05:51:58,910 INFO SendInput scan=0x11 down=False accepted=1 error=0 target_pid=8252
2026-09-18 05:51:59,320 INFO SendInput scan=0x11 down=True accepted=1 error=0 target_pid=8252
2026-09-18 05:51:59,366 INFO SendInput scan=0x20 down=True accepted=1 error=0 target_pid=8252
2026-09-18 05:51:59,699 INFO SendInput scan=0x20 down=False accepted=1 error=0 target_pid=8252
2026-09-18 05:51:59,703 INFO SendInput scan=0x11 down=False accepted=1 error=0 target_pid=8252
2026-09-18 05:52:00,389 INFO SendInput scan=0x11 down=True accepted=1 error=0 target_pid=8252
2026-09-18 05:52:00,467 INFO SendInput scan=0x1E down=True accepted=1 error=0 target_pid=8252
2026-09-18 05:52:01,452 INFO Tracking camera_fps=32.0 inference_fps=33.7 model_ms=32.0 age_ms=32.0 hands=1 pose=True mode=Eğilme
2026-09-18 05:52:02,871 INFO SendInput scan=0x1E down=False accepted=1 error=0 target_pid=8252
2026-09-18 05:52:02,872 INFO SendInput scan=0x11 down=False accepted=1 error=0 target_pid=8252
2026-09-18 05:52:03,011 INFO SendInput scan=0x39 down=True accepted=1 error=0 target_pid=8252
2026-09-18 05:52:03,122 INFO SendInput scan=0x39 down=False accepted=1 error=0 target_pid=8252
2026-09-18 05:52:03,184 INFO SendInput scan=0x2A down=True accepted=1 error=0 target_pid=8252
2026-09-18 05:52:03,326 INFO SendInput scan=0x2A down=False accepted=1 error=0 target_pid=8252
2026-09-18 05:52:03,485 INFO SendInput scan=0x39 down=True accepted=1 error=0 target_pid=8252
2026-09-18 05:52:03,596 INFO SendInput scan=0x39 down=False accepted=1 error=0 target_pid=8252
2026-09-18 05:52:03,659 INFO SendInput scan=0x2A down=True accepted=1 error=0 target_pid=8252
2026-09-18 05:52:04,468 INFO Tracking camera_fps=34.7 inference_fps=36.6 model_ms=31.0 age_ms=47.0 hands=1 pose=True mode=Swing
2026-09-18 05:52:05,959 INFO SendInput scan=0x2A down=False accepted=1 error=0 target_pid=8252
2026-09-18 05:52:06,021 INFO SendInput scan=0x20 down=True accepted=1 error=0 target_pid=8252
2026-09-18 05:52:06,413 INFO SendInput scan=0x20 down=False accepted=1 error=0 target_pid=8252
2026-09-18 05:52:06,523 INFO SendInput scan=0x39 down=True accepted=1 error=0 target_pid=8252
2026-09-18 05:52:06,635 INFO SendInput scan=0x39 down=False accepted=1 error=0 target_pid=8252
2026-09-18 05:52:06,696 INFO SendInput scan=0x2A down=True accepted=1 error=0 target_pid=8252
2026-09-18 05:52:07,516 INFO Tracking camera_fps=31.6 inference_fps=31.8 model_ms=31.0 age_ms=47.0 hands=1 pose=True mode=Swing
2026-09-18 05:52:08,684 INFO SendInput scan=0x2A down=False accepted=1 error=0 target_pid=8252
2026-09-18 05:52:08,823 INFO SendInput scan=0x1E down=True accepted=1 error=0 target_pid=8252
2026-09-18 05:52:08,949 INFO SendInput scan=0x1F down=True accepted=1 error=0 target_pid=8252
2026-09-18 05:52:08,984 INFO SendInput scan=0x1F down=False accepted=1 error=0 target_pid=8252
2026-09-18 05:52:09,204 INFO SendInput scan=0x1E down=False accepted=1 error=0 target_pid=8252
2026-09-18 05:52:09,457 INFO SendInput scan=0x39 down=True accepted=1 error=0 target_pid=8252
2026-09-18 05:52:09,567 INFO SendInput scan=0x39 down=False accepted=1 error=0 target_pid=8252
2026-09-18 05:52:09,629 INFO SendInput scan=0x2A down=True accepted=1 error=0 target_pid=8252
2026-09-18 05:52:10,526 INFO Tracking camera_fps=32.4 inference_fps=30.4 model_ms=16.0 age_ms=47.0 hands=1 pose=True mode=Swing
2026-09-18 05:52:11,257 INFO SendInput scan=0x2A down=False accepted=1 error=0 target_pid=8252
2026-09-18 05:52:11,620 INFO SendInput scan=0x39 down=True accepted=1 error=0 target_pid=8252
2026-09-18 05:52:11,728 INFO SendInput scan=0x39 down=False accepted=1 error=0 target_pid=8252
2026-09-18 05:52:11,790 INFO SendInput scan=0x2A down=True accepted=1 error=0 target_pid=8252
2026-09-18 05:52:13,208 INFO SendInput scan=0x2A down=False accepted=1 error=0 target_pid=8252
2026-09-18 05:52:13,351 INFO SendInput scan=0x1F down=True accepted=1 error=0 target_pid=8252
2026-09-18 05:52:13,366 INFO SendInput scan=0x1F down=False accepted=1 error=0 target_pid=8252
2026-09-18 05:52:13,553 INFO Tracking camera_fps=30.1 inference_fps=35.4 model_ms=15.0 age_ms=47.0 hands=0 pose=True mode=Eğilme
2026-09-18 05:52:13,728 INFO SendInput scan=0x1F down=True accepted=1 error=0 target_pid=8252
2026-09-18 05:52:13,853 INFO SendInput scan=0x1E down=True accepted=1 error=0 target_pid=8252
2026-09-18 05:52:14,107 INFO SendInput scan=0x1E down=False accepted=1 error=0 target_pid=8252
2026-09-18 05:52:14,171 INFO SendInput scan=0x1F down=False accepted=1 error=0 target_pid=8252
2026-09-18 05:52:14,235 INFO SendInput scan=0x11 down=True accepted=1 error=0 target_pid=8252
2026-09-18 05:52:14,263 INFO SendInput scan=0x11 down=False accepted=1 error=0 target_pid=8252
2026-09-18 05:52:14,704 INFO SendInput scan=0x39 down=True accepted=1 error=0 target_pid=8252
2026-09-18 05:52:14,768 INFO SendInput scan=0x39 down=False accepted=1 error=0 target_pid=8252
2026-09-18 05:52:14,909 INFO SendInput scan=0x39 down=True accepted=1 error=0 target_pid=8252
2026-09-18 05:52:15,020 INFO SendInput scan=0x39 down=False accepted=1 error=0 target_pid=8252
2026-09-18 05:52:15,084 INFO SendInput scan=0x2A down=True accepted=1 error=0 target_pid=8252
2026-09-18 05:52:16,562 INFO Tracking camera_fps=32.4 inference_fps=37.1 model_ms=16.0 age_ms=31.0 hands=2 pose=True mode=Swing
2026-09-18 05:52:17,877 INFO SendInput scan=0x2A down=False accepted=1 error=0 target_pid=8252
2026-09-18 05:52:18,239 INFO SendInput scan=0x20 down=True accepted=1 error=0 target_pid=8252
2026-09-18 05:52:18,257 INFO SendInput scan=0x20 down=False accepted=1 error=0 target_pid=8252
2026-09-18 05:52:18,397 INFO SendInput scan=0x39 down=True accepted=1 error=0 target_pid=8252
2026-09-18 05:52:18,508 INFO SendInput scan=0x39 down=False accepted=1 error=0 target_pid=8252
2026-09-18 05:52:18,571 INFO SendInput scan=0x2A down=True accepted=1 error=0 target_pid=8252
2026-09-18 05:52:19,605 INFO Tracking camera_fps=32.9 inference_fps=33.0 model_ms=31.0 age_ms=47.0 hands=2 pose=True mode=Swing
2026-09-18 05:52:21,006 INFO SendInput scan=0x2A down=False accepted=1 error=0 target_pid=8252
2026-09-18 05:52:21,006 INFO SendInput scan=0x1E down=True accepted=1 error=0 target_pid=8252
2026-09-18 05:52:21,036 INFO SendInput scan=0x1E down=False accepted=1 error=0 target_pid=8252
2026-09-18 05:52:21,399 INFO SendInput scan=0x39 down=True accepted=1 error=0 target_pid=8252
2026-09-18 05:52:21,508 INFO SendInput scan=0x39 down=False accepted=1 error=0 target_pid=8252
2026-09-18 05:52:21,571 INFO SendInput scan=0x2A down=True accepted=1 error=0 target_pid=8252
2026-09-18 05:52:21,603 INFO SendInput scan=0x2A down=False accepted=1 error=0 target_pid=8252
2026-09-18 05:52:21,759 INFO SendInput scan=0x21 down=True accepted=1 error=0 target_pid=8252
2026-09-18 05:52:21,868 INFO SendInput scan=0x21 down=False accepted=1 error=0 target_pid=8252
2026-09-18 05:52:21,900 INFO SendInput scan=0x39 down=True accepted=1 error=0 target_pid=8252
2026-09-18 05:52:22,009 INFO SendInput scan=0x39 down=False accepted=1 error=0 target_pid=8252
2026-09-18 05:52:22,057 INFO SendInput scan=0x2A down=True accepted=1 error=0 target_pid=8252
2026-09-18 05:52:22,357 INFO SendInput scan=0x1E down=True accepted=1 error=0 target_pid=8252
2026-09-18 05:52:22,404 INFO SendInput scan=0x1E down=False accepted=1 error=0 target_pid=8252
2026-09-18 05:52:22,466 INFO SendInput scan=0x2A down=False accepted=1 error=0 target_pid=8252
2026-09-18 05:52:22,639 INFO Tracking camera_fps=34.5 inference_fps=33.7 model_ms=31.0 age_ms=47.0 hands=2 pose=True mode=Eğilme
2026-09-18 05:52:22,672 INFO SendInput scan=0x39 down=True accepted=1 error=0 target_pid=8252
2026-09-18 05:52:22,703 INFO SendInput scan=0x39 down=False accepted=1 error=0 target_pid=8252
2026-09-18 05:52:22,814 INFO SendInput scan=0x39 down=True accepted=1 error=0 target_pid=8252
2026-09-18 05:52:22,877 INFO SendInput scan=0x39 down=False accepted=1 error=0 target_pid=8252
2026-09-18 05:52:23,304 INFO SendInput scan=0x39 down=True accepted=1 error=0 target_pid=8252
2026-09-18 05:52:23,351 INFO SendInput scan=0x39 down=False accepted=1 error=0 target_pid=8252
2026-09-18 05:52:23,697 INFO SendInput scan=0x39 down=True accepted=1 error=0 target_pid=8252
2026-09-18 05:52:23,806 INFO SendInput scan=0x39 down=False accepted=1 error=0 target_pid=8252
2026-09-18 05:52:23,994 INFO SendInput scan=0x20 down=True accepted=1 error=0 target_pid=8252
2026-09-18 05:52:24,090 INFO SendInput scan=0x20 down=False accepted=1 error=0 target_pid=8252
2026-09-18 05:52:24,154 INFO SendInput scan=0x20 down=True accepted=1 error=0 target_pid=8252
2026-09-18 05:52:24,217 INFO SendInput scan=0x20 down=False accepted=1 error=0 target_pid=8252
2026-09-18 05:52:24,774 INFO Mouse button=left down=True accepted=1
2026-09-18 05:52:24,878 INFO Mouse button=left down=False accepted=1
2026-09-18 05:52:25,558 INFO SendInput scan=0x1F down=True accepted=1 error=0 target_pid=8252
2026-09-18 05:52:25,659 INFO Tracking camera_fps=31.5 inference_fps=31.5 model_ms=32.0 age_ms=32.0 hands=2 pose=True mode=Eğilme
2026-09-18 05:52:25,669 INFO SendInput scan=0x1F down=False accepted=1 error=0 target_pid=8252
2026-09-18 05:52:26,519 INFO SendInput scan=0x11 down=True accepted=1 error=0 target_pid=8252
2026-09-18 05:52:26,630 INFO SendInput scan=0x1E down=True accepted=1 error=0 target_pid=8252
2026-09-18 05:52:26,661 INFO SendInput scan=0x1E down=False accepted=1 error=0 target_pid=8252
2026-09-18 05:52:26,661 INFO SendInput scan=0x11 down=False accepted=1 error=0 target_pid=8252
2026-09-18 05:52:28,682 INFO Tracking camera_fps=31.6 inference_fps=32.2 model_ms=15.0 age_ms=31.0 hands=2 pose=True mode=Eğilme
2026-09-18 05:52:29,610 INFO SendInput scan=0x1E down=True accepted=1 error=0 target_pid=8252
2026-09-18 05:52:29,658 INFO SendInput scan=0x39 down=True accepted=1 error=0 target_pid=8252
2026-09-18 05:52:29,659 INFO SendInput scan=0x11 down=True accepted=1 error=0 target_pid=8252
2026-09-18 05:52:29,767 INFO SendInput scan=0x39 down=False accepted=1 error=0 target_pid=8252
2026-09-18 05:52:29,768 INFO SendInput scan=0x1E down=False accepted=1 error=0 target_pid=8252
2026-09-18 05:52:29,801 INFO SendInput scan=0x11 down=False accepted=1 error=0 target_pid=8252
2026-09-18 05:52:29,830 INFO SendInput scan=0x2A down=True accepted=1 error=0 target_pid=8252
2026-09-18 05:52:30,191 INFO SendInput scan=0x2A down=False accepted=1 error=0 target_pid=8252
2026-09-18 05:52:30,240 INFO SendInput scan=0x39 down=True accepted=1 error=0 target_pid=8252
2026-09-18 05:52:30,349 INFO SendInput scan=0x39 down=False accepted=1 error=0 target_pid=8252
2026-09-18 05:52:30,413 INFO SendInput scan=0x2A down=True accepted=1 error=0 target_pid=8252
2026-09-18 05:52:30,920 INFO SendInput scan=0x2A down=False accepted=1 error=0 target_pid=8252
2026-09-18 05:52:30,968 INFO SendInput scan=0x11 down=True accepted=1 error=0 target_pid=8252
2026-09-18 05:52:31,016 INFO SendInput scan=0x1E down=True accepted=1 error=0 target_pid=8252
2026-09-18 05:52:31,045 INFO SendInput scan=0x1E down=False accepted=1 error=0 target_pid=8252
2026-09-18 05:52:31,045 INFO SendInput scan=0x11 down=False accepted=1 error=0 target_pid=8252
2026-09-18 05:52:31,231 INFO SendInput scan=0x39 down=True accepted=1 error=0 target_pid=8252
2026-09-18 05:52:31,343 INFO SendInput scan=0x39 down=False accepted=1 error=0 target_pid=8252
2026-09-18 05:52:31,405 INFO SendInput scan=0x2A down=True accepted=1 error=0 target_pid=8252
2026-09-18 05:52:31,500 INFO SendInput scan=0x1F down=True accepted=1 error=0 target_pid=8252
2026-09-18 05:52:31,516 INFO SendInput scan=0x1F down=False accepted=1 error=0 target_pid=8252
2026-09-18 05:52:31,658 INFO SendInput scan=0x2A down=False accepted=1 error=0 target_pid=8252
2026-09-18 05:52:31,712 INFO Tracking camera_fps=33.9 inference_fps=36.5 model_ms=16.0 age_ms=16.0 hands=1 pose=True mode=Eğilme
2026-09-18 05:52:31,940 INFO SendInput scan=0x39 down=True accepted=1 error=0 target_pid=8252
2026-09-18 05:52:32,052 INFO SendInput scan=0x39 down=False accepted=1 error=0 target_pid=8252
2026-09-18 05:52:32,114 INFO SendInput scan=0x2A down=True accepted=1 error=0 target_pid=8252
2026-09-18 05:52:33,873 INFO SendInput scan=0x2A down=False accepted=1 error=0 target_pid=8252
2026-09-18 05:52:34,027 INFO SendInput scan=0x1F down=True accepted=1 error=0 target_pid=8252
2026-09-18 05:52:34,184 INFO SendInput scan=0x1F down=False accepted=1 error=0 target_pid=8252
2026-09-18 05:52:34,185 INFO SendInput scan=0x20 down=True accepted=1 error=0 target_pid=8252
2026-09-18 05:52:34,452 INFO SendInput scan=0x11 down=True accepted=1 error=0 target_pid=8252
2026-09-18 05:52:34,486 INFO SendInput scan=0x20 down=False accepted=1 error=0 target_pid=8252
2026-09-18 05:52:34,486 INFO SendInput scan=0x11 down=False accepted=1 error=0 target_pid=8252
2026-09-18 05:52:34,658 INFO SendInput scan=0x39 down=True accepted=1 error=0 target_pid=8252
2026-09-18 05:52:34,749 INFO Tracking camera_fps=34.9 inference_fps=34.8 model_ms=31.0 age_ms=31.0 hands=1 pose=True mode=Swing
2026-09-18 05:52:34,771 INFO SendInput scan=0x39 down=False accepted=1 error=0 target_pid=8252
2026-09-18 05:52:34,834 INFO SendInput scan=0x2A down=True accepted=1 error=0 target_pid=8252
2026-09-18 05:52:35,790 INFO SendInput scan=0x2A down=False accepted=1 error=0 target_pid=8252
2026-09-18 05:52:35,931 INFO SendInput scan=0x39 down=True accepted=1 error=0 target_pid=8252
2026-09-18 05:52:36,041 INFO SendInput scan=0x39 down=False accepted=1 error=0 target_pid=8252
2026-09-18 05:52:36,481 INFO SendInput scan=0x39 down=True accepted=1 error=0 target_pid=8252
2026-09-18 05:52:36,560 INFO SendInput scan=0x39 down=False accepted=1 error=0 target_pid=8252
2026-09-18 05:52:36,687 INFO SendInput scan=0x39 down=True accepted=1 error=0 target_pid=8252
2026-09-18 05:52:36,797 INFO SendInput scan=0x39 down=False accepted=1 error=0 target_pid=8252
2026-09-18 05:52:36,861 INFO SendInput scan=0x2A down=True accepted=1 error=0 target_pid=8252
2026-09-18 05:52:37,777 INFO Tracking camera_fps=32.0 inference_fps=28.8 model_ms=47.0 age_ms=63.0 hands=1 pose=True mode=Swing
2026-09-18 05:52:39,478 INFO SendInput scan=0x2A down=False accepted=1 error=0 target_pid=8252
2026-09-18 05:52:39,715 INFO SendInput scan=0x1E down=True accepted=1 error=0 target_pid=8252
2026-09-18 05:52:39,715 INFO SendInput scan=0x1F down=True accepted=1 error=0 target_pid=8252
2026-09-18 05:52:40,046 INFO SendInput scan=0x1E down=False accepted=1 error=0 target_pid=8252
2026-09-18 05:52:40,046 INFO SendInput scan=0x1F down=False accepted=1 error=0 target_pid=8252
2026-09-18 05:52:40,237 INFO SendInput scan=0x39 down=True accepted=1 error=0 target_pid=8252
2026-09-18 05:52:40,348 INFO SendInput scan=0x39 down=False accepted=1 error=0 target_pid=8252
2026-09-18 05:52:40,410 INFO SendInput scan=0x2A down=True accepted=1 error=0 target_pid=8252
2026-09-18 05:52:40,813 INFO Tracking camera_fps=31.0 inference_fps=28.8 model_ms=31.0 age_ms=63.0 hands=1 pose=True mode=Swing
2026-09-18 05:52:43,191 INFO SendInput scan=0x2A down=False accepted=1 error=0 target_pid=8252
2026-09-18 05:52:43,317 INFO SendInput scan=0x1E down=True accepted=1 error=0 target_pid=8252
2026-09-18 05:52:43,822 INFO SendInput scan=0x1E down=False accepted=1 error=0 target_pid=8252
2026-09-18 05:52:43,840 INFO Tracking camera_fps=33.4 inference_fps=31.5 model_ms=31.0 age_ms=31.0 hands=1 pose=True mode=Eğilme
2026-09-18 05:52:44,039 INFO SendInput scan=0x39 down=True accepted=1 error=0 target_pid=8252
2026-09-18 05:52:44,120 INFO SendInput scan=0x39 down=False accepted=1 error=0 target_pid=8252
2026-09-18 05:52:44,244 INFO SendInput scan=0x39 down=True accepted=1 error=0 target_pid=8252
2026-09-18 05:52:44,339 INFO SendInput scan=0x39 down=False accepted=1 error=0 target_pid=8252
2026-09-18 05:52:44,403 INFO SendInput scan=0x2A down=True accepted=1 error=0 target_pid=8252
2026-09-18 05:52:46,656 INFO SendInput scan=0x2A down=False accepted=1 error=0 target_pid=8252
2026-09-18 05:52:46,886 INFO Tracking camera_fps=34.3 inference_fps=32.9 model_ms=31.0 age_ms=47.0 hands=2 pose=True mode=Eğilme
2026-09-18 05:52:47,649 INFO SendInput scan=0x39 down=True accepted=1 error=0 target_pid=8252
2026-09-18 05:52:47,758 INFO SendInput scan=0x39 down=False accepted=1 error=0 target_pid=8252
2026-09-18 05:52:47,821 INFO SendInput scan=0x2A down=True accepted=1 error=0 target_pid=8252
2026-09-18 05:52:49,048 INFO SendInput scan=0x2A down=False accepted=1 error=0 target_pid=8252
2026-09-18 05:52:49,457 INFO SendInput scan=0x11 down=True accepted=1 error=0 target_pid=8252
2026-09-18 05:52:49,490 INFO SendInput scan=0x11 down=False accepted=1 error=0 target_pid=8252
2026-09-18 05:52:49,914 INFO Tracking camera_fps=33.8 inference_fps=32.2 model_ms=16.0 age_ms=32.0 hands=2 pose=True mode=Eğilme
2026-09-18 05:52:50,078 INFO SendInput scan=0x39 down=True accepted=1 error=0 target_pid=8252
2026-09-18 05:52:50,188 INFO SendInput scan=0x39 down=False accepted=1 error=0 target_pid=8252
2026-09-18 05:52:50,253 INFO SendInput scan=0x2A down=True accepted=1 error=0 target_pid=8252
2026-09-18 05:52:50,440 INFO SendInput scan=0x2A down=False accepted=1 error=0 target_pid=8252
2026-09-18 05:52:50,690 INFO SendInput scan=0x1E down=True accepted=1 error=0 target_pid=8252
2026-09-18 05:52:50,800 INFO SendInput scan=0x1E down=False accepted=1 error=0 target_pid=8252
2026-09-18 05:52:51,742 INFO SendInput scan=0x39 down=True accepted=1 error=0 target_pid=8252
2026-09-18 05:52:51,851 INFO SendInput scan=0x39 down=False accepted=1 error=0 target_pid=8252
2026-09-18 05:52:51,918 INFO SendInput scan=0x2A down=True accepted=1 error=0 target_pid=8252
2026-09-18 05:52:52,955 INFO Tracking camera_fps=34.9 inference_fps=29.8 model_ms=32.0 age_ms=63.0 hands=1 pose=True mode=Swing
2026-09-18 05:52:54,340 INFO SendInput scan=0x2A down=False accepted=1 error=0 target_pid=8252
2026-09-18 05:52:54,593 INFO SendInput scan=0x1F down=True accepted=1 error=0 target_pid=8252
2026-09-18 05:52:54,687 INFO SendInput scan=0x1F down=False accepted=1 error=0 target_pid=8252
2026-09-18 05:52:54,766 INFO SendInput scan=0x20 down=True accepted=1 error=0 target_pid=8252
2026-09-18 05:52:54,877 INFO SendInput scan=0x20 down=False accepted=1 error=0 target_pid=8252
2026-09-18 05:52:55,100 INFO SendInput scan=0x39 down=True accepted=1 error=0 target_pid=8252
2026-09-18 05:52:55,209 INFO SendInput scan=0x39 down=False accepted=1 error=0 target_pid=8252
2026-09-18 05:52:55,274 INFO SendInput scan=0x2A down=True accepted=1 error=0 target_pid=8252
2026-09-18 05:52:55,974 INFO Tracking camera_fps=33.0 inference_fps=29.3 model_ms=31.0 age_ms=47.0 hands=1 pose=True mode=Swing
2026-09-18 05:52:56,988 INFO SendInput scan=0x2A down=False accepted=1 error=0 target_pid=8252
2026-09-18 05:52:57,209 INFO SendInput scan=0x1F down=True accepted=1 error=0 target_pid=8252
2026-09-18 05:52:57,272 INFO SendInput scan=0x20 down=True accepted=1 error=0 target_pid=8252
2026-09-18 05:52:57,412 INFO SendInput scan=0x20 down=False accepted=1 error=0 target_pid=8252
2026-09-18 05:52:57,412 INFO SendInput scan=0x1F down=False accepted=1 error=0 target_pid=8252
2026-09-18 05:52:57,710 INFO SendInput scan=0x39 down=True accepted=1 error=0 target_pid=8252
2026-09-18 05:52:57,824 INFO SendInput scan=0x39 down=False accepted=1 error=0 target_pid=8252
2026-09-18 05:52:57,885 INFO SendInput scan=0x2A down=True accepted=1 error=0 target_pid=8252
2026-09-18 05:52:58,997 INFO Tracking camera_fps=30.3 inference_fps=32.6 model_ms=31.0 age_ms=46.0 hands=1 pose=True mode=Swing
2026-09-18 05:52:59,101 INFO SendInput scan=0x2A down=False accepted=1 error=0 target_pid=8252
2026-09-18 05:52:59,337 INFO SendInput scan=0x20 down=True accepted=1 error=0 target_pid=8252
2026-09-18 05:52:59,337 INFO SendInput scan=0x1F down=True accepted=1 error=0 target_pid=8252
2026-09-18 05:52:59,369 INFO SendInput scan=0x20 down=False accepted=1 error=0 target_pid=8252
2026-09-18 05:52:59,369 INFO SendInput scan=0x1F down=False accepted=1 error=0 target_pid=8252
2026-09-18 05:53:00,628 INFO SendInput scan=0x11 down=True accepted=1 error=0 target_pid=8252
2026-09-18 05:53:00,676 INFO SendInput scan=0x1E down=True accepted=1 error=0 target_pid=8252
2026-09-18 05:53:00,691 INFO SendInput scan=0x1E down=False accepted=1 error=0 target_pid=8252
2026-09-18 05:53:00,692 INFO SendInput scan=0x11 down=False accepted=1 error=0 target_pid=8252
2026-09-18 05:53:00,927 INFO SendInput scan=0x11 down=True accepted=1 error=0 target_pid=8252
2026-09-18 05:53:00,975 INFO SendInput scan=0x20 down=True accepted=1 error=0 target_pid=8252
2026-09-18 05:53:00,990 INFO SendInput scan=0x20 down=False accepted=1 error=0 target_pid=8252
2026-09-18 05:53:00,991 INFO SendInput scan=0x11 down=False accepted=1 error=0 target_pid=8252
2026-09-18 05:53:01,228 INFO SendInput scan=0x39 down=True accepted=1 error=0 target_pid=8252
2026-09-18 05:53:01,324 INFO SendInput scan=0x39 down=False accepted=1 error=0 target_pid=8252
2026-09-18 05:53:01,385 INFO SendInput scan=0x2A down=True accepted=1 error=0 target_pid=8252
2026-09-18 05:53:01,588 INFO SendInput scan=0x1F down=True accepted=1 error=0 target_pid=8252
2026-09-18 05:53:01,636 INFO SendInput scan=0x1E down=True accepted=1 error=0 target_pid=8252
2026-09-18 05:53:02,023 INFO Tracking camera_fps=32.2 inference_fps=32.0 model_ms=16.0 age_ms=31.0 hands=2 pose=True mode=Swing
2026-09-18 05:53:02,094 INFO SendInput scan=0x2A down=False accepted=1 error=0 target_pid=8252
2026-09-18 05:53:02,095 INFO SendInput scan=0x1E down=False accepted=1 error=0 target_pid=8252
2026-09-18 05:53:02,270 INFO SendInput scan=0x1F down=False accepted=1 error=0 target_pid=8252
2026-09-18 05:53:02,768 INFO SendInput scan=0x11 down=True accepted=1 error=0 target_pid=8252
2026-09-18 05:53:02,859 INFO SendInput scan=0x11 down=False accepted=1 error=0 target_pid=8252
2026-09-18 05:53:03,032 INFO SendInput scan=0x1F down=True accepted=1 error=0 target_pid=8252
2026-09-18 05:53:03,064 INFO SendInput scan=0x1F down=False accepted=1 error=0 target_pid=8252
2026-09-18 05:53:03,095 INFO SendInput scan=0x1E down=True accepted=1 error=0 target_pid=8252
2026-09-18 05:53:03,189 INFO SendInput scan=0x1E down=False accepted=1 error=0 target_pid=8252
2026-09-18 05:53:03,393 INFO SendInput scan=0x11 down=True accepted=1 error=0 target_pid=8252
2026-09-18 05:53:03,425 INFO SendInput scan=0x11 down=False accepted=1 error=0 target_pid=8252
2026-09-18 05:53:03,537 INFO SendInput scan=0x11 down=True accepted=1 error=0 target_pid=8252
2026-09-18 05:53:03,583 INFO SendInput scan=0x11 down=False accepted=1 error=0 target_pid=8252
2026-09-18 05:53:05,028 INFO Tracking camera_fps=32.3 inference_fps=32.9 model_ms=32.0 age_ms=47.0 hands=1 pose=True mode=Eğilme
2026-09-18 05:53:05,428 INFO SendInput scan=0x21 down=True accepted=1 error=0 target_pid=8252
2026-09-18 05:53:05,539 INFO SendInput scan=0x21 down=False accepted=1 error=0 target_pid=8252
2026-09-18 05:53:07,468 INFO Mouse button=right down=True accepted=1
2026-09-18 05:53:08,047 INFO Tracking camera_fps=34.2 inference_fps=31.7 model_ms=15.0 age_ms=31.0 hands=2 pose=True mode=Nişan
2026-09-18 05:53:09,456 INFO SendInput scan=0x12 down=True accepted=1 error=0 target_pid=8252
2026-09-18 05:53:09,530 INFO SendInput scan=0x12 down=False accepted=1 error=0 target_pid=8252
2026-09-18 05:53:09,610 INFO SendInput scan=0x12 down=True accepted=1 error=0 target_pid=8252
2026-09-18 05:53:09,688 INFO SendInput scan=0x12 down=False accepted=1 error=0 target_pid=8252
2026-09-18 05:53:10,852 INFO Mouse button=right down=False accepted=1
2026-09-18 05:53:11,079 INFO Tracking camera_fps=31.0 inference_fps=35.2 model_ms=16.0 age_ms=32.0 hands=0 pose=True mode=Eğilme
2026-09-18 05:53:11,755 INFO SendInput scan=0x11 down=True accepted=1 error=0 target_pid=8252
2026-09-18 05:53:11,782 INFO SendInput scan=0x11 down=False accepted=1 error=0 target_pid=8252
2026-09-18 05:53:12,696 INFO SendInput scan=0x39 down=True accepted=1 error=0 target_pid=8252
2026-09-18 05:53:12,806 INFO SendInput scan=0x39 down=False accepted=1 error=0 target_pid=8252
2026-09-18 05:53:12,854 INFO SendInput scan=0x2A down=True accepted=1 error=0 target_pid=8252
2026-09-18 05:53:14,102 INFO Tracking camera_fps=34.5 inference_fps=33.7 model_ms=15.0 age_ms=31.0 hands=1 pose=True mode=Swing
2026-09-18 05:53:14,512 INFO SendInput scan=0x2A down=False accepted=1 error=0 target_pid=8252
2026-09-18 05:53:14,670 INFO SendInput scan=0x1F down=True accepted=1 error=0 target_pid=8252
2026-09-18 05:53:14,749 INFO SendInput scan=0x20 down=True accepted=1 error=0 target_pid=8252
2026-09-18 05:53:14,828 INFO SendInput scan=0x1F down=False accepted=1 error=0 target_pid=8252
2026-09-18 05:53:14,859 INFO SendInput scan=0x20 down=False accepted=1 error=0 target_pid=8252
2026-09-18 05:53:15,034 INFO SendInput scan=0x39 down=True accepted=1 error=0 target_pid=8252
2026-09-18 05:53:15,140 INFO SendInput scan=0x39 down=False accepted=1 error=0 target_pid=8252
2026-09-18 05:53:15,203 INFO SendInput scan=0x2A down=True accepted=1 error=0 target_pid=8252
2026-09-18 05:53:16,938 INFO SendInput scan=0x2A down=False accepted=1 error=0 target_pid=8252
2026-09-18 05:53:17,120 INFO Tracking camera_fps=32.6 inference_fps=30.3 model_ms=46.0 age_ms=46.0 hands=1 pose=True mode=Eğilme
2026-09-18 05:53:17,266 INFO SendInput scan=0x39 down=True accepted=1 error=0 target_pid=8252
2026-09-18 05:53:17,376 INFO SendInput scan=0x39 down=False accepted=1 error=0 target_pid=8252
2026-09-18 05:53:17,439 INFO SendInput scan=0x2A down=True accepted=1 error=0 target_pid=8252
2026-09-18 05:53:18,435 INFO SendInput scan=0x2A down=False accepted=1 error=0 target_pid=8252
2026-09-18 05:53:18,876 INFO SendInput scan=0x39 down=True accepted=1 error=0 target_pid=8252
2026-09-18 05:53:18,985 INFO SendInput scan=0x39 down=False accepted=1 error=0 target_pid=8252
2026-09-18 05:53:19,048 INFO SendInput scan=0x2A down=True accepted=1 error=0 target_pid=8252
2026-09-18 05:53:19,945 INFO SendInput scan=0x2A down=False accepted=1 error=0 target_pid=8252
2026-09-18 05:53:20,056 INFO SendInput scan=0x20 down=True accepted=1 error=0 target_pid=8252
2026-09-18 05:53:20,159 INFO Tracking camera_fps=32.0 inference_fps=31.8 model_ms=32.0 age_ms=47.0 hands=1 pose=True mode=Eğilme
2026-09-18 05:53:20,168 INFO SendInput scan=0x20 down=False accepted=1 error=0 target_pid=8252
2026-09-18 05:53:20,436 INFO SendInput scan=0x39 down=True accepted=1 error=0 target_pid=8252
2026-09-18 05:53:20,545 INFO SendInput scan=0x39 down=False accepted=1 error=0 target_pid=8252
2026-09-18 05:53:20,608 INFO SendInput scan=0x2A down=True accepted=1 error=0 target_pid=8252
2026-09-18 05:53:21,411 INFO SendInput scan=0x2A down=False accepted=1 error=0 target_pid=8252
2026-09-18 05:53:21,556 INFO SendInput scan=0x39 down=True accepted=1 error=0 target_pid=8252
2026-09-18 05:53:21,664 INFO SendInput scan=0x39 down=False accepted=1 error=0 target_pid=8252
2026-09-18 05:53:21,728 INFO SendInput scan=0x2A down=True accepted=1 error=0 target_pid=8252
2026-09-18 05:53:21,869 INFO SendInput scan=0x2A down=False accepted=1 error=0 target_pid=8252
2026-09-18 05:53:23,203 INFO Tracking camera_fps=31.8 inference_fps=37.1 model_ms=32.0 age_ms=32.0 hands=1 pose=True mode=Eğilme
2026-09-18 05:53:23,209 INFO SendInput scan=0x20 down=True accepted=1 error=0 target_pid=8252
2026-09-18 05:53:23,242 INFO SendInput scan=0x20 down=False accepted=1 error=0 target_pid=8252
2026-09-18 05:53:23,398 INFO SendInput scan=0x39 down=True accepted=1 error=0 target_pid=8252
2026-09-18 05:53:23,509 INFO SendInput scan=0x39 down=False accepted=1 error=0 target_pid=8252
2026-09-18 05:53:23,747 INFO SendInput scan=0x39 down=True accepted=1 error=0 target_pid=8252
2026-09-18 05:53:23,855 INFO SendInput scan=0x39 down=False accepted=1 error=0 target_pid=8252
2026-09-18 05:53:23,919 INFO SendInput scan=0x2A down=True accepted=1 error=0 target_pid=8252
2026-09-18 05:53:24,219 INFO SendInput scan=0x2A down=False accepted=1 error=0 target_pid=8252
2026-09-18 05:53:24,406 INFO SendInput scan=0x39 down=True accepted=1 error=0 target_pid=8252
2026-09-18 05:53:24,516 INFO SendInput scan=0x39 down=False accepted=1 error=0 target_pid=8252
2026-09-18 05:53:24,578 INFO SendInput scan=0x2A down=True accepted=1 error=0 target_pid=8252
2026-09-18 05:53:24,786 INFO SendInput scan=0x2A down=False accepted=1 error=0 target_pid=8252
2026-09-18 05:53:24,895 INFO SendInput scan=0x20 down=True accepted=1 error=0 target_pid=8252
2026-09-18 05:53:25,036 INFO SendInput scan=0x11 down=True accepted=1 error=0 target_pid=8252
2026-09-18 05:53:25,178 INFO SendInput scan=0x20 down=False accepted=1 error=0 target_pid=8252
2026-09-18 05:53:25,178 INFO SendInput scan=0x11 down=False accepted=1 error=0 target_pid=8252
2026-09-18 05:53:25,336 INFO SendInput scan=0x39 down=True accepted=1 error=0 target_pid=8252
2026-09-18 05:53:25,416 INFO SendInput scan=0x39 down=False accepted=1 error=0 target_pid=8252
2026-09-18 05:53:25,846 INFO SendInput scan=0x39 down=True accepted=1 error=0 target_pid=8252
2026-09-18 05:53:25,956 INFO SendInput scan=0x39 down=False accepted=1 error=0 target_pid=8252
2026-09-18 05:53:26,021 INFO SendInput scan=0x2A down=True accepted=1 error=0 target_pid=8252
2026-09-18 05:53:26,231 INFO Tracking camera_fps=33.2 inference_fps=34.9 model_ms=31.0 age_ms=31.0 hands=1 pose=True mode=Swing
2026-09-18 05:53:26,413 INFO SendInput scan=0x2A down=False accepted=1 error=0 target_pid=8252
2026-09-18 05:53:26,522 INFO SendInput scan=0x1F down=True accepted=1 error=0 target_pid=8252
2026-09-18 05:53:26,615 INFO SendInput scan=0x20 down=True accepted=1 error=0 target_pid=8252
2026-09-18 05:53:26,631 INFO SendInput scan=0x20 down=False accepted=1 error=0 target_pid=8252
2026-09-18 05:53:26,631 INFO SendInput scan=0x1F down=False accepted=1 error=0 target_pid=8252
2026-09-18 05:53:26,883 INFO SendInput scan=0x20 down=True accepted=1 error=0 target_pid=8252
2026-09-18 05:53:26,883 INFO SendInput scan=0x1F down=True accepted=1 error=0 target_pid=8252
2026-09-18 05:53:26,915 INFO SendInput scan=0x20 down=False accepted=1 error=0 target_pid=8252
2026-09-18 05:53:26,917 INFO SendInput scan=0x1F down=False accepted=1 error=0 target_pid=8252
2026-09-18 05:53:27,139 INFO SendInput scan=0x1F down=True accepted=1 error=0 target_pid=8252
2026-09-18 05:53:27,249 INFO SendInput scan=0x1F down=False accepted=1 error=0 target_pid=8252
2026-09-18 05:53:27,296 INFO SendInput scan=0x39 down=True accepted=1 error=0 target_pid=8252
2026-09-18 05:53:27,407 INFO SendInput scan=0x39 down=False accepted=1 error=0 target_pid=8252
2026-09-18 05:53:27,469 INFO SendInput scan=0x2A down=True accepted=1 error=0 target_pid=8252
2026-09-18 05:53:27,722 INFO SendInput scan=0x20 down=True accepted=1 error=0 target_pid=8252
2026-09-18 05:53:27,722 INFO SendInput scan=0x11 down=True accepted=1 error=0 target_pid=8252
2026-09-18 05:53:27,862 INFO SendInput scan=0x20 down=False accepted=1 error=0 target_pid=8252
2026-09-18 05:53:27,862 INFO SendInput scan=0x11 down=False accepted=1 error=0 target_pid=8252
2026-09-18 05:53:28,068 INFO SendInput scan=0x2A down=False accepted=1 error=0 target_pid=8252
2026-09-18 05:53:28,102 INFO SendInput scan=0x1E down=True accepted=1 error=0 target_pid=8252
2026-09-18 05:53:28,132 INFO SendInput scan=0x1F down=True accepted=1 error=0 target_pid=8252
2026-09-18 05:53:28,164 INFO SendInput scan=0x1E down=False accepted=1 error=0 target_pid=8252
2026-09-18 05:53:28,166 INFO SendInput scan=0x1F down=False accepted=1 error=0 target_pid=8252
2026-09-18 05:53:29,265 INFO Tracking camera_fps=31.0 inference_fps=33.9 model_ms=31.0 age_ms=31.0 hands=1 pose=True mode=Eğilme
2026-09-18 05:53:29,609 INFO SendInput scan=0x20 down=True accepted=1 error=0 target_pid=8252
2026-09-18 05:53:29,609 INFO SendInput scan=0x1F down=True accepted=1 error=0 target_pid=8252
2026-09-18 05:53:29,641 INFO SendInput scan=0x20 down=False accepted=1 error=0 target_pid=8252
2026-09-18 05:53:29,642 INFO SendInput scan=0x1F down=False accepted=1 error=0 target_pid=8252
2026-09-18 05:53:30,195 INFO SendInput scan=0x39 down=True accepted=1 error=0 target_pid=8252
2026-09-18 05:53:30,304 INFO SendInput scan=0x39 down=False accepted=1 error=0 target_pid=8252
2026-09-18 05:53:30,369 INFO SendInput scan=0x2A down=True accepted=1 error=0 target_pid=8252
2026-09-18 05:53:30,937 INFO SendInput scan=0x2A down=False accepted=1 error=0 target_pid=8252
2026-09-18 05:53:31,063 INFO SendInput scan=0x39 down=True accepted=1 error=0 target_pid=8252
2026-09-18 05:53:31,174 INFO SendInput scan=0x39 down=False accepted=1 error=0 target_pid=8252
2026-09-18 05:53:31,238 INFO SendInput scan=0x2A down=True accepted=1 error=0 target_pid=8252
2026-09-18 05:53:32,288 INFO Tracking camera_fps=31.0 inference_fps=29.6 model_ms=32.0 age_ms=63.0 hands=1 pose=True mode=Swing
2026-09-18 05:53:32,502 INFO SendInput scan=0x2A down=False accepted=1 error=0 target_pid=8252
2026-09-18 05:53:33,038 INFO SendInput scan=0x39 down=True accepted=1 error=0 target_pid=8252
2026-09-18 05:53:33,146 INFO SendInput scan=0x39 down=False accepted=1 error=0 target_pid=8252
2026-09-18 05:53:33,208 INFO SendInput scan=0x2A down=True accepted=1 error=0 target_pid=8252
2026-09-18 05:53:34,330 INFO SendInput scan=0x2A down=False accepted=1 error=0 target_pid=8252
2026-09-18 05:53:34,564 INFO SendInput scan=0x39 down=True accepted=1 error=0 target_pid=8252
2026-09-18 05:53:34,674 INFO SendInput scan=0x39 down=False accepted=1 error=0 target_pid=8252
2026-09-18 05:53:34,862 INFO SendInput scan=0x39 down=True accepted=1 error=0 target_pid=8252
2026-09-18 05:53:34,972 INFO SendInput scan=0x39 down=False accepted=1 error=0 target_pid=8252
2026-09-18 05:53:35,241 INFO SendInput scan=0x39 down=True accepted=1 error=0 target_pid=8252
2026-09-18 05:53:35,293 INFO Tracking camera_fps=31.3 inference_fps=31.9 model_ms=31.0 age_ms=47.0 hands=1 pose=True mode=Eğilme
2026-09-18 05:53:35,302 INFO SendInput scan=0x39 down=False accepted=1 error=0 target_pid=8252
2026-09-18 05:53:35,460 INFO SendInput scan=0x39 down=True accepted=1 error=0 target_pid=8252
2026-09-18 05:53:35,571 INFO SendInput scan=0x39 down=False accepted=1 error=0 target_pid=8252
2026-09-18 05:53:35,634 INFO SendInput scan=0x2A down=True accepted=1 error=0 target_pid=8252
2026-09-18 05:53:36,231 INFO SendInput scan=0x2A down=False accepted=1 error=0 target_pid=8252
2026-09-18 05:53:37,423 INFO SendInput scan=0x39 down=True accepted=1 error=0 target_pid=8252
2026-09-18 05:53:37,533 INFO SendInput scan=0x39 down=False accepted=1 error=0 target_pid=8252
2026-09-18 05:53:37,598 INFO SendInput scan=0x2A down=True accepted=1 error=0 target_pid=8252
2026-09-18 05:53:38,323 INFO Tracking camera_fps=34.6 inference_fps=32.3 model_ms=32.0 age_ms=47.0 hands=1 pose=True mode=Swing
2026-09-18 05:53:40,351 INFO SendInput scan=0x2A down=False accepted=1 error=0 target_pid=8252
2026-09-18 05:53:40,623 INFO SendInput scan=0x20 down=True accepted=1 error=0 target_pid=8252
2026-09-18 05:53:40,712 INFO SendInput scan=0x20 down=False accepted=1 error=0 target_pid=8252
2026-09-18 05:53:40,919 INFO SendInput scan=0x39 down=True accepted=1 error=0 target_pid=8252
2026-09-18 05:53:41,030 INFO SendInput scan=0x39 down=False accepted=1 error=0 target_pid=8252
2026-09-18 05:53:41,093 INFO SendInput scan=0x2A down=True accepted=1 error=0 target_pid=8252
2026-09-18 05:53:41,352 INFO Tracking camera_fps=34.2 inference_fps=34.6 model_ms=15.0 age_ms=15.0 hands=1 pose=True mode=Swing
2026-09-18 05:53:43,447 INFO SendInput scan=0x2A down=False accepted=1 error=0 target_pid=8252
2026-09-18 05:53:44,325 INFO SendInput scan=0x39 down=True accepted=1 error=0 target_pid=8252
2026-09-18 05:53:44,389 INFO Tracking camera_fps=31.4 inference_fps=31.1 model_ms=15.0 age_ms=47.0 hands=1 pose=True mode=Swing
2026-09-18 05:53:44,437 INFO SendInput scan=0x39 down=False accepted=1 error=0 target_pid=8252
2026-09-18 05:53:44,499 INFO SendInput scan=0x2A down=True accepted=1 error=0 target_pid=8252
2026-09-18 05:53:45,756 INFO SendInput scan=0x2A down=False accepted=1 error=0 target_pid=8252
2026-09-18 05:53:45,867 INFO SendInput scan=0x1E down=True accepted=1 error=0 target_pid=8252
2026-09-18 05:53:45,867 INFO SendInput scan=0x11 down=True accepted=1 error=0 target_pid=8252
2026-09-18 05:53:46,075 INFO SendInput scan=0x1E down=False accepted=1 error=0 target_pid=8252
2026-09-18 05:53:46,075 INFO SendInput scan=0x11 down=False accepted=1 error=0 target_pid=8252
2026-09-18 05:53:46,513 INFO SendInput scan=0x39 down=True accepted=1 error=0 target_pid=8252
2026-09-18 05:53:46,625 INFO SendInput scan=0x39 down=False accepted=1 error=0 target_pid=8252
2026-09-18 05:53:46,689 INFO SendInput scan=0x2A down=True accepted=1 error=0 target_pid=8252
2026-09-18 05:53:47,440 INFO Tracking camera_fps=39.2 inference_fps=27.9 model_ms=31.0 age_ms=63.0 hands=1 pose=True mode=Swing
2026-09-18 05:53:48,891 INFO SendInput scan=0x2A down=False accepted=1 error=0 target_pid=8252
2026-09-18 05:53:49,029 INFO SendInput scan=0x20 down=True accepted=1 error=0 target_pid=8252
2026-09-18 05:53:49,222 INFO SendInput scan=0x11 down=True accepted=1 error=0 target_pid=8252
2026-09-18 05:53:49,256 INFO SendInput scan=0x20 down=False accepted=1 error=0 target_pid=8252
2026-09-18 05:53:49,256 INFO SendInput scan=0x11 down=False accepted=1 error=0 target_pid=8252
2026-09-18 05:53:49,817 INFO SendInput scan=0x39 down=True accepted=1 error=0 target_pid=8252
2026-09-18 05:53:49,925 INFO SendInput scan=0x39 down=False accepted=1 error=0 target_pid=8252
2026-09-18 05:53:49,987 INFO SendInput scan=0x2A down=True accepted=1 error=0 target_pid=8252
2026-09-18 05:53:50,473 INFO Tracking camera_fps=31.6 inference_fps=31.0 model_ms=31.0 age_ms=62.0 hands=1 pose=True mode=Swing
2026-09-18 05:53:52,178 INFO SendInput scan=0x2A down=False accepted=1 error=0 target_pid=8252
2026-09-18 05:53:52,225 INFO SendInput scan=0x11 down=True accepted=1 error=0 target_pid=8252
2026-09-18 05:53:52,326 INFO SendInput scan=0x20 down=True accepted=1 error=0 target_pid=8252
2026-09-18 05:53:52,368 INFO SendInput scan=0x20 down=False accepted=1 error=0 target_pid=8252
2026-09-18 05:53:52,369 INFO SendInput scan=0x11 down=False accepted=1 error=0 target_pid=8252
2026-09-18 05:53:52,714 INFO SendInput scan=0x39 down=True accepted=1 error=0 target_pid=8252
2026-09-18 05:53:52,744 INFO SendInput scan=0x1E down=True accepted=1 error=0 target_pid=8252
2026-09-18 05:53:52,776 INFO SendInput scan=0x1E down=False accepted=1 error=0 target_pid=8252
2026-09-18 05:53:52,824 INFO SendInput scan=0x39 down=False accepted=1 error=0 target_pid=8252
2026-09-18 05:53:52,886 INFO SendInput scan=0x2A down=True accepted=1 error=0 target_pid=8252
2026-09-18 05:53:52,901 INFO SendInput scan=0x1F down=True accepted=1 error=0 target_pid=8252
2026-09-18 05:53:53,199 INFO SendInput scan=0x1F down=False accepted=1 error=0 target_pid=8252
2026-09-18 05:53:53,480 INFO Tracking camera_fps=31.4 inference_fps=31.8 model_ms=31.0 age_ms=47.0 hands=1 pose=True mode=Swing
2026-09-18 05:53:53,880 INFO SendInput scan=0x2A down=False accepted=1 error=0 target_pid=8252
2026-09-18 05:53:54,019 INFO SendInput scan=0x39 down=True accepted=1 error=0 target_pid=8252
2026-09-18 05:53:54,129 INFO SendInput scan=0x39 down=False accepted=1 error=0 target_pid=8252
2026-09-18 05:53:54,192 INFO SendInput scan=0x2A down=True accepted=1 error=0 target_pid=8252
2026-09-18 05:53:54,207 INFO SendInput scan=0x2A down=False accepted=1 error=0 target_pid=8252
2026-09-18 05:53:54,708 INFO Mouse button=right down=True accepted=1
2026-09-18 05:53:54,819 INFO SendInput scan=0x1F down=True accepted=1 error=0 target_pid=8252
2026-09-18 05:53:54,866 INFO Mouse button=right down=False accepted=1
2026-09-18 05:53:54,914 INFO SendInput scan=0x1F down=False accepted=1 error=0 target_pid=8252
2026-09-18 05:53:55,244 INFO SendInput scan=0x11 down=True accepted=1 error=0 target_pid=8252
2026-09-18 05:53:55,438 INFO SendInput scan=0x11 down=False accepted=1 error=0 target_pid=8252
2026-09-18 05:53:56,220 INFO SendInput scan=0x39 down=True accepted=1 error=0 target_pid=8252
2026-09-18 05:53:56,330 INFO SendInput scan=0x39 down=False accepted=1 error=0 target_pid=8252
2026-09-18 05:53:56,392 INFO SendInput scan=0x2A down=True accepted=1 error=0 target_pid=8252
2026-09-18 05:53:56,494 INFO Tracking camera_fps=32.0 inference_fps=33.0 model_ms=31.0 age_ms=62.0 hands=1 pose=True mode=Swing
2026-09-18 05:53:58,459 INFO SendInput scan=0x2A down=False accepted=1 error=0 target_pid=8252
2026-09-18 05:53:58,991 INFO SendInput scan=0x1E down=True accepted=1 error=0 target_pid=8252
2026-09-18 05:53:59,070 INFO SendInput scan=0x1E down=False accepted=1 error=0 target_pid=8252
2026-09-18 05:53:59,354 INFO SendInput scan=0x39 down=True accepted=1 error=0 target_pid=8252
2026-09-18 05:53:59,449 INFO SendInput scan=0x39 down=False accepted=1 error=0 target_pid=8252
2026-09-18 05:53:59,514 INFO SendInput scan=0x2A down=True accepted=1 error=0 target_pid=8252
2026-09-18 05:53:59,533 INFO Tracking camera_fps=33.5 inference_fps=35.0 model_ms=16.0 age_ms=47.0 hands=1 pose=True mode=Swing
2026-09-18 05:54:00,363 INFO SendInput scan=0x2A down=False accepted=1 error=0 target_pid=8252
2026-09-18 05:54:00,710 INFO SendInput scan=0x39 down=True accepted=1 error=0 target_pid=8252
2026-09-18 05:54:00,820 INFO SendInput scan=0x39 down=False accepted=1 error=0 target_pid=8252
2026-09-18 05:54:00,883 INFO SendInput scan=0x2A down=True accepted=1 error=0 target_pid=8252
2026-09-18 05:54:01,792 INFO SendInput scan=0x2A down=False accepted=1 error=0 target_pid=8252
2026-09-18 05:54:02,028 INFO SendInput scan=0x39 down=True accepted=1 error=0 target_pid=8252
2026-09-18 05:54:02,141 INFO SendInput scan=0x39 down=False accepted=1 error=0 target_pid=8252
2026-09-18 05:54:02,201 INFO SendInput scan=0x2A down=True accepted=1 error=0 target_pid=8252
2026-09-18 05:54:02,541 INFO Tracking camera_fps=30.3 inference_fps=31.5 model_ms=32.0 age_ms=47.0 hands=1 pose=True mode=Swing
2026-09-18 05:54:02,939 INFO SendInput scan=0x2A down=False accepted=1 error=0 target_pid=8252
2026-09-18 05:54:03,063 INFO SendInput scan=0x39 down=True accepted=1 error=0 target_pid=8252
2026-09-18 05:54:03,175 INFO SendInput scan=0x39 down=False accepted=1 error=0 target_pid=8252
2026-09-18 05:54:03,237 INFO SendInput scan=0x2A down=True accepted=1 error=0 target_pid=8252
2026-09-18 05:54:03,301 INFO SendInput scan=0x2A down=False accepted=1 error=0 target_pid=8252
2026-09-18 05:54:03,848 INFO SendInput scan=0x39 down=True accepted=1 error=0 target_pid=8252
2026-09-18 05:54:03,864 INFO SendInput scan=0x39 down=False accepted=1 error=0 target_pid=8252
2026-09-18 05:54:04,775 INFO SendInput scan=0x20 down=True accepted=1 error=0 target_pid=8252
2026-09-18 05:54:04,793 INFO SendInput scan=0x20 down=False accepted=1 error=0 target_pid=8252
2026-09-18 05:54:04,854 INFO SendInput scan=0x39 down=True accepted=1 error=0 target_pid=8252
2026-09-18 05:54:04,963 INFO SendInput scan=0x39 down=False accepted=1 error=0 target_pid=8252
2026-09-18 05:54:05,025 INFO SendInput scan=0x2A down=True accepted=1 error=0 target_pid=8252
2026-09-18 05:54:05,569 INFO Tracking camera_fps=30.5 inference_fps=29.1 model_ms=31.0 age_ms=47.0 hands=1 pose=True mode=Swing
2026-09-18 05:54:07,398 INFO SendInput scan=0x2A down=False accepted=1 error=0 target_pid=8252
2026-09-18 05:54:07,807 INFO SendInput scan=0x1E down=True accepted=1 error=0 target_pid=8252
2026-09-18 05:54:07,995 INFO SendInput scan=0x11 down=True accepted=1 error=0 target_pid=8252
2026-09-18 05:54:08,044 INFO SendInput scan=0x1E down=False accepted=1 error=0 target_pid=8252
2026-09-18 05:54:08,045 INFO SendInput scan=0x11 down=False accepted=1 error=0 target_pid=8252
2026-09-18 05:54:08,200 INFO SendInput scan=0x39 down=True accepted=1 error=0 target_pid=8252
2026-09-18 05:54:08,311 INFO SendInput scan=0x39 down=False accepted=1 error=0 target_pid=8252
2026-09-18 05:54:08,374 INFO SendInput scan=0x2A down=True accepted=1 error=0 target_pid=8252
2026-09-18 05:54:08,581 INFO Tracking camera_fps=30.8 inference_fps=28.4 model_ms=32.0 age_ms=63.0 hands=1 pose=True mode=Swing
2026-09-18 05:54:10,937 INFO SendInput scan=0x2A down=False accepted=1 error=0 target_pid=8252
2026-09-18 05:54:11,363 INFO SendInput scan=0x39 down=True accepted=1 error=0 target_pid=8252
2026-09-18 05:54:11,475 INFO SendInput scan=0x39 down=False accepted=1 error=0 target_pid=8252
2026-09-18 05:54:11,602 INFO Tracking camera_fps=34.1 inference_fps=34.2 model_ms=31.0 age_ms=31.0 hands=1 pose=True mode=Eğilme
2026-09-18 05:54:11,644 INFO SendInput scan=0x1E down=True accepted=1 error=0 target_pid=8252
2026-09-18 05:54:11,645 INFO SendInput scan=0x1F down=True accepted=1 error=0 target_pid=8252
2026-09-18 05:54:11,802 INFO SendInput scan=0x1E down=False accepted=1 error=0 target_pid=8252
2026-09-18 05:54:11,807 INFO SendInput scan=0x1F down=False accepted=1 error=0 target_pid=8252
2026-09-18 05:54:12,225 INFO SendInput scan=0x1F down=True accepted=1 error=0 target_pid=8252
2026-09-18 05:54:12,335 INFO SendInput scan=0x1F down=False accepted=1 error=0 target_pid=8252
2026-09-18 05:54:13,121 INFO SendInput scan=0x1E down=True accepted=1 error=0 target_pid=8252
2026-09-18 05:54:13,201 INFO SendInput scan=0x1E down=False accepted=1 error=0 target_pid=8252
2026-09-18 05:54:13,735 INFO SendInput scan=0x11 down=True accepted=1 error=0 target_pid=8252
2026-09-18 05:54:13,768 INFO SendInput scan=0x20 down=True accepted=1 error=0 target_pid=8252
2026-09-18 05:54:13,798 INFO SendInput scan=0x20 down=False accepted=1 error=0 target_pid=8252
2026-09-18 05:54:13,799 INFO SendInput scan=0x11 down=False accepted=1 error=0 target_pid=8252
2026-09-18 05:54:13,845 INFO SendInput scan=0x11 down=True accepted=1 error=0 target_pid=8252
2026-09-18 05:54:13,878 INFO SendInput scan=0x11 down=False accepted=1 error=0 target_pid=8252
2026-09-18 05:54:13,940 INFO SendInput scan=0x11 down=True accepted=1 error=0 target_pid=8252
2026-09-18 05:54:13,974 INFO SendInput scan=0x11 down=False accepted=1 error=0 target_pid=8252
2026-09-18 05:54:14,625 INFO Tracking camera_fps=33.8 inference_fps=35.4 model_ms=15.0 age_ms=31.0 hands=2 pose=True mode=Eğilme
2026-09-18 05:54:15,650 INFO Mouse button=left down=True accepted=1
2026-09-18 05:54:15,745 INFO Mouse button=left down=False accepted=1
2026-09-18 05:54:16,045 INFO SendInput scan=0x1F down=True accepted=1 error=0 target_pid=8252
2026-09-18 05:54:16,092 INFO SendInput scan=0x1F down=False accepted=1 error=0 target_pid=8252
2026-09-18 05:54:16,092 INFO SendInput scan=0x1E down=True accepted=1 error=0 target_pid=8252
2026-09-18 05:54:16,092 INFO SendInput scan=0x11 down=True accepted=1 error=0 target_pid=8252
2026-09-18 05:54:16,217 INFO SendInput scan=0x11 down=False accepted=1 error=0 target_pid=8252
2026-09-18 05:54:16,279 INFO Mouse button=right down=True accepted=1
2026-09-18 05:54:16,325 INFO SendInput scan=0x1E down=False accepted=1 error=0 target_pid=8252
2026-09-18 05:54:16,657 INFO SendInput scan=0x1F down=True accepted=1 error=0 target_pid=8252
2026-09-18 05:54:16,689 INFO SendInput scan=0x1E down=True accepted=1 error=0 target_pid=8252
2026-09-18 05:54:16,799 INFO SendInput scan=0x1E down=False accepted=1 error=0 target_pid=8252
2026-09-18 05:54:16,799 INFO SendInput scan=0x1F down=False accepted=1 error=0 target_pid=8252
2026-09-18 05:54:17,056 INFO SendInput scan=0x1F down=True accepted=1 error=0 target_pid=8252
2026-09-18 05:54:17,225 INFO SendInput scan=0x1F down=False accepted=1 error=0 target_pid=8252
2026-09-18 05:54:17,383 INFO SendInput scan=0x12 down=True accepted=1 error=0 target_pid=8252
2026-09-18 05:54:17,383 INFO SendInput scan=0x20 down=True accepted=1 error=0 target_pid=8252
2026-09-18 05:54:17,429 INFO Mouse button=right down=False accepted=1
2026-09-18 05:54:17,462 INFO SendInput scan=0x12 down=False accepted=1 error=0 target_pid=8252
2026-09-18 05:54:17,494 INFO SendInput scan=0x20 down=False accepted=1 error=0 target_pid=8252
2026-09-18 05:54:17,541 INFO SendInput scan=0x12 down=True accepted=1 error=0 target_pid=8252
2026-09-18 05:54:17,588 INFO SendInput scan=0x39 down=True accepted=1 error=0 target_pid=8252
2026-09-18 05:54:17,620 INFO SendInput scan=0x12 down=False accepted=1 error=0 target_pid=8252
2026-09-18 05:54:17,620 INFO SendInput scan=0x20 down=True accepted=1 error=0 target_pid=8252
2026-09-18 05:54:17,642 INFO Tracking camera_fps=31.9 inference_fps=37.8 model_ms=16.0 age_ms=31.0 hands=2 pose=True mode=Swing
2026-09-18 05:54:17,682 INFO SendInput scan=0x39 down=False accepted=1 error=0 target_pid=8252
2026-09-18 05:54:17,682 INFO SendInput scan=0x20 down=False accepted=1 error=0 target_pid=8252
2026-09-18 05:54:17,745 INFO SendInput scan=0x2A down=True accepted=1 error=0 target_pid=8252
2026-09-18 05:54:18,784 INFO SendInput scan=0x2A down=False accepted=1 error=0 target_pid=8252
2026-09-18 05:54:18,845 INFO SendInput scan=0x11 down=True accepted=1 error=0 target_pid=8252
2026-09-18 05:54:19,034 INFO SendInput scan=0x11 down=False accepted=1 error=0 target_pid=8252
2026-09-18 05:54:20,155 INFO SendInput scan=0x11 down=True accepted=1 error=0 target_pid=8252
2026-09-18 05:54:20,188 INFO SendInput scan=0x20 down=True accepted=1 error=0 target_pid=8252
2026-09-18 05:54:20,344 INFO SendInput scan=0x20 down=False accepted=1 error=0 target_pid=8252
2026-09-18 05:54:20,344 INFO SendInput scan=0x11 down=False accepted=1 error=0 target_pid=8252
2026-09-18 05:54:20,519 INFO SendInput scan=0x11 down=True accepted=1 error=0 target_pid=8252
2026-09-18 05:54:20,598 INFO SendInput scan=0x11 down=False accepted=1 error=0 target_pid=8252
2026-09-18 05:54:20,683 INFO Tracking camera_fps=31.5 inference_fps=31.9 model_ms=31.0 age_ms=47.0 hands=1 pose=True mode=Eğilme
2026-09-18 05:54:20,976 INFO SendInput scan=0x20 down=True accepted=1 error=0 target_pid=8252
2026-09-18 05:54:21,024 INFO SendInput scan=0x20 down=False accepted=1 error=0 target_pid=8252
2026-09-18 05:54:21,243 INFO SendInput scan=0x39 down=True accepted=1 error=0 target_pid=8252
2026-09-18 05:54:21,322 INFO SendInput scan=0x1E down=True accepted=1 error=0 target_pid=8252
2026-09-18 05:54:21,353 INFO SendInput scan=0x39 down=False accepted=1 error=0 target_pid=8252
2026-09-18 05:54:21,415 INFO SendInput scan=0x2A down=True accepted=1 error=0 target_pid=8252
2026-09-18 05:54:21,416 INFO SendInput scan=0x1E down=False accepted=1 error=0 target_pid=8252
2026-09-18 05:54:21,509 INFO SendInput scan=0x2A down=False accepted=1 error=0 target_pid=8252
2026-09-18 05:54:21,572 INFO SendInput scan=0x20 down=True accepted=1 error=0 target_pid=8252
2026-09-18 05:54:21,649 INFO SendInput scan=0x20 down=False accepted=1 error=0 target_pid=8252
2026-09-18 05:54:21,867 INFO SendInput scan=0x39 down=True accepted=1 error=0 target_pid=8252
2026-09-18 05:54:21,978 INFO SendInput scan=0x39 down=False accepted=1 error=0 target_pid=8252
2026-09-18 05:54:22,041 INFO SendInput scan=0x1F down=True accepted=1 error=0 target_pid=8252
2026-09-18 05:54:22,089 INFO SendInput scan=0x39 down=True accepted=1 error=0 target_pid=8252
2026-09-18 05:54:22,089 INFO SendInput scan=0x1E down=True accepted=1 error=0 target_pid=8252
2026-09-18 05:54:22,107 INFO SendInput scan=0x1E down=False accepted=1 error=0 target_pid=8252
2026-09-18 05:54:22,108 INFO SendInput scan=0x1F down=False accepted=1 error=0 target_pid=8252
2026-09-18 05:54:22,183 INFO SendInput scan=0x39 down=False accepted=1 error=0 target_pid=8252
2026-09-18 05:54:22,247 INFO SendInput scan=0x2A down=True accepted=1 error=0 target_pid=8252
2026-09-18 05:54:22,356 INFO SendInput scan=0x2A down=False accepted=1 error=0 target_pid=8252
2026-09-18 05:54:23,017 INFO SendInput scan=0x1E down=True accepted=1 error=0 target_pid=8252
2026-09-18 05:54:23,129 INFO SendInput scan=0x39 down=True accepted=1 error=0 target_pid=8252
2026-09-18 05:54:23,207 INFO SendInput scan=0x39 down=False accepted=1 error=0 target_pid=8252
2026-09-18 05:54:23,207 INFO SendInput scan=0x1E down=False accepted=1 error=0 target_pid=8252
2026-09-18 05:54:23,208 INFO SendInput scan=0x11 down=True accepted=1 error=0 target_pid=8252
2026-09-18 05:54:23,333 INFO SendInput scan=0x11 down=False accepted=1 error=0 target_pid=8252
2026-09-18 05:54:23,711 INFO Tracking camera_fps=31.6 inference_fps=33.4 model_ms=32.0 age_ms=32.0 hands=2 pose=True mode=Eğilme
2026-09-18 05:54:23,916 INFO SendInput scan=0x1F down=True accepted=1 error=0 target_pid=8252
2026-09-18 05:54:23,980 INFO SendInput scan=0x1F down=False accepted=1 error=0 target_pid=8252
2026-09-18 05:54:24,042 INFO SendInput scan=0x39 down=True accepted=1 error=0 target_pid=8252
2026-09-18 05:54:24,075 INFO SendInput scan=0x11 down=True accepted=1 error=0 target_pid=8252
2026-09-18 05:54:24,121 INFO SendInput scan=0x11 down=False accepted=1 error=0 target_pid=8252
2026-09-18 05:54:24,152 INFO SendInput scan=0x39 down=False accepted=1 error=0 target_pid=8252
2026-09-18 05:54:24,215 INFO SendInput scan=0x2A down=True accepted=1 error=0 target_pid=8252
2026-09-18 05:54:24,341 INFO SendInput scan=0x2A down=False accepted=1 error=0 target_pid=8252
2026-09-18 05:54:24,341 INFO SendInput scan=0x39 down=True accepted=1 error=0 target_pid=8252
2026-09-18 05:54:24,357 INFO SendInput scan=0x39 down=False accepted=1 error=0 target_pid=8252
2026-09-18 05:54:24,971 INFO SendInput scan=0x39 down=True accepted=1 error=0 target_pid=8252
2026-09-18 05:54:25,083 INFO SendInput scan=0x39 down=False accepted=1 error=0 target_pid=8252
2026-09-18 05:54:25,145 INFO SendInput scan=0x2A down=True accepted=1 error=0 target_pid=8252
2026-09-18 05:54:26,385 INFO SendInput scan=0x2A down=False accepted=1 error=0 target_pid=8252
2026-09-18 05:54:26,714 INFO Tracking camera_fps=34.1 inference_fps=31.0 model_ms=16.0 age_ms=47.0 hands=1 pose=True mode=Eğilme
2026-09-18 05:54:26,792 INFO SendInput scan=0x1F down=True accepted=1 error=0 target_pid=8252
2026-09-18 05:54:26,838 INFO SendInput scan=0x1F down=False accepted=1 error=0 target_pid=8252
2026-09-18 05:54:27,315 INFO SendInput scan=0x20 down=True accepted=1 error=0 target_pid=8252
2026-09-18 05:54:27,345 INFO SendInput scan=0x20 down=False accepted=1 error=0 target_pid=8252
2026-09-18 05:54:27,393 INFO SendInput scan=0x39 down=True accepted=1 error=0 target_pid=8252
2026-09-18 05:54:27,504 INFO SendInput scan=0x39 down=False accepted=1 error=0 target_pid=8252
2026-09-18 05:54:27,566 INFO SendInput scan=0x2A down=True accepted=1 error=0 target_pid=8252
2026-09-18 05:54:29,745 INFO Tracking camera_fps=51.7 inference_fps=27.5 model_ms=31.0 age_ms=46.0 hands=1 pose=True mode=Swing
2026-09-18 05:54:31,580 INFO SendInput scan=0x2A down=False accepted=1 error=0 target_pid=8252
2026-09-18 05:54:31,707 INFO SendInput scan=0x1E down=True accepted=1 error=0 target_pid=8252
2026-09-18 05:54:31,773 INFO SendInput scan=0x1E down=False accepted=1 error=0 target_pid=8252
2026-09-18 05:54:31,896 INFO SendInput scan=0x1E down=True accepted=1 error=0 target_pid=8252
2026-09-18 05:54:31,928 INFO SendInput scan=0x1F down=True accepted=1 error=0 target_pid=8252
2026-09-18 05:54:32,177 INFO SendInput scan=0x1F down=False accepted=1 error=0 target_pid=8252
2026-09-18 05:54:32,256 INFO SendInput scan=0x1E down=False accepted=1 error=0 target_pid=8252
2026-09-18 05:54:32,444 INFO SendInput scan=0x39 down=True accepted=1 error=0 target_pid=8252
2026-09-18 05:54:32,555 INFO SendInput scan=0x39 down=False accepted=1 error=0 target_pid=8252
2026-09-18 05:54:32,616 INFO SendInput scan=0x2A down=True accepted=1 error=0 target_pid=8252
2026-09-18 05:54:32,762 INFO Tracking camera_fps=36.9 inference_fps=32.3 model_ms=31.0 age_ms=31.0 hands=1 pose=True mode=Swing
2026-09-18 05:54:32,867 INFO SendInput scan=0x2A down=False accepted=1 error=0 target_pid=8252
2026-09-18 05:54:33,138 INFO SendInput scan=0x39 down=True accepted=1 error=0 target_pid=8252
2026-09-18 05:54:33,166 INFO SendInput scan=0x39 down=False accepted=1 error=0 target_pid=8252
2026-09-18 05:54:33,939 INFO SendInput scan=0x39 down=True accepted=1 error=0 target_pid=8252
2026-09-18 05:54:34,048 INFO SendInput scan=0x39 down=False accepted=1 error=0 target_pid=8252
2026-09-18 05:54:34,112 INFO SendInput scan=0x2A down=True accepted=1 error=0 target_pid=8252
2026-09-18 05:54:35,087 INFO SendInput scan=0x2A down=False accepted=1 error=0 target_pid=8252
2026-09-18 05:54:35,229 INFO SendInput scan=0x39 down=True accepted=1 error=0 target_pid=8252
2026-09-18 05:54:35,340 INFO SendInput scan=0x39 down=False accepted=1 error=0 target_pid=8252
2026-09-18 05:54:35,402 INFO SendInput scan=0x2A down=True accepted=1 error=0 target_pid=8252
2026-09-18 05:54:35,791 INFO Tracking camera_fps=36.4 inference_fps=35.5 model_ms=16.0 age_ms=32.0 hands=1 pose=True mode=Swing
2026-09-18 05:54:35,874 INFO SendInput scan=0x2A down=False accepted=1 error=0 target_pid=8252
2026-09-18 05:54:36,078 INFO SendInput scan=0x39 down=True accepted=1 error=0 target_pid=8252
2026-09-18 05:54:36,190 INFO SendInput scan=0x39 down=False accepted=1 error=0 target_pid=8252
2026-09-18 05:54:36,252 INFO SendInput scan=0x2A down=True accepted=1 error=0 target_pid=8252
2026-09-18 05:54:37,167 INFO SendInput scan=0x2A down=False accepted=1 error=0 target_pid=8252
2026-09-18 05:54:37,326 INFO SendInput scan=0x39 down=True accepted=1 error=0 target_pid=8252
2026-09-18 05:54:37,436 INFO SendInput scan=0x39 down=False accepted=1 error=0 target_pid=8252
2026-09-18 05:54:37,500 INFO SendInput scan=0x2A down=True accepted=1 error=0 target_pid=8252
2026-09-18 05:54:38,002 INFO SendInput scan=0x2A down=False accepted=1 error=0 target_pid=8252
2026-09-18 05:54:38,082 INFO SendInput scan=0x1F down=True accepted=1 error=0 target_pid=8252
2026-09-18 05:54:38,178 INFO SendInput scan=0x1F down=False accepted=1 error=0 target_pid=8252
2026-09-18 05:54:38,744 INFO SendInput scan=0x11 down=True accepted=1 error=0 target_pid=8252
2026-09-18 05:54:38,796 INFO Tracking camera_fps=33.8 inference_fps=29.9 model_ms=31.0 age_ms=31.0 hands=1 pose=True mode=Eğilme
2026-09-18 05:54:38,934 INFO SendInput scan=0x11 down=False accepted=1 error=0 target_pid=8252
2026-09-18 05:54:39,172 INFO SendInput scan=0x39 down=True accepted=1 error=0 target_pid=8252
2026-09-18 05:54:39,280 INFO SendInput scan=0x39 down=False accepted=1 error=0 target_pid=8252
2026-09-18 05:54:39,343 INFO SendInput scan=0x2A down=True accepted=1 error=0 target_pid=8252
2026-09-18 05:54:39,438 INFO SendInput scan=0x2A down=False accepted=1 error=0 target_pid=8252
2026-09-18 05:54:39,532 INFO SendInput scan=0x39 down=True accepted=1 error=0 target_pid=8252
2026-09-18 05:54:39,643 INFO SendInput scan=0x39 down=False accepted=1 error=0 target_pid=8252
2026-09-18 05:54:39,877 INFO SendInput scan=0x1F down=True accepted=1 error=0 target_pid=8252
2026-09-18 05:54:39,909 INFO SendInput scan=0x1F down=False accepted=1 error=0 target_pid=8252
2026-09-18 05:54:40,495 INFO SendInput scan=0x11 down=True accepted=1 error=0 target_pid=8252
2026-09-18 05:54:40,522 INFO SendInput scan=0x11 down=False accepted=1 error=0 target_pid=8252
2026-09-18 05:54:41,008 INFO SendInput scan=0x39 down=True accepted=1 error=0 target_pid=8252
2026-09-18 05:54:41,105 INFO SendInput scan=0x39 down=False accepted=1 error=0 target_pid=8252
2026-09-18 05:54:41,187 INFO SendInput scan=0x2A down=True accepted=1 error=0 target_pid=8252
2026-09-18 05:54:41,833 INFO Tracking camera_fps=33.4 inference_fps=28.4 model_ms=32.0 age_ms=47.0 hands=1 pose=True mode=Swing
2026-09-18 05:54:42,410 INFO SendInput scan=0x2A down=False accepted=1 error=0 target_pid=8252
2026-09-18 05:54:42,628 INFO Mouse button=right down=True accepted=1
2026-09-18 05:54:43,392 INFO Mouse button=right down=False accepted=1
2026-09-18 05:54:43,693 INFO SendInput scan=0x1E down=True accepted=1 error=0 target_pid=8252
2026-09-18 05:54:43,771 INFO SendInput scan=0x1E down=False accepted=1 error=0 target_pid=8252
2026-09-18 05:54:43,898 INFO SendInput scan=0x11 down=True accepted=1 error=0 target_pid=8252
2026-09-18 05:54:44,088 INFO SendInput scan=0x1E down=True accepted=1 error=0 target_pid=8252
2026-09-18 05:54:44,120 INFO SendInput scan=0x11 down=False accepted=1 error=0 target_pid=8252
2026-09-18 05:54:44,280 INFO SendInput scan=0x39 down=True accepted=1 error=0 target_pid=8252
2026-09-18 05:54:44,281 INFO SendInput scan=0x1E down=False accepted=1 error=0 target_pid=8252
2026-09-18 05:54:44,282 INFO SendInput scan=0x1F down=True accepted=1 error=0 target_pid=8252
2026-09-18 05:54:44,389 INFO SendInput scan=0x39 down=False accepted=1 error=0 target_pid=8252
2026-09-18 05:54:44,453 INFO SendInput scan=0x2A down=True accepted=1 error=0 target_pid=8252
2026-09-18 05:54:44,468 INFO SendInput scan=0x1F down=False accepted=1 error=0 target_pid=8252
2026-09-18 05:54:44,857 INFO Tracking camera_fps=35.6 inference_fps=32.0 model_ms=31.0 age_ms=31.0 hands=1 pose=True mode=Swing
2026-09-18 05:54:46,061 INFO SendInput scan=0x2A down=False accepted=1 error=0 target_pid=8252
2026-09-18 05:54:46,659 INFO SendInput scan=0x20 down=True accepted=1 error=0 target_pid=8252
2026-09-18 05:54:46,690 INFO SendInput scan=0x1F down=True accepted=1 error=0 target_pid=8252
2026-09-18 05:54:46,756 INFO SendInput scan=0x20 down=False accepted=1 error=0 target_pid=8252
2026-09-18 05:54:46,756 INFO SendInput scan=0x1F down=False accepted=1 error=0 target_pid=8252
2026-09-18 05:54:47,877 INFO Tracking camera_fps=31.8 inference_fps=32.7 model_ms=15.0 age_ms=31.0 hands=1 pose=True mode=Eğilme
2026-09-18 05:54:47,992 INFO SendInput scan=0x39 down=True accepted=1 error=0 target_pid=8252
2026-09-18 05:54:48,024 INFO SendInput scan=0x39 down=False accepted=1 error=0 target_pid=8252
2026-09-18 05:54:48,185 INFO SendInput scan=0x1E down=True accepted=1 error=0 target_pid=8252
2026-09-18 05:54:48,215 INFO SendInput scan=0x1E down=False accepted=1 error=0 target_pid=8252
2026-09-18 05:54:48,927 INFO Mouse button=left down=True accepted=1
2026-09-18 05:54:49,035 INFO Mouse button=left down=False accepted=1
2026-09-18 05:54:50,185 INFO SendInput scan=0x20 down=True accepted=1 error=0 target_pid=8252
2026-09-18 05:54:50,390 INFO SendInput scan=0x20 down=False accepted=1 error=0 target_pid=8252
2026-09-18 05:54:50,642 INFO SendInput scan=0x11 down=True accepted=1 error=0 target_pid=8252
2026-09-18 05:54:50,705 INFO SendInput scan=0x11 down=False accepted=1 error=0 target_pid=8252
2026-09-18 05:54:50,914 INFO Tracking camera_fps=33.0 inference_fps=32.9 model_ms=32.0 age_ms=32.0 hands=1 pose=True mode=Eğilme
2026-09-18 05:54:50,924 INFO SendInput scan=0x11 down=True accepted=1 error=0 target_pid=8252
2026-09-18 05:54:50,956 INFO SendInput scan=0x11 down=False accepted=1 error=0 target_pid=8252
2026-09-18 05:54:50,988 INFO SendInput scan=0x11 down=True accepted=1 error=0 target_pid=8252
2026-09-18 05:54:51,019 INFO SendInput scan=0x11 down=False accepted=1 error=0 target_pid=8252
2026-09-18 05:54:51,208 INFO SendInput scan=0x1F down=True accepted=1 error=0 target_pid=8252
2026-09-18 05:54:51,239 INFO SendInput scan=0x1E down=True accepted=1 error=0 target_pid=8252
2026-09-18 05:54:51,271 INFO SendInput scan=0x1E down=False accepted=1 error=0 target_pid=8252
2026-09-18 05:54:51,271 INFO SendInput scan=0x1F down=False accepted=1 error=0 target_pid=8252
2026-09-18 05:54:51,353 INFO SendInput scan=0x1E down=True accepted=1 error=0 target_pid=8252
2026-09-18 05:54:51,353 INFO SendInput scan=0x1F down=True accepted=1 error=0 target_pid=8252
2026-09-18 05:54:51,399 INFO SendInput scan=0x1E down=False accepted=1 error=0 target_pid=8252
2026-09-18 05:54:51,462 INFO SendInput scan=0x1F down=False accepted=1 error=0 target_pid=8252
2026-09-18 05:54:52,206 INFO SendInput scan=0x1F down=True accepted=1 error=0 target_pid=8252
2026-09-18 05:54:52,254 INFO SendInput scan=0x1F down=False accepted=1 error=0 target_pid=8252
2026-09-18 05:54:53,383 INFO SendInput scan=0x1F down=True accepted=1 error=0 target_pid=8252
2026-09-18 05:54:53,430 INFO SendInput scan=0x1E down=True accepted=1 error=0 target_pid=8252
2026-09-18 05:54:53,477 INFO SendInput scan=0x1E down=False accepted=1 error=0 target_pid=8252
2026-09-18 05:54:53,477 INFO SendInput scan=0x1F down=False accepted=1 error=0 target_pid=8252
2026-09-18 05:54:53,508 INFO SendInput scan=0x39 down=True accepted=1 error=0 target_pid=8252
2026-09-18 05:54:53,618 INFO SendInput scan=0x39 down=False accepted=1 error=0 target_pid=8252
2026-09-18 05:54:53,681 INFO SendInput scan=0x2A down=True accepted=1 error=0 target_pid=8252
2026-09-18 05:54:53,942 INFO Tracking camera_fps=34.9 inference_fps=37.1 model_ms=16.0 age_ms=31.0 hands=2 pose=True mode=Swing
2026-09-18 05:54:55,850 INFO SendInput scan=0x2A down=False accepted=1 error=0 target_pid=8252
2026-09-18 05:54:56,057 INFO SendInput scan=0x1F down=True accepted=1 error=0 target_pid=8252
2026-09-18 05:54:56,086 INFO SendInput scan=0x1F down=False accepted=1 error=0 target_pid=8252
2026-09-18 05:54:56,309 INFO SendInput scan=0x39 down=True accepted=1 error=0 target_pid=8252
2026-09-18 05:54:56,371 INFO SendInput scan=0x39 down=False accepted=1 error=0 target_pid=8252
2026-09-18 05:54:56,514 INFO SendInput scan=0x39 down=True accepted=1 error=0 target_pid=8252
2026-09-18 05:54:56,623 INFO SendInput scan=0x39 down=False accepted=1 error=0 target_pid=8252
2026-09-18 05:54:56,687 INFO SendInput scan=0x2A down=True accepted=1 error=0 target_pid=8252
2026-09-18 05:54:56,984 INFO Tracking camera_fps=34.4 inference_fps=33.4 model_ms=16.0 age_ms=47.0 hands=2 pose=True mode=Swing
2026-09-18 05:54:58,816 INFO SendInput scan=0x2A down=False accepted=1 error=0 target_pid=8252
2026-09-18 05:54:58,911 INFO SendInput scan=0x1E down=True accepted=1 error=0 target_pid=8252
2026-09-18 05:54:58,943 INFO SendInput scan=0x1E down=False accepted=1 error=0 target_pid=8252
2026-09-18 05:54:59,491 INFO SendInput scan=0x39 down=True accepted=1 error=0 target_pid=8252
2026-09-18 05:54:59,601 INFO SendInput scan=0x39 down=False accepted=1 error=0 target_pid=8252
2026-09-18 05:54:59,663 INFO SendInput scan=0x2A down=True accepted=1 error=0 target_pid=8252
2026-09-18 05:55:00,003 INFO Tracking camera_fps=33.4 inference_fps=32.5 model_ms=31.0 age_ms=31.0 hands=1 pose=True mode=Swing
2026-09-18 05:55:02,139 INFO SendInput scan=0x2A down=False accepted=1 error=0 target_pid=8252
2026-09-18 05:55:02,389 INFO SendInput scan=0x1E down=True accepted=1 error=0 target_pid=8252
2026-09-18 05:55:02,421 INFO SendInput scan=0x1E down=False accepted=1 error=0 target_pid=8252
2026-09-18 05:55:03,014 INFO Tracking camera_fps=31.0 inference_fps=31.5 model_ms=31.0 age_ms=47.0 hands=1 pose=True mode=Eğilme
2026-09-18 05:55:03,336 INFO SendInput scan=0x39 down=True accepted=1 error=0 target_pid=8252
2026-09-18 05:55:03,445 INFO SendInput scan=0x39 down=False accepted=1 error=0 target_pid=8252
2026-09-18 05:55:03,510 INFO SendInput scan=0x2A down=True accepted=1 error=0 target_pid=8252
2026-09-18 05:55:04,832 INFO SendInput scan=0x2A down=False accepted=1 error=0 target_pid=8252
2026-09-18 05:55:04,911 INFO SendInput scan=0x20 down=True accepted=1 error=0 target_pid=8252
2026-09-18 05:55:04,911 INFO SendInput scan=0x11 down=True accepted=1 error=0 target_pid=8252
2026-09-18 05:55:05,179 INFO SendInput scan=0x20 down=False accepted=1 error=0 target_pid=8252
2026-09-18 05:55:05,179 INFO SendInput scan=0x11 down=False accepted=1 error=0 target_pid=8252
2026-09-18 05:55:05,311 INFO SendInput scan=0x1F down=True accepted=1 error=0 target_pid=8252
2026-09-18 05:55:05,323 INFO SendInput scan=0x20 down=True accepted=1 error=0 target_pid=8252
2026-09-18 05:55:05,482 INFO SendInput scan=0x20 down=False accepted=1 error=0 target_pid=8252
2026-09-18 05:55:05,482 INFO SendInput scan=0x1F down=False accepted=1 error=0 target_pid=8252
2026-09-18 05:55:05,657 INFO SendInput scan=0x39 down=True accepted=1 error=0 target_pid=8252
2026-09-18 05:55:05,765 INFO SendInput scan=0x39 down=False accepted=1 error=0 target_pid=8252
2026-09-18 05:55:05,828 INFO SendInput scan=0x2A down=True accepted=1 error=0 target_pid=8252
2026-09-18 05:55:06,042 INFO Tracking camera_fps=32.1 inference_fps=30.7 model_ms=31.0 age_ms=47.0 hands=1 pose=True mode=Swing
2026-09-18 05:55:06,441 INFO SendInput scan=0x2A down=False accepted=1 error=0 target_pid=8252
2026-09-18 05:55:06,534 INFO SendInput scan=0x39 down=True accepted=1 error=0 target_pid=8252
2026-09-18 05:55:06,646 INFO SendInput scan=0x39 down=False accepted=1 error=0 target_pid=8252
2026-09-18 05:55:06,706 INFO SendInput scan=0x2A down=True accepted=1 error=0 target_pid=8252
2026-09-18 05:55:07,764 INFO SendInput scan=0x2A down=False accepted=1 error=0 target_pid=8252
2026-09-18 05:55:07,858 INFO SendInput scan=0x1F down=True accepted=1 error=0 target_pid=8252
2026-09-18 05:55:07,903 INFO SendInput scan=0x1E down=True accepted=1 error=0 target_pid=8252
2026-09-18 05:55:08,109 INFO SendInput scan=0x1E down=False accepted=1 error=0 target_pid=8252
2026-09-18 05:55:08,110 INFO SendInput scan=0x1F down=False accepted=1 error=0 target_pid=8252
2026-09-18 05:55:08,457 INFO SendInput scan=0x39 down=True accepted=1 error=0 target_pid=8252
2026-09-18 05:55:08,567 INFO SendInput scan=0x39 down=False accepted=1 error=0 target_pid=8252
2026-09-18 05:55:08,630 INFO SendInput scan=0x2A down=True accepted=1 error=0 target_pid=8252
2026-09-18 05:55:09,064 INFO Tracking camera_fps=31.1 inference_fps=29.6 model_ms=31.0 age_ms=31.0 hands=1 pose=True mode=Swing
2026-09-18 05:55:10,499 INFO SendInput scan=0x2A down=False accepted=1 error=0 target_pid=8252
2026-09-18 05:55:10,673 INFO SendInput scan=0x1F down=True accepted=1 error=0 target_pid=8252
2026-09-18 05:55:10,705 INFO SendInput scan=0x1F down=False accepted=1 error=0 target_pid=8252
2026-09-18 05:55:11,098 INFO SendInput scan=0x39 down=True accepted=1 error=0 target_pid=8252
2026-09-18 05:55:11,210 INFO SendInput scan=0x39 down=False accepted=1 error=0 target_pid=8252
2026-09-18 05:55:11,274 INFO SendInput scan=0x2A down=True accepted=1 error=0 target_pid=8252
2026-09-18 05:55:12,101 INFO Tracking camera_fps=34.4 inference_fps=30.5 model_ms=15.0 age_ms=47.0 hands=1 pose=True mode=Swing
2026-09-18 05:55:13,591 INFO SendInput scan=0x2A down=False accepted=1 error=0 target_pid=8252
2026-09-18 05:55:13,968 INFO SendInput scan=0x1E down=True accepted=1 error=0 target_pid=8252
2026-09-18 05:55:13,969 INFO SendInput scan=0x1F down=True accepted=1 error=0 target_pid=8252
2026-09-18 05:55:14,126 INFO SendInput scan=0x1E down=False accepted=1 error=0 target_pid=8252
2026-09-18 05:55:14,126 INFO SendInput scan=0x1F down=False accepted=1 error=0 target_pid=8252
2026-09-18 05:55:14,363 INFO SendInput scan=0x39 down=True accepted=1 error=0 target_pid=8252
2026-09-18 05:55:14,477 INFO SendInput scan=0x39 down=False accepted=1 error=0 target_pid=8252
2026-09-18 05:55:14,613 INFO SendInput scan=0x39 down=True accepted=1 error=0 target_pid=8252
2026-09-18 05:55:14,723 INFO SendInput scan=0x39 down=False accepted=1 error=0 target_pid=8252
2026-09-18 05:55:14,788 INFO SendInput scan=0x2A down=True accepted=1 error=0 target_pid=8252
2026-09-18 05:55:15,111 INFO Tracking camera_fps=31.3 inference_fps=28.4 model_ms=31.0 age_ms=63.0 hands=1 pose=True mode=Swing
2026-09-18 05:55:16,159 INFO SendInput scan=0x2A down=False accepted=1 error=0 target_pid=8252
2026-09-18 05:55:16,257 INFO SendInput scan=0x39 down=True accepted=1 error=0 target_pid=8252
2026-09-18 05:55:16,363 INFO SendInput scan=0x39 down=False accepted=1 error=0 target_pid=8252
2026-09-18 05:55:16,426 INFO SendInput scan=0x2A down=True accepted=1 error=0 target_pid=8252
2026-09-18 05:55:16,723 INFO SendInput scan=0x2A down=False accepted=1 error=0 target_pid=8252
2026-09-18 05:55:16,723 INFO SendInput scan=0x11 down=True accepted=1 error=0 target_pid=8252
2026-09-18 05:55:16,754 INFO SendInput scan=0x11 down=False accepted=1 error=0 target_pid=8252
2026-09-18 05:55:16,799 INFO SendInput scan=0x11 down=True accepted=1 error=0 target_pid=8252
2026-09-18 05:55:16,942 INFO SendInput scan=0x39 down=True accepted=1 error=0 target_pid=8252
2026-09-18 05:55:17,054 INFO SendInput scan=0x39 down=False accepted=1 error=0 target_pid=8252
2026-09-18 05:55:17,054 INFO SendInput scan=0x11 down=False accepted=1 error=0 target_pid=8252
2026-09-18 05:55:17,100 INFO SendInput scan=0x11 down=True accepted=1 error=0 target_pid=8252
2026-09-18 05:55:17,115 INFO SendInput scan=0x2A down=True accepted=1 error=0 target_pid=8252
2026-09-18 05:55:17,130 INFO SendInput scan=0x11 down=False accepted=1 error=0 target_pid=8252
2026-09-18 05:55:17,163 INFO SendInput scan=0x11 down=True accepted=1 error=0 target_pid=8252
2026-09-18 05:55:17,194 INFO SendInput scan=0x11 down=False accepted=1 error=0 target_pid=8252
2026-09-18 05:55:18,119 INFO Tracking camera_fps=32.4 inference_fps=31.4 model_ms=16.0 age_ms=46.0 hands=1 pose=True mode=Swing
2026-09-18 05:55:18,925 INFO SendInput scan=0x2A down=False accepted=1 error=0 target_pid=8252
2026-09-18 05:55:19,361 INFO SendInput scan=0x1F down=True accepted=1 error=0 target_pid=8252
2026-09-18 05:55:19,457 INFO SendInput scan=0x1F down=False accepted=1 error=0 target_pid=8252
2026-09-18 05:55:19,534 INFO SendInput scan=0x1F down=True accepted=1 error=0 target_pid=8252
2026-09-18 05:55:19,598 INFO SendInput scan=0x1F down=False accepted=1 error=0 target_pid=8252
2026-09-18 05:55:19,866 INFO SendInput scan=0x39 down=True accepted=1 error=0 target_pid=8252
2026-09-18 05:55:19,978 INFO SendInput scan=0x39 down=False accepted=1 error=0 target_pid=8252
2026-09-18 05:55:20,040 INFO SendInput scan=0x2A down=True accepted=1 error=0 target_pid=8252
2026-09-18 05:55:21,027 INFO SendInput scan=0x2A down=False accepted=1 error=0 target_pid=8252
2026-09-18 05:55:21,058 INFO SendInput scan=0x1E down=True accepted=1 error=0 target_pid=8252
2026-09-18 05:55:21,089 INFO SendInput scan=0x1E down=False accepted=1 error=0 target_pid=8252
2026-09-18 05:55:21,124 INFO SendInput scan=0x1E down=True accepted=1 error=0 target_pid=8252
2026-09-18 05:55:21,146 INFO Tracking camera_fps=31.3 inference_fps=32.9 model_ms=16.0 age_ms=31.0 hands=1 pose=True mode=Eğilme
2026-09-18 05:55:21,153 INFO SendInput scan=0x1E down=False accepted=1 error=0 target_pid=8252
2026-09-18 05:55:21,263 INFO SendInput scan=0x1E down=True accepted=1 error=0 target_pid=8252
2026-09-18 05:55:21,326 INFO SendInput scan=0x1E down=False accepted=1 error=0 target_pid=8252
2026-09-18 05:55:21,594 INFO SendInput scan=0x11 down=True accepted=1 error=0 target_pid=8252
2026-09-18 05:55:21,625 INFO SendInput scan=0x11 down=False accepted=1 error=0 target_pid=8252
2026-09-18 05:55:21,814 INFO SendInput scan=0x1E down=True accepted=1 error=0 target_pid=8252
2026-09-18 05:55:21,862 INFO SendInput scan=0x1E down=False accepted=1 error=0 target_pid=8252
2026-09-18 05:55:22,130 INFO SendInput scan=0x1F down=True accepted=1 error=0 target_pid=8252
2026-09-18 05:55:22,192 INFO SendInput scan=0x1F down=False accepted=1 error=0 target_pid=8252
2026-09-18 05:55:22,338 INFO SendInput scan=0x39 down=True accepted=1 error=0 target_pid=8252
2026-09-18 05:55:22,446 INFO SendInput scan=0x39 down=False accepted=1 error=0 target_pid=8252
2026-09-18 05:55:22,510 INFO SendInput scan=0x2A down=True accepted=1 error=0 target_pid=8252
2026-09-18 05:55:23,187 INFO SendInput scan=0x2A down=False accepted=1 error=0 target_pid=8252
2026-09-18 05:55:23,346 INFO SendInput scan=0x1E down=True accepted=1 error=0 target_pid=8252
2026-09-18 05:55:23,614 INFO SendInput scan=0x1F down=True accepted=1 error=0 target_pid=8252
2026-09-18 05:55:24,021 INFO SendInput scan=0x1E down=False accepted=1 error=0 target_pid=8252
2026-09-18 05:55:24,021 INFO SendInput scan=0x1F down=False accepted=1 error=0 target_pid=8252
2026-09-18 05:55:24,116 INFO SendInput scan=0x39 down=True accepted=1 error=0 target_pid=8252
2026-09-18 05:55:24,164 INFO Tracking camera_fps=32.6 inference_fps=34.4 model_ms=16.0 age_ms=47.0 hands=1 pose=True mode=Swing
2026-09-18 05:55:24,228 INFO SendInput scan=0x39 down=False accepted=1 error=0 target_pid=8252
2026-09-18 05:55:24,277 INFO SendInput scan=0x2A down=True accepted=1 error=0 target_pid=8252
2026-09-18 05:55:24,307 INFO SendInput scan=0x2A down=False accepted=1 error=0 target_pid=8252
2026-09-18 05:55:24,574 INFO SendInput scan=0x39 down=True accepted=1 error=0 target_pid=8252
2026-09-18 05:55:24,685 INFO SendInput scan=0x39 down=False accepted=1 error=0 target_pid=8252
2026-09-18 05:55:24,747 INFO SendInput scan=0x2A down=True accepted=1 error=0 target_pid=8252
2026-09-18 05:55:25,264 INFO SendInput scan=0x2A down=False accepted=1 error=0 target_pid=8252
2026-09-18 05:55:25,485 INFO Mouse button=right down=True accepted=1
2026-09-18 05:55:27,189 INFO Tracking camera_fps=33.5 inference_fps=32.9 model_ms=31.0 age_ms=63.0 hands=1 pose=True mode=Nişan
2026-09-18 05:55:27,551 INFO SendInput scan=0x12 down=True accepted=1 error=0 target_pid=8252
2026-09-18 05:55:27,629 INFO SendInput scan=0x12 down=False accepted=1 error=0 target_pid=8252
2026-09-18 05:55:27,708 INFO SendInput scan=0x12 down=True accepted=1 error=0 target_pid=8252
2026-09-18 05:55:27,788 INFO SendInput scan=0x12 down=False accepted=1 error=0 target_pid=8252
2026-09-18 05:55:28,749 INFO Mouse button=right down=False accepted=1
2026-09-18 05:55:28,780 INFO SendInput scan=0x20 down=True accepted=1 error=0 target_pid=8252
2026-09-18 05:55:28,827 INFO SendInput scan=0x20 down=False accepted=1 error=0 target_pid=8252
2026-09-18 05:55:29,160 INFO SendInput scan=0x39 down=True accepted=1 error=0 target_pid=8252
2026-09-18 05:55:29,268 INFO SendInput scan=0x39 down=False accepted=1 error=0 target_pid=8252
2026-09-18 05:55:29,330 INFO SendInput scan=0x2A down=True accepted=1 error=0 target_pid=8252
2026-09-18 05:55:30,228 INFO Tracking camera_fps=31.2 inference_fps=30.2 model_ms=31.0 age_ms=47.0 hands=1 pose=True mode=Swing
2026-09-18 05:55:31,424 INFO SendInput scan=0x2A down=False accepted=1 error=0 target_pid=8252
2026-09-18 05:55:31,613 INFO SendInput scan=0x1E down=True accepted=1 error=0 target_pid=8252
2026-09-18 05:55:31,786 INFO SendInput scan=0x1E down=False accepted=1 error=0 target_pid=8252
2026-09-18 05:55:31,959 INFO SendInput scan=0x39 down=True accepted=1 error=0 target_pid=8252
2026-09-18 05:55:32,069 INFO SendInput scan=0x39 down=False accepted=1 error=0 target_pid=8252
2026-09-18 05:55:32,131 INFO SendInput scan=0x2A down=True accepted=1 error=0 target_pid=8252
2026-09-18 05:55:32,794 INFO SendInput scan=0x2A down=False accepted=1 error=0 target_pid=8252
2026-09-18 05:55:32,920 INFO SendInput scan=0x39 down=True accepted=1 error=0 target_pid=8252
2026-09-18 05:55:33,031 INFO SendInput scan=0x39 down=False accepted=1 error=0 target_pid=8252
2026-09-18 05:55:33,095 INFO SendInput scan=0x2A down=True accepted=1 error=0 target_pid=8252
2026-09-18 05:55:33,237 INFO Tracking camera_fps=32.5 inference_fps=34.7 model_ms=31.0 age_ms=31.0 hands=1 pose=True mode=Swing
2026-09-18 05:55:34,525 INFO SendInput scan=0x2A down=False accepted=1 error=0 target_pid=8252
2026-09-18 05:55:34,950 INFO SendInput scan=0x39 down=True accepted=1 error=0 target_pid=8252
2026-09-18 05:55:34,981 INFO SendInput scan=0x39 down=False accepted=1 error=0 target_pid=8252
2026-09-18 05:55:35,389 INFO SendInput scan=0x39 down=True accepted=1 error=0 target_pid=8252
2026-09-18 05:55:35,499 INFO SendInput scan=0x39 down=False accepted=1 error=0 target_pid=8252
2026-09-18 05:55:35,564 INFO SendInput scan=0x2A down=True accepted=1 error=0 target_pid=8252
2026-09-18 05:55:36,274 INFO Tracking camera_fps=32.4 inference_fps=28.9 model_ms=31.0 age_ms=31.0 hands=1 pose=True mode=Swing
2026-09-18 05:55:37,547 INFO SendInput scan=0x2A down=False accepted=1 error=0 target_pid=8252
2026-09-18 05:55:37,734 INFO SendInput scan=0x1E down=True accepted=1 error=0 target_pid=8252
2026-09-18 05:55:37,735 INFO SendInput scan=0x1F down=True accepted=1 error=0 target_pid=8252
2026-09-18 05:55:37,780 INFO SendInput scan=0x1E down=False accepted=1 error=0 target_pid=8252
2026-09-18 05:55:37,780 INFO SendInput scan=0x1F down=False accepted=1 error=0 target_pid=8252
2026-09-18 05:55:38,250 INFO SendInput scan=0x39 down=True accepted=1 error=0 target_pid=8252
2026-09-18 05:55:38,360 INFO SendInput scan=0x39 down=False accepted=1 error=0 target_pid=8252
2026-09-18 05:55:38,423 INFO SendInput scan=0x2A down=True accepted=1 error=0 target_pid=8252
2026-09-18 05:55:39,294 INFO Tracking camera_fps=35.6 inference_fps=31.8 model_ms=31.0 age_ms=31.0 hands=1 pose=True mode=Swing
2026-09-18 05:55:40,663 INFO SendInput scan=0x2A down=False accepted=1 error=0 target_pid=8252
2026-09-18 05:55:41,121 INFO SendInput scan=0x1E down=True accepted=1 error=0 target_pid=8252
2026-09-18 05:55:41,153 INFO SendInput scan=0x1E down=False accepted=1 error=0 target_pid=8252
2026-09-18 05:55:41,247 INFO SendInput scan=0x1E down=True accepted=1 error=0 target_pid=8252
2026-09-18 05:55:41,248 INFO SendInput scan=0x1F down=True accepted=1 error=0 target_pid=8252
2026-09-18 05:55:41,280 INFO SendInput scan=0x1E down=False accepted=1 error=0 target_pid=8252
2026-09-18 05:55:41,280 INFO SendInput scan=0x1F down=False accepted=1 error=0 target_pid=8252
2026-09-18 05:55:41,597 INFO SendInput scan=0x39 down=True accepted=1 error=0 target_pid=8252
2026-09-18 05:55:41,710 INFO SendInput scan=0x39 down=False accepted=1 error=0 target_pid=8252
2026-09-18 05:55:41,771 INFO SendInput scan=0x2A down=True accepted=1 error=0 target_pid=8252
2026-09-18 05:55:42,322 INFO Tracking camera_fps=32.3 inference_fps=32.0 model_ms=16.0 age_ms=63.0 hands=1 pose=True mode=Swing
2026-09-18 05:55:45,325 INFO SendInput scan=0x2A down=False accepted=1 error=0 target_pid=8252
2026-09-18 05:55:45,358 INFO Tracking camera_fps=30.4 inference_fps=28.1 model_ms=31.0 age_ms=78.0 hands=1 pose=True mode=Eğilme
2026-09-18 05:55:45,705 INFO SendInput scan=0x1F down=True accepted=1 error=0 target_pid=8252
2026-09-18 05:55:45,752 INFO SendInput scan=0x1F down=False accepted=1 error=0 target_pid=8252
2026-09-18 05:55:45,783 INFO SendInput scan=0x1F down=True accepted=1 error=0 target_pid=8252
2026-09-18 05:55:45,815 INFO SendInput scan=0x1F down=False accepted=1 error=0 target_pid=8252
2026-09-18 05:55:45,894 INFO SendInput scan=0x11 down=True accepted=1 error=0 target_pid=8252
2026-09-18 05:55:45,926 INFO SendInput scan=0x20 down=True accepted=1 error=0 target_pid=8252
2026-09-18 05:55:46,627 INFO SendInput scan=0x20 down=False accepted=1 error=0 target_pid=8252
2026-09-18 05:55:46,628 INFO SendInput scan=0x11 down=False accepted=1 error=0 target_pid=8252
2026-09-18 05:55:46,702 INFO SendInput scan=0x11 down=True accepted=1 error=0 target_pid=8252
2026-09-18 05:55:46,735 INFO SendInput scan=0x11 down=False accepted=1 error=0 target_pid=8252
2026-09-18 05:55:46,940 INFO SendInput scan=0x39 down=True accepted=1 error=0 target_pid=8252
2026-09-18 05:55:47,048 INFO SendInput scan=0x39 down=False accepted=1 error=0 target_pid=8252
2026-09-18 05:55:47,112 INFO SendInput scan=0x2A down=True accepted=1 error=0 target_pid=8252
2026-09-18 05:55:48,399 INFO Tracking camera_fps=31.8 inference_fps=30.9 model_ms=16.0 age_ms=31.0 hands=1 pose=True mode=Swing
2026-09-18 05:55:50,395 INFO SendInput scan=0x2A down=False accepted=1 error=0 target_pid=8252
2026-09-18 05:55:50,694 INFO Mouse button=right down=True accepted=1
2026-09-18 05:55:51,428 INFO Tracking camera_fps=31.2 inference_fps=33.0 model_ms=31.0 age_ms=47.0 hands=1 pose=True mode=Nişan
2026-09-18 05:55:52,652 INFO Mouse button=right down=False accepted=1
2026-09-18 05:55:53,065 INFO SendInput scan=0x1E down=True accepted=1 error=0 target_pid=8252
2026-09-18 05:55:53,144 INFO SendInput scan=0x1F down=True accepted=1 error=0 target_pid=8252
2026-09-18 05:55:53,176 INFO SendInput scan=0x1E down=False accepted=1 error=0 target_pid=8252
2026-09-18 05:55:53,176 INFO SendInput scan=0x1F down=False accepted=1 error=0 target_pid=8252
2026-09-18 05:55:53,257 INFO SendInput scan=0x1E down=True accepted=1 error=0 target_pid=8252
2026-09-18 05:55:53,286 INFO SendInput scan=0x1E down=False accepted=1 error=0 target_pid=8252
2026-09-18 05:55:53,539 INFO SendInput scan=0x11 down=True accepted=1 error=0 target_pid=8252
2026-09-18 05:55:53,570 INFO SendInput scan=0x1E down=True accepted=1 error=0 target_pid=8252
2026-09-18 05:55:53,760 INFO SendInput scan=0x1E down=False accepted=1 error=0 target_pid=8252
2026-09-18 05:55:53,764 INFO SendInput scan=0x11 down=False accepted=1 error=0 target_pid=8252
2026-09-18 05:55:53,964 INFO SendInput scan=0x1E down=True accepted=1 error=0 target_pid=8252
2026-09-18 05:55:54,106 INFO SendInput scan=0x11 down=True accepted=1 error=0 target_pid=8252
2026-09-18 05:55:54,231 INFO SendInput scan=0x1E down=False accepted=1 error=0 target_pid=8252
2026-09-18 05:55:54,326 INFO SendInput scan=0x20 down=True accepted=1 error=0 target_pid=8252
2026-09-18 05:55:54,404 INFO SendInput scan=0x20 down=False accepted=1 error=0 target_pid=8252
2026-09-18 05:55:54,405 INFO SendInput scan=0x11 down=False accepted=1 error=0 target_pid=8252
2026-09-18 05:55:54,458 INFO Tracking camera_fps=31.7 inference_fps=31.9 model_ms=16.0 age_ms=32.0 hands=1 pose=True mode=Eğilme
2026-09-18 05:55:54,578 INFO Mouse button=right down=True accepted=1
2026-09-18 05:55:55,892 INFO Mouse button=right down=False accepted=1
2026-09-18 05:55:56,694 INFO SendInput scan=0x11 down=True accepted=1 error=0 target_pid=8252
2026-09-18 05:55:56,882 INFO SendInput scan=0x11 down=False accepted=1 error=0 target_pid=8252
2026-09-18 05:55:57,467 INFO Tracking camera_fps=32.3 inference_fps=35.0 model_ms=15.0 age_ms=31.0 hands=1 pose=True mode=Eğilme
2026-09-18 05:55:57,975 INFO Mouse button=right down=True accepted=1
2026-09-18 05:55:58,514 INFO Mouse button=right down=False accepted=1
2026-09-18 05:55:59,050 INFO Mouse button=right down=True accepted=1
2026-09-18 05:56:00,499 INFO Tracking camera_fps=31.6 inference_fps=31.3 model_ms=31.0 age_ms=62.0 hands=1 pose=True mode=Nişan
2026-09-18 05:56:01,268 INFO Mouse button=right down=False accepted=1
2026-09-18 05:56:01,379 INFO SendInput scan=0x1F down=True accepted=1 error=0 target_pid=8252
2026-09-18 05:56:01,536 INFO SendInput scan=0x20 down=True accepted=1 error=0 target_pid=8252
2026-09-18 05:56:01,834 INFO SendInput scan=0x20 down=False accepted=1 error=0 target_pid=8252
2026-09-18 05:56:01,834 INFO SendInput scan=0x1F down=False accepted=1 error=0 target_pid=8252
2026-09-18 05:56:02,481 INFO SendInput scan=0x20 down=True accepted=1 error=0 target_pid=8252
2026-09-18 05:56:02,514 INFO SendInput scan=0x11 down=True accepted=1 error=0 target_pid=8252
2026-09-18 05:56:02,880 INFO SendInput scan=0x20 down=False accepted=1 error=0 target_pid=8252
2026-09-18 05:56:02,881 INFO SendInput scan=0x11 down=False accepted=1 error=0 target_pid=8252
2026-09-18 05:56:03,180 INFO SendInput scan=0x1E down=True accepted=1 error=0 target_pid=8252
2026-09-18 05:56:03,181 INFO SendInput scan=0x1F down=True accepted=1 error=0 target_pid=8252
2026-09-18 05:56:03,243 INFO SendInput scan=0x1E down=False accepted=1 error=0 target_pid=8252
2026-09-18 05:56:03,244 INFO SendInput scan=0x1F down=False accepted=1 error=0 target_pid=8252
2026-09-18 05:56:03,534 INFO Tracking camera_fps=31.6 inference_fps=32.3 model_ms=16.0 age_ms=32.0 hands=2 pose=True mode=Eğilme
2026-09-18 05:56:04,977 INFO Mouse button=left down=True accepted=1
2026-09-18 05:56:05,084 INFO Mouse button=left down=False accepted=1
2026-09-18 05:56:06,184 INFO SendInput scan=0x1F down=True accepted=1 error=0 target_pid=8252
2026-09-18 05:56:06,199 INFO SendInput scan=0x1F down=False accepted=1 error=0 target_pid=8252
2026-09-18 05:56:06,544 INFO Tracking camera_fps=34.8 inference_fps=33.0 model_ms=31.0 age_ms=47.0 hands=1 pose=True mode=Eğilme
2026-09-18 05:56:07,176 INFO SendInput scan=0x11 down=True accepted=1 error=0 target_pid=8252
2026-09-18 05:56:07,192 INFO SendInput scan=0x11 down=False accepted=1 error=0 target_pid=8252
2026-09-18 05:56:07,572 INFO SendInput scan=0x11 down=True accepted=1 error=0 target_pid=8252
2026-09-18 05:56:07,618 INFO SendInput scan=0x11 down=False accepted=1 error=0 target_pid=8252
2026-09-18 05:56:09,563 INFO Tracking camera_fps=30.5 inference_fps=33.6 model_ms=16.0 age_ms=31.0 hands=1 pose=True mode=Eğilme
2026-09-18 05:56:09,760 INFO SendInput scan=0x39 down=True accepted=1 error=0 target_pid=8252
2026-09-18 05:56:09,855 INFO SendInput scan=0x39 down=False accepted=1 error=0 target_pid=8252
2026-09-18 05:56:09,918 INFO SendInput scan=0x2A down=True accepted=1 error=0 target_pid=8252
2026-09-18 05:56:10,138 INFO SendInput scan=0x2A down=False accepted=1 error=0 target_pid=8252
2026-09-18 05:56:11,542 INFO SendInput scan=0x39 down=True accepted=1 error=0 target_pid=8252
2026-09-18 05:56:11,575 INFO SendInput scan=0x39 down=False accepted=1 error=0 target_pid=8252
2026-09-18 05:56:11,731 INFO SendInput scan=0x39 down=True accepted=1 error=0 target_pid=8252
2026-09-18 05:56:11,842 INFO SendInput scan=0x39 down=False accepted=1 error=0 target_pid=8252
2026-09-18 05:56:11,907 INFO SendInput scan=0x2A down=True accepted=1 error=0 target_pid=8252
2026-09-18 05:56:12,018 INFO SendInput scan=0x2A down=False accepted=1 error=0 target_pid=8252
2026-09-18 05:56:12,594 INFO Tracking camera_fps=31.7 inference_fps=28.7 model_ms=31.0 age_ms=62.0 hands=1 pose=True mode=Eğilme
2026-09-18 05:56:12,665 INFO SendInput scan=0x11 down=True accepted=1 error=0 target_pid=8252
2026-09-18 05:56:12,729 INFO SendInput scan=0x11 down=False accepted=1 error=0 target_pid=8252
2026-09-18 05:56:12,811 INFO SendInput scan=0x39 down=True accepted=1 error=0 target_pid=8252
2026-09-18 05:56:12,923 INFO SendInput scan=0x39 down=False accepted=1 error=0 target_pid=8252
2026-09-18 05:56:12,983 INFO SendInput scan=0x2A down=True accepted=1 error=0 target_pid=8252
2026-09-18 05:56:13,799 INFO SendInput scan=0x2A down=False accepted=1 error=0 target_pid=8252
2026-09-18 05:56:13,959 INFO SendInput scan=0x39 down=True accepted=1 error=0 target_pid=8252
2026-09-18 05:56:14,004 INFO SendInput scan=0x39 down=False accepted=1 error=0 target_pid=8252
2026-09-18 05:56:14,401 INFO SendInput scan=0x39 down=True accepted=1 error=0 target_pid=8252
2026-09-18 05:56:14,417 INFO SendInput scan=0x39 down=False accepted=1 error=0 target_pid=8252
2026-09-18 05:56:15,612 INFO Tracking camera_fps=34.2 inference_fps=33.8 model_ms=31.0 age_ms=63.0 hands=1 pose=True mode=Eğilme
2026-09-18 05:56:16,098 INFO SendInput scan=0x39 down=True accepted=1 error=0 target_pid=8252
2026-09-18 05:56:16,209 INFO SendInput scan=0x39 down=False accepted=1 error=0 target_pid=8252
2026-09-18 05:56:16,273 INFO SendInput scan=0x2A down=True accepted=1 error=0 target_pid=8252
2026-09-18 05:56:17,734 INFO SendInput scan=0x2A down=False accepted=1 error=0 target_pid=8252
2026-09-18 05:56:17,828 INFO SendInput scan=0x1E down=True accepted=1 error=0 target_pid=8252
2026-09-18 05:56:17,829 INFO SendInput scan=0x1F down=True accepted=1 error=0 target_pid=8252
2026-09-18 05:56:17,876 INFO SendInput scan=0x1E down=False accepted=1 error=0 target_pid=8252
2026-09-18 05:56:17,876 INFO SendInput scan=0x1F down=False accepted=1 error=0 target_pid=8252
2026-09-18 05:56:17,937 INFO SendInput scan=0x1F down=True accepted=1 error=0 target_pid=8252
2026-09-18 05:56:17,984 INFO SendInput scan=0x1F down=False accepted=1 error=0 target_pid=8252
2026-09-18 05:56:18,620 INFO Tracking camera_fps=35.4 inference_fps=33.1 model_ms=31.0 age_ms=46.0 hands=1 pose=True mode=Eğilme
2026-09-18 05:56:19,257 INFO SendInput scan=0x11 down=True accepted=1 error=0 target_pid=8252
2026-09-18 05:56:19,458 INFO SendInput scan=0x11 down=False accepted=1 error=0 target_pid=8252
2026-09-18 05:56:19,600 INFO SendInput scan=0x1F down=True accepted=1 error=0 target_pid=8252
2026-09-18 05:56:19,632 INFO SendInput scan=0x1F down=False accepted=1 error=0 target_pid=8252
2026-09-18 05:56:19,810 INFO SendInput scan=0x1E down=True accepted=1 error=0 target_pid=8252
2026-09-18 05:56:19,811 INFO SendInput scan=0x1F down=True accepted=1 error=0 target_pid=8252
2026-09-18 05:56:20,047 INFO SendInput scan=0x1E down=False accepted=1 error=0 target_pid=8252
2026-09-18 05:56:20,048 INFO SendInput scan=0x1F down=False accepted=1 error=0 target_pid=8252
2026-09-18 05:56:20,161 INFO SendInput scan=0x1E down=True accepted=1 error=0 target_pid=8252
2026-09-18 05:56:20,395 INFO SendInput scan=0x1E down=False accepted=1 error=0 target_pid=8252
2026-09-18 05:56:20,963 INFO SendInput scan=0x11 down=True accepted=1 error=0 target_pid=8252
2026-09-18 05:56:21,011 INFO SendInput scan=0x20 down=True accepted=1 error=0 target_pid=8252
2026-09-18 05:56:21,074 INFO SendInput scan=0x20 down=False accepted=1 error=0 target_pid=8252
2026-09-18 05:56:21,077 INFO SendInput scan=0x11 down=False accepted=1 error=0 target_pid=8252
2026-09-18 05:56:21,647 INFO Tracking camera_fps=33.9 inference_fps=33.8 model_ms=16.0 age_ms=31.0 hands=2 pose=True mode=Eğilme
2026-09-18 05:56:23,663 INFO SendInput scan=0x20 down=True accepted=1 error=0 target_pid=8252
2026-09-18 05:56:23,696 INFO SendInput scan=0x20 down=False accepted=1 error=0 target_pid=8252
2026-09-18 05:56:23,696 INFO SendInput scan=0x1E down=True accepted=1 error=0 target_pid=8252
2026-09-18 05:56:23,696 INFO SendInput scan=0x11 down=True accepted=1 error=0 target_pid=8252
2026-09-18 05:56:23,726 INFO SendInput scan=0x11 down=False accepted=1 error=0 target_pid=8252
2026-09-18 05:56:23,793 INFO SendInput scan=0x1E down=False accepted=1 error=0 target_pid=8252
2026-09-18 05:56:24,680 INFO Tracking camera_fps=33.9 inference_fps=32.2 model_ms=15.0 age_ms=31.0 hands=2 pose=True mode=Eğilme
2026-09-18 05:56:24,829 INFO Mouse button=left down=True accepted=1
2026-09-18 05:56:24,937 INFO Mouse button=left down=False accepted=1
2026-09-18 05:56:27,683 INFO Tracking camera_fps=32.7 inference_fps=32.1 model_ms=31.0 age_ms=47.0 hands=2 pose=True mode=Eğilme
2026-09-18 05:56:28,287 INFO SendInput scan=0x1F down=True accepted=1 error=0 target_pid=8252
2026-09-18 05:56:28,351 INFO SendInput scan=0x1F down=False accepted=1 error=0 target_pid=8252
2026-09-18 05:56:30,730 INFO Tracking camera_fps=31.8 inference_fps=37.0 model_ms=16.0 age_ms=31.0 hands=0 pose=True mode=Eğilme
2026-09-18 05:56:31,661 INFO SendInput scan=0x1F down=True accepted=1 error=0 target_pid=8252
2026-09-18 05:56:31,690 INFO SendInput scan=0x1F down=False accepted=1 error=0 target_pid=8252
2026-09-18 05:56:31,894 INFO SendInput scan=0x11 down=True accepted=1 error=0 target_pid=8252
2026-09-18 05:56:31,962 INFO SendInput scan=0x11 down=False accepted=1 error=0 target_pid=8252
2026-09-18 05:56:32,211 INFO SendInput scan=0x1F down=True accepted=1 error=0 target_pid=8252
2026-09-18 05:56:32,289 INFO SendInput scan=0x1F down=False accepted=1 error=0 target_pid=8252
2026-09-18 05:56:32,586 INFO SendInput scan=0x11 down=True accepted=1 error=0 target_pid=8252
2026-09-18 05:56:32,664 INFO SendInput scan=0x11 down=False accepted=1 error=0 target_pid=8252
2026-09-18 05:56:33,776 INFO Tracking camera_fps=31.6 inference_fps=34.4 model_ms=32.0 age_ms=47.0 hands=1 pose=True mode=Eğilme
2026-09-18 05:56:33,844 INFO SendInput scan=0x20 down=True accepted=1 error=0 target_pid=8252
2026-09-18 05:56:33,920 INFO SendInput scan=0x20 down=False accepted=1 error=0 target_pid=8252
2026-09-18 05:56:34,377 INFO SendInput scan=0x21 down=True accepted=1 error=0 target_pid=8252
2026-09-18 05:56:34,484 INFO SendInput scan=0x21 down=False accepted=1 error=0 target_pid=8252
2026-09-18 05:56:34,517 INFO SendInput scan=0x20 down=True accepted=1 error=0 target_pid=8252
2026-09-18 05:56:34,739 INFO SendInput scan=0x1F down=True accepted=1 error=0 target_pid=8252
2026-09-18 05:56:34,787 INFO SendInput scan=0x20 down=False accepted=1 error=0 target_pid=8252
2026-09-18 05:56:34,787 INFO SendInput scan=0x1F down=False accepted=1 error=0 target_pid=8252
2026-09-18 05:56:35,777 INFO SendInput scan=0x1F down=True accepted=1 error=0 target_pid=8252
2026-09-18 05:56:35,857 INFO SendInput scan=0x1E down=True accepted=1 error=0 target_pid=8252
2026-09-18 05:56:35,886 INFO SendInput scan=0x1E down=False accepted=1 error=0 target_pid=8252
2026-09-18 05:56:35,891 INFO SendInput scan=0x1F down=False accepted=1 error=0 target_pid=8252
2026-09-18 05:56:36,094 INFO SendInput scan=0x39 down=True accepted=1 error=0 target_pid=8252
2026-09-18 05:56:36,203 INFO SendInput scan=0x39 down=False accepted=1 error=0 target_pid=8252
2026-09-18 05:56:36,267 INFO SendInput scan=0x2A down=True accepted=1 error=0 target_pid=8252
2026-09-18 05:56:36,813 INFO Tracking camera_fps=29.9 inference_fps=28.8 model_ms=16.0 age_ms=47.0 hands=2 pose=True mode=Swing
2026-09-18 05:56:38,178 INFO SendInput scan=0x2A down=False accepted=1 error=0 target_pid=8252
2026-09-18 05:56:38,599 INFO SendInput scan=0x39 down=True accepted=1 error=0 target_pid=8252
2026-09-18 05:56:38,709 INFO SendInput scan=0x39 down=False accepted=1 error=0 target_pid=8252
2026-09-18 05:56:38,773 INFO SendInput scan=0x2A down=True accepted=1 error=0 target_pid=8252
2026-09-18 05:56:39,832 INFO Tracking camera_fps=34.2 inference_fps=27.5 model_ms=32.0 age_ms=47.0 hands=1 pose=True mode=Swing
2026-09-18 05:56:41,460 INFO SendInput scan=0x2A down=False accepted=1 error=0 target_pid=8252
2026-09-18 05:56:41,569 INFO SendInput scan=0x1E down=True accepted=1 error=0 target_pid=8252
2026-09-18 05:56:41,695 INFO SendInput scan=0x1E down=False accepted=1 error=0 target_pid=8252
2026-09-18 05:56:41,899 INFO SendInput scan=0x39 down=True accepted=1 error=0 target_pid=8252
2026-09-18 05:56:41,995 INFO SendInput scan=0x39 down=False accepted=1 error=0 target_pid=8252
2026-09-18 05:56:42,060 INFO SendInput scan=0x2A down=True accepted=1 error=0 target_pid=8252
2026-09-18 05:56:42,879 INFO Tracking camera_fps=32.7 inference_fps=27.7 model_ms=31.0 age_ms=46.0 hands=1 pose=True mode=Swing
2026-09-18 05:56:43,865 INFO SendInput scan=0x2A down=False accepted=1 error=0 target_pid=8252
2026-09-18 05:56:43,977 INFO SendInput scan=0x39 down=True accepted=1 error=0 target_pid=8252
2026-09-18 05:56:44,085 INFO SendInput scan=0x39 down=False accepted=1 error=0 target_pid=8252
2026-09-18 05:56:44,149 INFO SendInput scan=0x2A down=True accepted=1 error=0 target_pid=8252
2026-09-18 05:56:45,900 INFO Tracking camera_fps=32.4 inference_fps=29.7 model_ms=31.0 age_ms=31.0 hands=1 pose=True mode=Swing
2026-09-18 05:56:46,549 INFO SendInput scan=0x2A down=False accepted=1 error=0 target_pid=8252
2026-09-18 05:56:46,598 INFO SendInput scan=0x1E down=True accepted=1 error=0 target_pid=8252
2026-09-18 05:56:46,675 INFO SendInput scan=0x1E down=False accepted=1 error=0 target_pid=8252
2026-09-18 05:56:46,847 INFO SendInput scan=0x1E down=True accepted=1 error=0 target_pid=8252
2026-09-18 05:56:46,926 INFO SendInput scan=0x1F down=True accepted=1 error=0 target_pid=8252
2026-09-18 05:56:47,431 INFO SendInput scan=0x1E down=False accepted=1 error=0 target_pid=8252
2026-09-18 05:56:47,431 INFO SendInput scan=0x1F down=False accepted=1 error=0 target_pid=8252
2026-09-18 05:56:47,900 INFO SendInput scan=0x39 down=True accepted=1 error=0 target_pid=8252
2026-09-18 05:56:47,995 INFO SendInput scan=0x39 down=False accepted=1 error=0 target_pid=8252
2026-09-18 05:56:48,059 INFO SendInput scan=0x2A down=True accepted=1 error=0 target_pid=8252
2026-09-18 05:56:48,921 INFO Tracking camera_fps=31.2 inference_fps=31.4 model_ms=15.0 age_ms=31.0 hands=1 pose=True mode=Swing
2026-09-18 05:56:50,686 INFO SendInput scan=0x2A down=False accepted=1 error=0 target_pid=8252
2026-09-18 05:56:50,765 INFO SendInput scan=0x11 down=True accepted=1 error=0 target_pid=8252
2026-09-18 05:56:50,827 INFO SendInput scan=0x1E down=True accepted=1 error=0 target_pid=8252
2026-09-18 05:56:50,922 INFO SendInput scan=0x1E down=False accepted=1 error=0 target_pid=8252
2026-09-18 05:56:50,923 INFO SendInput scan=0x11 down=False accepted=1 error=0 target_pid=8252
2026-09-18 05:56:51,772 INFO SendInput scan=0x39 down=True accepted=1 error=0 target_pid=8252
2026-09-18 05:56:51,881 INFO SendInput scan=0x39 down=False accepted=1 error=0 target_pid=8252
2026-09-18 05:56:51,943 INFO SendInput scan=0x2A down=True accepted=1 error=0 target_pid=8252
2026-09-18 05:56:51,956 INFO Tracking camera_fps=32.8 inference_fps=35.6 model_ms=16.0 age_ms=32.0 hands=1 pose=True mode=Swing
2026-09-18 05:56:54,728 INFO SendInput scan=0x2A down=False accepted=1 error=0 target_pid=8252
2026-09-18 05:56:54,986 INFO Tracking camera_fps=31.5 inference_fps=32.0 model_ms=16.0 age_ms=31.0 hands=1 pose=True mode=Eğilme
2026-09-18 05:56:55,800 INFO SendInput scan=0x39 down=True accepted=1 error=0 target_pid=8252
2026-09-18 05:56:55,910 INFO SendInput scan=0x39 down=False accepted=1 error=0 target_pid=8252
2026-09-18 05:56:55,974 INFO SendInput scan=0x2A down=True accepted=1 error=0 target_pid=8252
2026-09-18 05:56:58,019 INFO Tracking camera_fps=32.4 inference_fps=34.6 model_ms=16.0 age_ms=31.0 hands=1 pose=True mode=Swing
2026-09-18 05:56:59,119 INFO SendInput scan=0x2A down=False accepted=1 error=0 target_pid=8252
2026-09-18 05:56:59,326 INFO SendInput scan=0x11 down=True accepted=1 error=0 target_pid=8252
2026-09-18 05:56:59,420 INFO SendInput scan=0x1E down=True accepted=1 error=0 target_pid=8252
2026-09-18 05:56:59,764 INFO SendInput scan=0x1E down=False accepted=1 error=0 target_pid=8252
2026-09-18 05:56:59,764 INFO SendInput scan=0x11 down=False accepted=1 error=0 target_pid=8252
2026-09-18 05:57:01,055 INFO Tracking camera_fps=33.4 inference_fps=30.5 model_ms=31.0 age_ms=47.0 hands=1 pose=True mode=Eğilme
2026-09-18 05:57:01,462 INFO SendInput scan=0x39 down=True accepted=1 error=0 target_pid=8252
2026-09-18 05:57:01,571 INFO SendInput scan=0x39 down=False accepted=1 error=0 target_pid=8252
2026-09-18 05:57:01,633 INFO SendInput scan=0x2A down=True accepted=1 error=0 target_pid=8252
2026-09-18 05:57:02,471 INFO SendInput scan=0x2A down=False accepted=1 error=0 target_pid=8252
2026-09-18 05:57:02,598 INFO SendInput scan=0x1F down=True accepted=1 error=0 target_pid=8252
2026-09-18 05:57:02,676 INFO SendInput scan=0x1E down=True accepted=1 error=0 target_pid=8252
2026-09-18 05:57:03,117 INFO SendInput scan=0x1F down=False accepted=1 error=0 target_pid=8252
2026-09-18 05:57:03,148 INFO SendInput scan=0x1E down=False accepted=1 error=0 target_pid=8252
2026-09-18 05:57:03,257 INFO SendInput scan=0x11 down=True accepted=1 error=0 target_pid=8252
2026-09-18 05:57:03,320 INFO SendInput scan=0x1E down=True accepted=1 error=0 target_pid=8252
2026-09-18 05:57:03,352 INFO SendInput scan=0x1E down=False accepted=1 error=0 target_pid=8252
2026-09-18 05:57:03,352 INFO SendInput scan=0x11 down=False accepted=1 error=0 target_pid=8252
2026-09-18 05:57:03,952 INFO Mouse button=left down=True accepted=1
2026-09-18 05:57:04,063 INFO Mouse button=left down=False accepted=1
2026-09-18 05:57:04,076 INFO Tracking camera_fps=34.0 inference_fps=32.0 model_ms=32.0 age_ms=32.0 hands=0 pose=True mode=Eğilme
2026-09-18 05:57:04,313 INFO SendInput scan=0x11 down=True accepted=1 error=0 target_pid=8252
2026-09-18 05:57:04,344 INFO SendInput scan=0x11 down=False accepted=1 error=0 target_pid=8252
2026-09-18 05:57:04,409 INFO SendInput scan=0x11 down=True accepted=1 error=0 target_pid=8252
2026-09-18 05:57:04,471 INFO SendInput scan=0x11 down=False accepted=1 error=0 target_pid=8252
2026-09-18 05:57:04,630 INFO SendInput scan=0x11 down=True accepted=1 error=0 target_pid=8252
2026-09-18 05:57:04,724 INFO SendInput scan=0x20 down=True accepted=1 error=0 target_pid=8252
2026-09-18 05:57:04,771 INFO SendInput scan=0x20 down=False accepted=1 error=0 target_pid=8252
2026-09-18 05:57:04,771 INFO SendInput scan=0x11 down=False accepted=1 error=0 target_pid=8252
2026-09-18 05:57:04,865 INFO SendInput scan=0x39 down=True accepted=1 error=0 target_pid=8252
2026-09-18 05:57:04,975 INFO SendInput scan=0x39 down=False accepted=1 error=0 target_pid=8252
2026-09-18 05:57:05,041 INFO SendInput scan=0x2A down=True accepted=1 error=0 target_pid=8252
2026-09-18 05:57:05,558 INFO SendInput scan=0x2A down=False accepted=1 error=0 target_pid=8252
2026-09-18 05:57:06,612 INFO SendInput scan=0x1E down=True accepted=1 error=0 target_pid=8252
2026-09-18 05:57:06,645 INFO SendInput scan=0x1F down=True accepted=1 error=0 target_pid=8252
2026-09-18 05:57:06,674 INFO SendInput scan=0x1E down=False accepted=1 error=0 target_pid=8252
2026-09-18 05:57:06,674 INFO SendInput scan=0x1F down=False accepted=1 error=0 target_pid=8252
2026-09-18 05:57:06,986 INFO SendInput scan=0x11 down=True accepted=1 error=0 target_pid=8252
2026-09-18 05:57:07,018 INFO SendInput scan=0x1E down=True accepted=1 error=0 target_pid=8252
2026-09-18 05:57:07,103 INFO Tracking camera_fps=31.6 inference_fps=35.0 model_ms=15.0 age_ms=31.0 hands=1 pose=True mode=Eğilme
2026-09-18 05:57:08,142 INFO SendInput scan=0x1E down=False accepted=1 error=0 target_pid=8252
2026-09-18 05:57:08,250 INFO SendInput scan=0x20 down=True accepted=1 error=0 target_pid=8252
2026-09-18 05:57:09,274 INFO SendInput scan=0x11 down=False accepted=1 error=0 target_pid=8252
2026-09-18 05:57:10,117 INFO Tracking camera_fps=31.4 inference_fps=29.9 model_ms=31.0 age_ms=47.0 hands=1 pose=True mode=Eğilme
2026-09-18 05:57:11,447 INFO SendInput scan=0x1F down=True accepted=1 error=0 target_pid=8252
2026-09-18 05:57:11,495 INFO SendInput scan=0x20 down=False accepted=1 error=0 target_pid=8252
2026-09-18 05:57:11,495 INFO SendInput scan=0x1F down=False accepted=1 error=0 target_pid=8252
2026-09-18 05:57:11,853 INFO SendInput scan=0x1E down=True accepted=1 error=0 target_pid=8252
2026-09-18 05:57:11,885 INFO SendInput scan=0x1F down=True accepted=1 error=0 target_pid=8252
2026-09-18 05:57:11,996 INFO SendInput scan=0x1F down=False accepted=1 error=0 target_pid=8252
2026-09-18 05:57:12,031 INFO SendInput scan=0x1E down=False accepted=1 error=0 target_pid=8252
2026-09-18 05:57:12,093 INFO SendInput scan=0x11 down=True accepted=1 error=0 target_pid=8252
2026-09-18 05:57:12,169 INFO SendInput scan=0x11 down=False accepted=1 error=0 target_pid=8252
2026-09-18 05:57:12,363 INFO SendInput scan=0x20 down=True accepted=1 error=0 target_pid=8252
2026-09-18 05:57:12,364 INFO SendInput scan=0x11 down=True accepted=1 error=0 target_pid=8252
2026-09-18 05:57:12,911 INFO SendInput scan=0x20 down=False accepted=1 error=0 target_pid=8252
2026-09-18 05:57:12,912 INFO SendInput scan=0x11 down=False accepted=1 error=0 target_pid=8252
2026-09-18 05:57:13,153 INFO Tracking camera_fps=32.5 inference_fps=29.4 model_ms=32.0 age_ms=63.0 hands=1 pose=True mode=Eğilme
2026-09-18 05:57:13,164 INFO SendInput scan=0x20 down=True accepted=1 error=0 target_pid=8252
2026-09-18 05:57:13,334 INFO SendInput scan=0x1F down=True accepted=1 error=0 target_pid=8252
2026-09-18 05:57:13,980 INFO SendInput scan=0x20 down=False accepted=1 error=0 target_pid=8252
2026-09-18 05:57:13,981 INFO SendInput scan=0x1F down=False accepted=1 error=0 target_pid=8252
2026-09-18 05:57:14,140 INFO SendInput scan=0x1E down=True accepted=1 error=0 target_pid=8252
2026-09-18 05:57:14,704 INFO SendInput scan=0x1E down=False accepted=1 error=0 target_pid=8252
2026-09-18 05:57:15,145 INFO SendInput scan=0x11 down=True accepted=1 error=0 target_pid=8252
2026-09-18 05:57:15,271 INFO SendInput scan=0x11 down=False accepted=1 error=0 target_pid=8252
2026-09-18 05:57:15,679 INFO SendInput scan=0x11 down=True accepted=1 error=0 target_pid=8252
2026-09-18 05:57:15,794 INFO SendInput scan=0x11 down=False accepted=1 error=0 target_pid=8252
2026-09-18 05:57:15,979 INFO SendInput scan=0x1E down=True accepted=1 error=0 target_pid=8252
2026-09-18 05:57:16,188 INFO Tracking camera_fps=32.2 inference_fps=28.5 model_ms=31.0 age_ms=63.0 hands=1 pose=True mode=Eğilme
2026-09-18 05:57:16,233 INFO SendInput scan=0x1F down=True accepted=1 error=0 target_pid=8252
2026-09-18 05:57:17,239 INFO SendInput scan=0x1E down=False accepted=1 error=0 target_pid=8252
2026-09-18 05:57:17,240 INFO SendInput scan=0x1F down=False accepted=1 error=0 target_pid=8252
2026-09-18 05:57:17,413 INFO SendInput scan=0x1E down=True accepted=1 error=0 target_pid=8252
2026-09-18 05:57:17,774 INFO SendInput scan=0x1F down=True accepted=1 error=0 target_pid=8252
2026-09-18 05:57:18,247 INFO SendInput scan=0x1E down=False accepted=1 error=0 target_pid=8252
2026-09-18 05:57:18,247 INFO SendInput scan=0x1F down=False accepted=1 error=0 target_pid=8252
2026-09-18 05:57:18,465 INFO SendInput scan=0x20 down=True accepted=1 error=0 target_pid=8252
2026-09-18 05:57:18,466 INFO SendInput scan=0x1F down=True accepted=1 error=0 target_pid=8252
2026-09-18 05:57:18,811 INFO SendInput scan=0x20 down=False accepted=1 error=0 target_pid=8252
2026-09-18 05:57:18,812 INFO SendInput scan=0x1F down=False accepted=1 error=0 target_pid=8252
2026-09-18 05:57:19,230 INFO Tracking camera_fps=31.8 inference_fps=32.7 model_ms=15.0 age_ms=47.0 hands=2 pose=True mode=Eğilme
2026-09-18 05:57:22,247 INFO Tracking camera_fps=33.0 inference_fps=37.7 model_ms=31.0 age_ms=31.0 hands=2 pose=True mode=Eğilme
2026-09-18 05:57:23,501 INFO SendInput scan=0x1E down=True accepted=1 error=0 target_pid=8252
2026-09-18 05:57:23,501 INFO SendInput scan=0x11 down=True accepted=1 error=0 target_pid=8252
2026-09-18 05:57:23,719 INFO SendInput scan=0x11 down=False accepted=1 error=0 target_pid=8252
2026-09-18 05:57:23,860 INFO SendInput scan=0x11 down=True accepted=1 error=0 target_pid=8252
2026-09-18 05:57:24,063 INFO SendInput scan=0x1E down=False accepted=1 error=0 target_pid=8252
2026-09-18 05:57:24,063 INFO SendInput scan=0x11 down=False accepted=1 error=0 target_pid=8252
2026-09-18 05:57:25,070 INFO SendInput scan=0x1E down=True accepted=1 error=0 target_pid=8252
2026-09-18 05:57:25,102 INFO SendInput scan=0x11 down=True accepted=1 error=0 target_pid=8252
2026-09-18 05:57:25,229 INFO SendInput scan=0x1E down=False accepted=1 error=0 target_pid=8252
2026-09-18 05:57:25,229 INFO SendInput scan=0x11 down=False accepted=1 error=0 target_pid=8252
2026-09-18 05:57:25,283 INFO Tracking camera_fps=33.1 inference_fps=33.7 model_ms=16.0 age_ms=32.0 hands=1 pose=True mode=Eğilme
2026-09-18 05:57:25,296 INFO SendInput scan=0x1E down=True accepted=1 error=0 target_pid=8252
2026-09-18 05:57:26,658 INFO SendInput scan=0x1E down=False accepted=1 error=0 target_pid=8252
2026-09-18 05:57:26,737 INFO SendInput scan=0x20 down=True accepted=1 error=0 target_pid=8252
2026-09-18 05:57:28,313 INFO Tracking camera_fps=31.2 inference_fps=31.4 model_ms=31.0 age_ms=31.0 hands=1 pose=True mode=Eğilme
2026-09-18 05:57:29,255 INFO SendInput scan=0x20 down=False accepted=1 error=0 target_pid=8252
2026-09-18 05:57:29,790 INFO SendInput scan=0x1F down=True accepted=1 error=0 target_pid=8252
2026-09-18 05:57:29,852 INFO SendInput scan=0x1F down=False accepted=1 error=0 target_pid=8252
2026-09-18 05:57:30,262 INFO SendInput scan=0x11 down=True accepted=1 error=0 target_pid=8252
2026-09-18 05:57:30,324 INFO SendInput scan=0x20 down=True accepted=1 error=0 target_pid=8252
2026-09-18 05:57:30,358 INFO SendInput scan=0x20 down=False accepted=1 error=0 target_pid=8252
2026-09-18 05:57:30,359 INFO SendInput scan=0x11 down=False accepted=1 error=0 target_pid=8252
2026-09-18 05:57:31,333 INFO Tracking camera_fps=33.6 inference_fps=30.1 model_ms=32.0 age_ms=47.0 hands=1 pose=True mode=Eğilme
2026-09-18 05:57:31,634 INFO SendInput scan=0x1F down=True accepted=1 error=0 target_pid=8252
2026-09-18 05:57:32,562 INFO SendInput scan=0x1E down=True accepted=1 error=0 target_pid=8252
2026-09-18 05:57:32,692 INFO SendInput scan=0x1E down=False accepted=1 error=0 target_pid=8252
2026-09-18 05:57:32,693 INFO SendInput scan=0x1F down=False accepted=1 error=0 target_pid=8252
2026-09-18 05:57:32,768 INFO SendInput scan=0x1E down=True accepted=1 error=0 target_pid=8252
2026-09-18 05:57:32,768 INFO SendInput scan=0x1F down=True accepted=1 error=0 target_pid=8252
2026-09-18 05:57:33,100 INFO SendInput scan=0x1F down=False accepted=1 error=0 target_pid=8252
2026-09-18 05:57:33,132 INFO SendInput scan=0x1E down=False accepted=1 error=0 target_pid=8252
2026-09-18 05:57:33,288 INFO SendInput scan=0x11 down=True accepted=1 error=0 target_pid=8252
2026-09-18 05:57:33,335 INFO SendInput scan=0x20 down=True accepted=1 error=0 target_pid=8252
2026-09-18 05:57:33,366 INFO SendInput scan=0x20 down=False accepted=1 error=0 target_pid=8252
2026-09-18 05:57:33,367 INFO SendInput scan=0x11 down=False accepted=1 error=0 target_pid=8252
2026-09-18 05:57:33,525 INFO SendInput scan=0x39 down=True accepted=1 error=0 target_pid=8252
2026-09-18 05:57:33,633 INFO SendInput scan=0x39 down=False accepted=1 error=0 target_pid=8252
2026-09-18 05:57:33,696 INFO SendInput scan=0x2A down=True accepted=1 error=0 target_pid=8252
2026-09-18 05:57:34,362 INFO Tracking camera_fps=30.6 inference_fps=29.7 model_ms=31.0 age_ms=47.0 hands=1 pose=True mode=Swing
2026-09-18 05:57:35,480 INFO SendInput scan=0x2A down=False accepted=1 error=0 target_pid=8252
2026-09-18 05:57:36,266 INFO SendInput scan=0x39 down=True accepted=1 error=0 target_pid=8252
2026-09-18 05:57:36,378 INFO SendInput scan=0x39 down=False accepted=1 error=0 target_pid=8252
2026-09-18 05:57:36,442 INFO SendInput scan=0x2A down=True accepted=1 error=0 target_pid=8252
2026-09-18 05:57:36,726 INFO SendInput scan=0x2A down=False accepted=1 error=0 target_pid=8252
2026-09-18 05:57:36,880 INFO SendInput scan=0x11 down=True accepted=1 error=0 target_pid=8252
2026-09-18 05:57:36,912 INFO SendInput scan=0x1E down=True accepted=1 error=0 target_pid=8252
2026-09-18 05:57:37,024 INFO SendInput scan=0x1E down=False accepted=1 error=0 target_pid=8252
2026-09-18 05:57:37,116 INFO SendInput scan=0x1E down=True accepted=1 error=0 target_pid=8252
2026-09-18 05:57:37,180 INFO SendInput scan=0x1E down=False accepted=1 error=0 target_pid=8252
2026-09-18 05:57:37,181 INFO SendInput scan=0x11 down=False accepted=1 error=0 target_pid=8252
2026-09-18 05:57:37,320 INFO SendInput scan=0x1E down=True accepted=1 error=0 target_pid=8252
2026-09-18 05:57:37,375 INFO Tracking camera_fps=32.6 inference_fps=33.9 model_ms=31.0 age_ms=31.0 hands=1 pose=True mode=Eğilme
2026-09-18 05:57:37,886 INFO SendInput scan=0x1E down=False accepted=1 error=0 target_pid=8252
2026-09-18 05:57:38,074 INFO SendInput scan=0x39 down=True accepted=1 error=0 target_pid=8252
2026-09-18 05:57:38,184 INFO SendInput scan=0x39 down=False accepted=1 error=0 target_pid=8252
2026-09-18 05:57:38,247 INFO SendInput scan=0x2A down=True accepted=1 error=0 target_pid=8252
2026-09-18 05:57:38,640 INFO SendInput scan=0x2A down=False accepted=1 error=0 target_pid=8252
2026-09-18 05:57:39,583 INFO SendInput scan=0x39 down=True accepted=1 error=0 target_pid=8252
2026-09-18 05:57:39,694 INFO SendInput scan=0x39 down=False accepted=1 error=0 target_pid=8252
2026-09-18 05:57:39,757 INFO SendInput scan=0x2A down=True accepted=1 error=0 target_pid=8252
2026-09-18 05:57:40,416 INFO Tracking camera_fps=37.4 inference_fps=31.7 model_ms=16.0 age_ms=47.0 hands=1 pose=True mode=Swing
2026-09-18 05:57:40,652 INFO SendInput scan=0x2A down=False accepted=1 error=0 target_pid=8252
2026-09-18 05:57:40,950 INFO SendInput scan=0x39 down=True accepted=1 error=0 target_pid=8252
2026-09-18 05:57:41,063 INFO SendInput scan=0x39 down=False accepted=1 error=0 target_pid=8252
2026-09-18 05:57:41,216 INFO SendInput scan=0x39 down=True accepted=1 error=0 target_pid=8252
2026-09-18 05:57:41,327 INFO SendInput scan=0x39 down=False accepted=1 error=0 target_pid=8252
2026-09-18 05:57:41,387 INFO SendInput scan=0x2A down=True accepted=1 error=0 target_pid=8252
2026-09-18 05:57:42,757 INFO SendInput scan=0x2A down=False accepted=1 error=0 target_pid=8252
2026-09-18 05:57:43,054 INFO SendInput scan=0x39 down=True accepted=1 error=0 target_pid=8252
2026-09-18 05:57:43,164 INFO SendInput scan=0x39 down=False accepted=1 error=0 target_pid=8252
2026-09-18 05:57:43,229 INFO SendInput scan=0x2A down=True accepted=1 error=0 target_pid=8252
2026-09-18 05:57:43,384 INFO SendInput scan=0x2A down=False accepted=1 error=0 target_pid=8252
2026-09-18 05:57:43,446 INFO Tracking camera_fps=31.8 inference_fps=31.0 model_ms=16.0 age_ms=31.0 hands=1 pose=True mode=Eğilme
2026-09-18 05:57:43,778 INFO SendInput scan=0x39 down=True accepted=1 error=0 target_pid=8252
2026-09-18 05:57:43,886 INFO SendInput scan=0x39 down=False accepted=1 error=0 target_pid=8252
2026-09-18 05:57:43,951 INFO SendInput scan=0x2A down=True accepted=1 error=0 target_pid=8252
2026-09-18 05:57:44,374 INFO SendInput scan=0x2A down=False accepted=1 error=0 target_pid=8252
2026-09-18 05:57:44,686 INFO SendInput scan=0x39 down=True accepted=1 error=0 target_pid=8252
2026-09-18 05:57:44,766 INFO SendInput scan=0x39 down=False accepted=1 error=0 target_pid=8252
2026-09-18 05:57:44,892 INFO SendInput scan=0x39 down=True accepted=1 error=0 target_pid=8252
2026-09-18 05:57:45,001 INFO SendInput scan=0x39 down=False accepted=1 error=0 target_pid=8252
2026-09-18 05:57:45,064 INFO SendInput scan=0x2A down=True accepted=1 error=0 target_pid=8252
2026-09-18 05:57:46,467 INFO Tracking camera_fps=32.3 inference_fps=30.9 model_ms=31.0 age_ms=31.0 hands=1 pose=True mode=Swing
2026-09-18 05:57:46,905 INFO SendInput scan=0x2A down=False accepted=1 error=0 target_pid=8252
2026-09-18 05:57:47,076 INFO SendInput scan=0x1F down=True accepted=1 error=0 target_pid=8252
2026-09-18 05:57:47,140 INFO SendInput scan=0x1F down=False accepted=1 error=0 target_pid=8252
2026-09-18 05:57:49,496 INFO Tracking camera_fps=30.8 inference_fps=37.5 model_ms=15.0 age_ms=31.0 hands=0 pose=False mode=El kontrolü · zıplama için gövde gerekli
2026-09-18 05:57:52,519 INFO Tracking camera_fps=32.9 inference_fps=43.1 model_ms=16.0 age_ms=16.0 hands=0 pose=False mode=El kontrolü · zıplama için gövde gerekli
2026-09-18 05:57:55,540 INFO Tracking camera_fps=31.7 inference_fps=33.5 model_ms=0.0 age_ms=16.0 hands=0 pose=False mode=El kontrolü · zıplama için gövde gerekli
2026-09-18 05:57:58,545 INFO Tracking camera_fps=32.9 inference_fps=31.8 model_ms=15.0 age_ms=31.0 hands=0 pose=False mode=El kontrolü · zıplama için gövde gerekli
2026-09-18 06:07:36,887 INFO WebMotion starting integrity={'rid': 12288, 'name': 'High', 'error': 0}
2026-09-18 06:07:51,185 INFO Tracking camera_fps=111.1 inference_fps=1.1 model_ms=16.0 age_ms=31.0 hands=0 pose=False mode=El kontrolü · zıplama için gövde gerekli
2026-09-18 06:07:54,199 INFO Tracking camera_fps=33.0 inference_fps=31.6 model_ms=16.0 age_ms=32.0 hands=0 pose=False mode=El kontrolü · zıplama için gövde gerekli
2026-09-18 06:07:57,233 INFO Tracking camera_fps=34.5 inference_fps=32.1 model_ms=16.0 age_ms=31.0 hands=0 pose=False mode=El kontrolü · zıplama için gövde gerekli
2026-09-18 06:08:00,260 INFO Tracking camera_fps=31.2 inference_fps=33.6 model_ms=0.0 age_ms=15.0 hands=0 pose=False mode=El kontrolü · zıplama için gövde gerekli
2026-09-18 06:08:03,297 INFO Tracking camera_fps=31.6 inference_fps=70.3 model_ms=15.0 age_ms=31.0 hands=0 pose=False mode=El kontrolü · zıplama için gövde gerekli
2026-09-18 06:08:06,324 INFO Tracking camera_fps=32.5 inference_fps=30.8 model_ms=16.0 age_ms=32.0 hands=0 pose=False mode=El kontrolü · zıplama için gövde gerekli
2026-09-18 06:08:09,367 INFO Tracking camera_fps=33.7 inference_fps=34.7 model_ms=16.0 age_ms=31.0 hands=1 pose=True mode=Eğilme
2026-09-18 06:08:12,377 INFO Tracking camera_fps=31.2 inference_fps=33.2 model_ms=15.0 age_ms=15.0 hands=2 pose=True mode=Eğilme
2026-09-18 06:08:15,420 INFO Tracking camera_fps=32.2 inference_fps=36.2 model_ms=15.0 age_ms=31.0 hands=1 pose=True mode=Eğilme
2026-09-18 06:08:18,436 INFO Tracking camera_fps=35.3 inference_fps=34.7 model_ms=16.0 age_ms=31.0 hands=2 pose=True mode=Swing
2026-09-18 06:08:21,482 INFO Tracking camera_fps=35.2 inference_fps=33.8 model_ms=16.0 age_ms=31.0 hands=2 pose=True mode=Serbest
2026-09-18 06:08:24,504 INFO Tracking camera_fps=32.6 inference_fps=32.3 model_ms=15.0 age_ms=15.0 hands=0 pose=True mode=Serbest
2026-09-18 06:08:27,537 INFO Tracking camera_fps=34.3 inference_fps=33.6 model_ms=16.0 age_ms=32.0 hands=0 pose=True mode=Eğilme
2026-09-18 06:08:30,560 INFO Tracking camera_fps=34.4 inference_fps=33.4 model_ms=16.0 age_ms=31.0 hands=0 pose=True mode=Eğilme
2026-09-18 06:08:32,633 INFO SendInput scan=0x1D down=True accepted=1 error=0 target_pid=8252
2026-09-18 06:08:32,741 INFO SendInput scan=0x1D down=False accepted=1 error=0 target_pid=8252
2026-09-18 06:08:32,821 INFO Mouse button=left down=True accepted=1
2026-09-18 06:08:32,929 INFO Mouse button=left down=False accepted=1
2026-09-18 06:08:33,054 INFO SendInput scan=0x39 down=True accepted=1 error=0 target_pid=8252
2026-09-18 06:08:33,134 INFO SendInput scan=0x39 down=False accepted=1 error=0 target_pid=8252
2026-09-18 06:08:33,601 INFO Tracking camera_fps=31.4 inference_fps=35.8 model_ms=15.0 age_ms=31.0 hands=2 pose=True mode=Serbest
2026-09-18 06:08:36,634 INFO Tracking camera_fps=36.4 inference_fps=32.2 model_ms=15.0 age_ms=15.0 hands=2 pose=True mode=Serbest
2026-09-18 06:08:36,641 INFO SendInput scan=0x11 down=True accepted=1 error=0 target_pid=8252
2026-09-18 06:08:36,657 INFO SendInput scan=0x20 down=True accepted=1 error=0 target_pid=8252
2026-09-18 06:08:36,973 INFO SendInput scan=0x20 down=False accepted=1 error=0 target_pid=8252
2026-09-18 06:08:36,973 INFO SendInput scan=0x11 down=False accepted=1 error=0 target_pid=8252
2026-09-18 06:08:37,267 INFO SendInput scan=0x1E down=True accepted=1 error=0 target_pid=8252
2026-09-18 06:08:37,316 INFO SendInput scan=0x11 down=True accepted=1 error=0 target_pid=8252
2026-09-18 06:08:38,071 INFO SendInput scan=0x1E down=False accepted=1 error=0 target_pid=8252
2026-09-18 06:08:39,636 INFO Tracking camera_fps=31.8 inference_fps=31.1 model_ms=15.0 age_ms=47.0 hands=2 pose=True mode=Serbest
2026-09-18 06:08:40,999 INFO SendInput scan=0x11 down=False accepted=1 error=0 target_pid=8252
2026-09-18 06:08:42,666 INFO Tracking camera_fps=32.2 inference_fps=32.4 model_ms=16.0 age_ms=32.0 hands=2 pose=True mode=Serbest
2026-09-18 06:08:43,315 INFO SendInput scan=0x1F down=True accepted=1 error=0 target_pid=8252
2026-09-18 06:08:43,364 INFO SendInput scan=0x1E down=True accepted=1 error=0 target_pid=8252
2026-09-18 06:08:43,742 INFO SendInput scan=0x1E down=False accepted=1 error=0 target_pid=8252
2026-09-18 06:08:44,167 INFO SendInput scan=0x20 down=True accepted=1 error=0 target_pid=8252
2026-09-18 06:08:44,401 INFO SendInput scan=0x1F down=False accepted=1 error=0 target_pid=8252
2026-09-18 06:08:44,798 INFO SendInput scan=0x11 down=True accepted=1 error=0 target_pid=8252
2026-09-18 06:08:45,421 INFO SendInput scan=0x20 down=False accepted=1 error=0 target_pid=8252
2026-09-18 06:08:45,685 INFO Tracking camera_fps=31.3 inference_fps=31.8 model_ms=31.0 age_ms=31.0 hands=1 pose=True mode=Serbest
2026-09-18 06:08:45,783 INFO SendInput scan=0x1E down=True accepted=1 error=0 target_pid=8252
2026-09-18 06:08:47,301 INFO SendInput scan=0x1E down=False accepted=1 error=0 target_pid=8252
2026-09-18 06:08:47,566 INFO SendInput scan=0x20 down=True accepted=1 error=0 target_pid=8252
2026-09-18 06:08:48,557 INFO SendInput scan=0x20 down=False accepted=1 error=0 target_pid=8252
2026-09-18 06:08:48,588 INFO SendInput scan=0x11 down=False accepted=1 error=0 target_pid=8252
2026-09-18 06:08:48,723 INFO Tracking camera_fps=31.5 inference_fps=31.6 model_ms=15.0 age_ms=31.0 hands=1 pose=True mode=Serbest
2026-09-18 06:08:49,428 INFO Mouse button=left down=True accepted=1
2026-09-18 06:08:49,534 INFO Mouse button=left down=False accepted=1
2026-09-18 06:08:50,413 INFO SendInput scan=0x39 down=True accepted=1 error=0 target_pid=8252
2026-09-18 06:08:50,524 INFO SendInput scan=0x39 down=False accepted=1 error=0 target_pid=8252
2026-09-18 06:08:50,586 INFO SendInput scan=0x2A down=True accepted=1 error=0 target_pid=8252
2026-09-18 06:08:51,767 INFO Tracking camera_fps=32.4 inference_fps=28.1 model_ms=31.0 age_ms=47.0 hands=1 pose=True mode=Swing
2026-09-18 06:08:52,296 INFO SendInput scan=0x2A down=False accepted=1 error=0 target_pid=8252
2026-09-18 06:08:52,564 INFO SendInput scan=0x39 down=True accepted=1 error=0 target_pid=8252
2026-09-18 06:08:52,672 INFO SendInput scan=0x39 down=False accepted=1 error=0 target_pid=8252
2026-09-18 06:08:52,737 INFO SendInput scan=0x2A down=True accepted=1 error=0 target_pid=8252
2026-09-18 06:08:53,790 INFO SendInput scan=0x2A down=False accepted=1 error=0 target_pid=8252
2026-09-18 06:08:53,932 INFO SendInput scan=0x1E down=True accepted=1 error=0 target_pid=8252
2026-09-18 06:08:54,026 INFO SendInput scan=0x1E down=False accepted=1 error=0 target_pid=8252
2026-09-18 06:08:54,199 INFO SendInput scan=0x39 down=True accepted=1 error=0 target_pid=8252
2026-09-18 06:08:54,309 INFO SendInput scan=0x39 down=False accepted=1 error=0 target_pid=8252
2026-09-18 06:08:54,372 INFO SendInput scan=0x2A down=True accepted=1 error=0 target_pid=8252
2026-09-18 06:08:54,795 INFO Tracking camera_fps=31.6 inference_fps=31.2 model_ms=31.0 age_ms=47.0 hands=1 pose=True mode=Swing
2026-09-18 06:08:56,562 INFO SendInput scan=0x2A down=False accepted=1 error=0 target_pid=8252
2026-09-18 06:08:56,687 INFO SendInput scan=0x1F down=True accepted=1 error=0 target_pid=8252
2026-09-18 06:08:56,751 INFO SendInput scan=0x1F down=False accepted=1 error=0 target_pid=8252
2026-09-18 06:08:56,892 INFO SendInput scan=0x1F down=True accepted=1 error=0 target_pid=8252
2026-09-18 06:08:56,986 INFO SendInput scan=0x1F down=False accepted=1 error=0 target_pid=8252
2026-09-18 06:08:57,253 INFO SendInput scan=0x39 down=True accepted=1 error=0 target_pid=8252
2026-09-18 06:08:57,363 INFO SendInput scan=0x39 down=False accepted=1 error=0 target_pid=8252
2026-09-18 06:08:57,426 INFO SendInput scan=0x2A down=True accepted=1 error=0 target_pid=8252
2026-09-18 06:08:57,842 INFO Tracking camera_fps=31.9 inference_fps=36.3 model_ms=31.0 age_ms=31.0 hands=1 pose=True mode=Swing
2026-09-18 06:08:59,318 INFO SendInput scan=0x2A down=False accepted=1 error=0 target_pid=8252
2026-09-18 06:08:59,412 INFO SendInput scan=0x1E down=True accepted=1 error=0 target_pid=8252
2026-09-18 06:08:59,702 INFO SendInput scan=0x1E down=False accepted=1 error=0 target_pid=8252
2026-09-18 06:08:59,871 INFO SendInput scan=0x39 down=True accepted=1 error=0 target_pid=8252
2026-09-18 06:08:59,983 INFO SendInput scan=0x39 down=False accepted=1 error=0 target_pid=8252
2026-09-18 06:09:00,045 INFO SendInput scan=0x2A down=True accepted=1 error=0 target_pid=8252
2026-09-18 06:09:00,868 INFO Tracking camera_fps=31.3 inference_fps=29.3 model_ms=31.0 age_ms=47.0 hands=1 pose=True mode=Swing
2026-09-18 06:09:01,355 INFO SendInput scan=0x2A down=False accepted=1 error=0 target_pid=8252
2026-09-18 06:09:01,370 INFO SendInput scan=0x39 down=True accepted=1 error=0 target_pid=8252
2026-09-18 06:09:01,482 INFO SendInput scan=0x39 down=False accepted=1 error=0 target_pid=8252
2026-09-18 06:09:01,543 INFO SendInput scan=0x2A down=True accepted=1 error=0 target_pid=8252
2026-09-18 06:09:03,132 INFO SendInput scan=0x2A down=False accepted=1 error=0 target_pid=8252
2026-09-18 06:09:03,223 INFO SendInput scan=0x1E down=True accepted=1 error=0 target_pid=8252
2026-09-18 06:09:03,254 INFO SendInput scan=0x1F down=True accepted=1 error=0 target_pid=8252
2026-09-18 06:09:03,286 INFO SendInput scan=0x1E down=False accepted=1 error=0 target_pid=8252
2026-09-18 06:09:03,286 INFO SendInput scan=0x1F down=False accepted=1 error=0 target_pid=8252
2026-09-18 06:09:03,381 INFO SendInput scan=0x1F down=True accepted=1 error=0 target_pid=8252
2026-09-18 06:09:03,491 INFO SendInput scan=0x1F down=False accepted=1 error=0 target_pid=8252
2026-09-18 06:09:03,649 INFO SendInput scan=0x39 down=True accepted=1 error=0 target_pid=8252
2026-09-18 06:09:03,760 INFO SendInput scan=0x39 down=False accepted=1 error=0 target_pid=8252
2026-09-18 06:09:03,822 INFO SendInput scan=0x2A down=True accepted=1 error=0 target_pid=8252
2026-09-18 06:09:03,875 INFO Tracking camera_fps=31.2 inference_fps=32.2 model_ms=15.0 age_ms=31.0 hands=1 pose=True mode=Swing
2026-09-18 06:09:05,651 INFO SendInput scan=0x2A down=False accepted=1 error=0 target_pid=8252
2026-09-18 06:09:06,393 INFO SendInput scan=0x39 down=True accepted=1 error=0 target_pid=8252
2026-09-18 06:09:06,471 INFO SendInput scan=0x39 down=False accepted=1 error=0 target_pid=8252
2026-09-18 06:09:06,906 INFO Tracking camera_fps=30.9 inference_fps=32.9 model_ms=32.0 age_ms=32.0 hands=1 pose=True mode=Serbest
2026-09-18 06:09:07,105 INFO SendInput scan=0x39 down=True accepted=1 error=0 target_pid=8252
2026-09-18 06:09:07,217 INFO SendInput scan=0x39 down=False accepted=1 error=0 target_pid=8252
2026-09-18 06:09:07,454 INFO SendInput scan=0x20 down=True accepted=1 error=0 target_pid=8252
2026-09-18 06:09:07,484 INFO SendInput scan=0x1F down=True accepted=1 error=0 target_pid=8252
2026-09-18 06:09:07,579 INFO SendInput scan=0x20 down=False accepted=1 error=0 target_pid=8252
2026-09-18 06:09:07,580 INFO SendInput scan=0x1F down=False accepted=1 error=0 target_pid=8252
2026-09-18 06:09:07,927 INFO SendInput scan=0x39 down=True accepted=1 error=0 target_pid=8252
2026-09-18 06:09:08,021 INFO SendInput scan=0x39 down=False accepted=1 error=0 target_pid=8252
2026-09-18 06:09:08,163 INFO SendInput scan=0x39 down=True accepted=1 error=0 target_pid=8252
2026-09-18 06:09:08,273 INFO SendInput scan=0x39 down=False accepted=1 error=0 target_pid=8252
2026-09-18 06:09:08,336 INFO SendInput scan=0x2A down=True accepted=1 error=0 target_pid=8252
2026-09-18 06:09:08,667 INFO SendInput scan=0x2A down=False accepted=1 error=0 target_pid=8252
2026-09-18 06:09:08,699 INFO SendInput scan=0x39 down=True accepted=1 error=0 target_pid=8252
2026-09-18 06:09:08,808 INFO SendInput scan=0x39 down=False accepted=1 error=0 target_pid=8252
2026-09-18 06:09:08,872 INFO SendInput scan=0x2A down=True accepted=1 error=0 target_pid=8252
2026-09-18 06:09:09,206 INFO SendInput scan=0x2A down=False accepted=1 error=0 target_pid=8252
2026-09-18 06:09:09,925 INFO Tracking camera_fps=32.5 inference_fps=38.7 model_ms=15.0 age_ms=15.0 hands=2 pose=True mode=Serbest
2026-09-18 06:09:10,183 INFO SendInput scan=0x20 down=True accepted=1 error=0 target_pid=8252
2026-09-18 06:09:10,198 INFO SendInput scan=0x20 down=False accepted=1 error=0 target_pid=8252
2026-09-18 06:09:10,372 INFO SendInput scan=0x1F down=True accepted=1 error=0 target_pid=8252
2026-09-18 06:09:10,464 INFO SendInput scan=0x1F down=False accepted=1 error=0 target_pid=8252
2026-09-18 06:09:10,638 INFO SendInput scan=0x1F down=True accepted=1 error=0 target_pid=8252
2026-09-18 06:09:11,115 INFO SendInput scan=0x1F down=False accepted=1 error=0 target_pid=8252
2026-09-18 06:09:11,400 INFO SendInput scan=0x20 down=True accepted=1 error=0 target_pid=8252
2026-09-18 06:09:11,447 INFO SendInput scan=0x20 down=False accepted=1 error=0 target_pid=8252
2026-09-18 06:09:12,093 INFO Mouse button=left down=True accepted=1
2026-09-18 06:09:12,204 INFO Mouse button=left down=False accepted=1
2026-09-18 06:09:12,409 INFO Mouse button=left down=True accepted=1
2026-09-18 06:09:12,520 INFO Mouse button=left down=False accepted=1
2026-09-18 06:09:12,770 INFO Mouse button=left down=True accepted=1
2026-09-18 06:09:12,881 INFO Mouse button=left down=False accepted=1
2026-09-18 06:09:12,968 INFO Tracking camera_fps=30.9 inference_fps=37.5 model_ms=31.0 age_ms=47.0 hands=2 pose=True mode=Serbest
2026-09-18 06:09:13,403 INFO SendInput scan=0x20 down=True accepted=1 error=0 target_pid=8252
2026-09-18 06:09:13,716 INFO SendInput scan=0x20 down=False accepted=1 error=0 target_pid=8252
2026-09-18 06:09:15,985 INFO Tracking camera_fps=32.2 inference_fps=33.1 model_ms=16.0 age_ms=31.0 hands=1 pose=True mode=Serbest
2026-09-18 06:09:16,565 INFO SendInput scan=0x20 down=True accepted=1 error=0 target_pid=8252
2026-09-18 06:09:17,728 INFO SendInput scan=0x11 down=True accepted=1 error=0 target_pid=8252
2026-09-18 06:09:17,870 INFO SendInput scan=0x20 down=False accepted=1 error=0 target_pid=8252
2026-09-18 06:09:17,870 INFO SendInput scan=0x11 down=False accepted=1 error=0 target_pid=8252
2026-09-18 06:09:18,137 INFO SendInput scan=0x1F down=True accepted=1 error=0 target_pid=8252
2026-09-18 06:09:18,200 INFO SendInput scan=0x1F down=False accepted=1 error=0 target_pid=8252
2026-09-18 06:09:18,943 INFO Mouse button=left down=True accepted=1
2026-09-18 06:09:19,001 INFO Tracking camera_fps=31.1 inference_fps=31.3 model_ms=31.0 age_ms=46.0 hands=1 pose=True mode=Serbest
2026-09-18 06:09:19,054 INFO Mouse button=left down=False accepted=1
2026-09-18 06:09:19,383 INFO SendInput scan=0x39 down=True accepted=1 error=0 target_pid=8252
2026-09-18 06:09:19,480 INFO SendInput scan=0x39 down=False accepted=1 error=0 target_pid=8252
2026-09-18 06:09:19,547 INFO SendInput scan=0x2A down=True accepted=1 error=0 target_pid=8252
2026-09-18 06:09:22,017 INFO Tracking camera_fps=34.3 inference_fps=33.1 model_ms=31.0 age_ms=31.0 hands=1 pose=True mode=Swing
2026-09-18 06:09:22,172 INFO SendInput scan=0x2A down=False accepted=1 error=0 target_pid=8252
2026-09-18 06:09:22,264 INFO SendInput scan=0x1F down=True accepted=1 error=0 target_pid=8252
2026-09-18 06:09:22,327 INFO SendInput scan=0x1F down=False accepted=1 error=0 target_pid=8252
2026-09-18 06:09:23,240 INFO SendInput scan=0x39 down=True accepted=1 error=0 target_pid=8252
2026-09-18 06:09:23,352 INFO SendInput scan=0x39 down=False accepted=1 error=0 target_pid=8252
2026-09-18 06:09:23,416 INFO SendInput scan=0x2A down=True accepted=1 error=0 target_pid=8252
2026-09-18 06:09:24,926 INFO SendInput scan=0x2A down=False accepted=1 error=0 target_pid=8252
2026-09-18 06:09:25,056 INFO Tracking camera_fps=33.5 inference_fps=30.8 model_ms=31.0 age_ms=31.0 hands=2 pose=True mode=Serbest
2026-09-18 06:09:25,240 INFO SendInput scan=0x1F down=True accepted=1 error=0 target_pid=8252
2026-09-18 06:09:25,304 INFO SendInput scan=0x39 down=True accepted=1 error=0 target_pid=8252
2026-09-18 06:09:25,335 INFO SendInput scan=0x1F down=False accepted=1 error=0 target_pid=8252
2026-09-18 06:09:25,382 INFO SendInput scan=0x39 down=False accepted=1 error=0 target_pid=8252
2026-09-18 06:09:25,460 INFO SendInput scan=0x39 down=True accepted=1 error=0 target_pid=8252
2026-09-18 06:09:25,571 INFO SendInput scan=0x39 down=False accepted=1 error=0 target_pid=8252
2026-09-18 06:09:25,623 INFO SendInput scan=0x2A down=True accepted=1 error=0 target_pid=8252
2026-09-18 06:09:28,077 INFO Tracking camera_fps=34.7 inference_fps=34.5 model_ms=32.0 age_ms=32.0 hands=1 pose=True mode=Swing
2026-09-18 06:09:28,400 INFO SendInput scan=0x2A down=False accepted=1 error=0 target_pid=8252
2026-09-18 06:09:28,431 INFO SendInput scan=0x39 down=True accepted=1 error=0 target_pid=8252
2026-09-18 06:09:28,540 INFO SendInput scan=0x39 down=False accepted=1 error=0 target_pid=8252
2026-09-18 06:09:28,604 INFO SendInput scan=0x2A down=True accepted=1 error=0 target_pid=8252
2026-09-18 06:09:30,182 INFO SendInput scan=0x2A down=False accepted=1 error=0 target_pid=8252
2026-09-18 06:09:30,214 INFO SendInput scan=0x39 down=True accepted=1 error=0 target_pid=8252
2026-09-18 06:09:30,245 INFO SendInput scan=0x39 down=False accepted=1 error=0 target_pid=8252
2026-09-18 06:09:30,278 INFO SendInput scan=0x39 down=True accepted=1 error=0 target_pid=8252
2026-09-18 06:09:30,308 INFO SendInput scan=0x39 down=False accepted=1 error=0 target_pid=8252
2026-09-18 06:09:30,515 INFO SendInput scan=0x1F down=True accepted=1 error=0 target_pid=8252
2026-09-18 06:09:31,107 INFO Tracking camera_fps=34.8 inference_fps=32.1 model_ms=16.0 age_ms=31.0 hands=2 pose=True mode=Serbest
2026-09-18 06:09:31,283 INFO SendInput scan=0x20 down=True accepted=1 error=0 target_pid=8252
2026-09-18 06:09:31,456 INFO SendInput scan=0x20 down=False accepted=1 error=0 target_pid=8252
2026-09-18 06:09:31,456 INFO SendInput scan=0x1F down=False accepted=1 error=0 target_pid=8252
2026-09-18 06:09:31,646 INFO SendInput scan=0x11 down=True accepted=1 error=0 target_pid=8252
2026-09-18 06:09:31,707 INFO SendInput scan=0x11 down=False accepted=1 error=0 target_pid=8252
2026-09-18 06:09:31,818 INFO SendInput scan=0x11 down=True accepted=1 error=0 target_pid=8252
2026-09-18 06:09:31,962 INFO SendInput scan=0x11 down=False accepted=1 error=0 target_pid=8252
2026-09-18 06:09:32,135 INFO SendInput scan=0x1E down=True accepted=1 error=0 target_pid=8252
2026-09-18 06:09:32,182 INFO SendInput scan=0x39 down=True accepted=1 error=0 target_pid=8252
2026-09-18 06:09:32,182 INFO SendInput scan=0x1E down=False accepted=1 error=0 target_pid=8252
2026-09-18 06:09:32,276 INFO SendInput scan=0x39 down=False accepted=1 error=0 target_pid=8252
2026-09-18 06:09:32,340 INFO SendInput scan=0x2A down=True accepted=1 error=0 target_pid=8252
2026-09-18 06:09:33,315 INFO SendInput scan=0x2A down=False accepted=1 error=0 target_pid=8252
2026-09-18 06:09:33,691 INFO SendInput scan=0x39 down=True accepted=1 error=0 target_pid=8252
2026-09-18 06:09:33,800 INFO SendInput scan=0x39 down=False accepted=1 error=0 target_pid=8252
2026-09-18 06:09:33,866 INFO SendInput scan=0x2A down=True accepted=1 error=0 target_pid=8252
2026-09-18 06:09:34,138 INFO Tracking camera_fps=31.4 inference_fps=36.5 model_ms=31.0 age_ms=31.0 hands=2 pose=True mode=Swing
2026-09-18 06:09:37,173 INFO Tracking camera_fps=30.4 inference_fps=32.1 model_ms=15.0 age_ms=31.0 hands=2 pose=True mode=Swing
2026-09-18 06:09:37,215 INFO SendInput scan=0x2A down=False accepted=1 error=0 target_pid=8252
2026-09-18 06:09:38,048 INFO Mouse button=left down=True accepted=1
2026-09-18 06:09:38,158 INFO Mouse button=left down=False accepted=1
2026-09-18 06:09:38,377 INFO Mouse button=left down=True accepted=1
2026-09-18 06:09:38,488 INFO Mouse button=left down=False accepted=1
2026-09-18 06:09:39,070 INFO SendInput scan=0x39 down=True accepted=1 error=0 target_pid=8252
2026-09-18 06:09:39,181 INFO SendInput scan=0x39 down=False accepted=1 error=0 target_pid=8252
2026-09-18 06:09:39,230 INFO SendInput scan=0x2A down=True accepted=1 error=0 target_pid=8252
2026-09-18 06:09:40,199 INFO Tracking camera_fps=32.1 inference_fps=35.8 model_ms=16.0 age_ms=47.0 hands=2 pose=True mode=Swing
2026-09-18 06:09:40,306 INFO SendInput scan=0x2A down=False accepted=1 error=0 target_pid=8252
2026-09-18 06:09:40,638 INFO SendInput scan=0x1F down=True accepted=1 error=0 target_pid=8252
2026-09-18 06:09:40,812 INFO SendInput scan=0x1E down=True accepted=1 error=0 target_pid=8252
2026-09-18 06:09:40,905 INFO SendInput scan=0x1E down=False accepted=1 error=0 target_pid=8252
2026-09-18 06:09:40,905 INFO SendInput scan=0x1F down=False accepted=1 error=0 target_pid=8252
2026-09-18 06:09:41,111 INFO SendInput scan=0x39 down=True accepted=1 error=0 target_pid=8252
2026-09-18 06:09:41,220 INFO SendInput scan=0x39 down=False accepted=1 error=0 target_pid=8252
2026-09-18 06:09:41,282 INFO SendInput scan=0x2A down=True accepted=1 error=0 target_pid=8252
2026-09-18 06:09:42,378 INFO SendInput scan=0x2A down=False accepted=1 error=0 target_pid=8252
2026-09-18 06:09:42,474 INFO SendInput scan=0x1F down=True accepted=1 error=0 target_pid=8252
2026-09-18 06:09:42,630 INFO SendInput scan=0x1F down=False accepted=1 error=0 target_pid=8252
2026-09-18 06:09:43,071 INFO SendInput scan=0x39 down=True accepted=1 error=0 target_pid=8252
2026-09-18 06:09:43,181 INFO SendInput scan=0x39 down=False accepted=1 error=0 target_pid=8252
2026-09-18 06:09:43,216 INFO Tracking camera_fps=34.0 inference_fps=30.1 model_ms=31.0 age_ms=47.0 hands=1 pose=True mode=Swing
2026-09-18 06:09:43,229 INFO SendInput scan=0x2A down=True accepted=1 error=0 target_pid=8252
2026-09-18 06:09:45,329 INFO SendInput scan=0x39 down=True accepted=1 error=0 target_pid=8252
2026-09-18 06:09:45,437 INFO SendInput scan=0x39 down=False accepted=1 error=0 target_pid=8252
2026-09-18 06:09:45,437 INFO SendInput scan=0x2A down=False accepted=1 error=0 target_pid=8252
2026-09-18 06:09:45,862 INFO SendInput scan=0x39 down=True accepted=1 error=0 target_pid=8252
2026-09-18 06:09:45,973 INFO SendInput scan=0x39 down=False accepted=1 error=0 target_pid=8252
2026-09-18 06:09:46,036 INFO SendInput scan=0x2A down=True accepted=1 error=0 target_pid=8252
2026-09-18 06:09:46,242 INFO Tracking camera_fps=32.4 inference_fps=31.6 model_ms=31.0 age_ms=31.0 hands=1 pose=True mode=Swing
2026-09-18 06:09:47,956 INFO SendInput scan=0x2A down=False accepted=1 error=0 target_pid=8252
2026-09-18 06:09:48,101 INFO SendInput scan=0x20 down=True accepted=1 error=0 target_pid=8252
2026-09-18 06:09:48,291 INFO SendInput scan=0x1F down=True accepted=1 error=0 target_pid=8252
2026-09-18 06:09:49,046 INFO SendInput scan=0x1F down=False accepted=1 error=0 target_pid=8252
2026-09-18 06:09:49,076 INFO SendInput scan=0x20 down=False accepted=1 error=0 target_pid=8252
2026-09-18 06:09:49,204 INFO SendInput scan=0x39 down=True accepted=1 error=0 target_pid=8252
2026-09-18 06:09:49,268 INFO Tracking camera_fps=35.1 inference_fps=33.0 model_ms=31.0 age_ms=47.0 hands=1 pose=True mode=Swing
2026-09-18 06:09:49,312 INFO SendInput scan=0x39 down=False accepted=1 error=0 target_pid=8252
2026-09-18 06:09:49,375 INFO SendInput scan=0x2A down=True accepted=1 error=0 target_pid=8252
2026-09-18 06:09:50,322 INFO SendInput scan=0x2A down=False accepted=1 error=0 target_pid=8252
2026-09-18 06:09:50,765 INFO Mouse button=left down=True accepted=1
2026-09-18 06:09:50,875 INFO Mouse button=left down=False accepted=1
2026-09-18 06:09:52,293 INFO Tracking camera_fps=33.1 inference_fps=30.8 model_ms=31.0 age_ms=47.0 hands=1 pose=True mode=Serbest
2026-09-18 06:09:53,023 INFO Mouse button=left down=True accepted=1
2026-09-18 06:09:53,133 INFO Mouse button=left down=False accepted=1
2026-09-18 06:09:53,354 INFO Mouse button=left down=True accepted=1
2026-09-18 06:09:53,464 INFO Mouse button=left down=False accepted=1
2026-09-18 06:09:53,701 INFO Mouse button=left down=True accepted=1
2026-09-18 06:09:53,812 INFO Mouse button=left down=False accepted=1
2026-09-18 06:09:54,017 INFO Mouse button=left down=True accepted=1
2026-09-18 06:09:54,129 INFO Mouse button=left down=False accepted=1
2026-09-18 06:09:54,365 INFO Mouse button=left down=True accepted=1
2026-09-18 06:09:54,481 INFO Mouse button=left down=False accepted=1
2026-09-18 06:09:55,089 INFO Mouse button=left down=True accepted=1
2026-09-18 06:09:55,200 INFO Mouse button=left down=False accepted=1
2026-09-18 06:09:55,317 INFO Tracking camera_fps=31.5 inference_fps=36.3 model_ms=16.0 age_ms=31.0 hands=2 pose=True mode=Serbest
2026-09-18 06:09:56,129 INFO SendInput scan=0x11 down=True accepted=1 error=0 target_pid=8252
2026-09-18 06:09:56,223 INFO SendInput scan=0x20 down=True accepted=1 error=0 target_pid=8252
2026-09-18 06:09:56,589 INFO SendInput scan=0x20 down=False accepted=1 error=0 target_pid=8252
2026-09-18 06:09:56,590 INFO SendInput scan=0x11 down=False accepted=1 error=0 target_pid=8252
2026-09-18 06:09:56,747 INFO SendInput scan=0x39 down=True accepted=1 error=0 target_pid=8252
2026-09-18 06:09:56,856 INFO SendInput scan=0x39 down=False accepted=1 error=0 target_pid=8252
2026-09-18 06:09:56,918 INFO SendInput scan=0x2A down=True accepted=1 error=0 target_pid=8252
2026-09-18 06:09:58,148 INFO SendInput scan=0x2A down=False accepted=1 error=0 target_pid=8252
2026-09-18 06:09:58,240 INFO SendInput scan=0x1E down=True accepted=1 error=0 target_pid=8252
2026-09-18 06:09:58,286 INFO SendInput scan=0x1E down=False accepted=1 error=0 target_pid=8252
2026-09-18 06:09:58,326 INFO Tracking camera_fps=34.6 inference_fps=32.7 model_ms=32.0 age_ms=32.0 hands=1 pose=True mode=Serbest
2026-09-18 06:09:58,634 INFO SendInput scan=0x39 down=True accepted=1 error=0 target_pid=8252
2026-09-18 06:09:58,744 INFO SendInput scan=0x39 down=False accepted=1 error=0 target_pid=8252
2026-09-18 06:09:58,806 INFO SendInput scan=0x2A down=True accepted=1 error=0 target_pid=8252
2026-09-18 06:09:58,838 INFO SendInput scan=0x2A down=False accepted=1 error=0 target_pid=8252
2026-09-18 06:09:58,916 INFO SendInput scan=0x1F down=True accepted=1 error=0 target_pid=8252
2026-09-18 06:09:58,963 INFO SendInput scan=0x39 down=True accepted=1 error=0 target_pid=8252
2026-09-18 06:09:58,963 INFO SendInput scan=0x1F down=False accepted=1 error=0 target_pid=8252
2026-09-18 06:09:59,073 INFO SendInput scan=0x39 down=False accepted=1 error=0 target_pid=8252
2026-09-18 06:09:59,120 INFO SendInput scan=0x2A down=True accepted=1 error=0 target_pid=8252
2026-09-18 06:09:59,260 INFO SendInput scan=0x2A down=False accepted=1 error=0 target_pid=8252
2026-09-18 06:09:59,371 INFO SendInput scan=0x39 down=True accepted=1 error=0 target_pid=8252
2026-09-18 06:09:59,484 INFO SendInput scan=0x39 down=False accepted=1 error=0 target_pid=8252
2026-09-18 06:09:59,546 INFO SendInput scan=0x2A down=True accepted=1 error=0 target_pid=8252
2026-09-18 06:10:01,347 INFO Tracking camera_fps=33.2 inference_fps=36.5 model_ms=15.0 age_ms=31.0 hands=2 pose=True mode=Swing
2026-09-18 06:10:01,880 INFO SendInput scan=0x2A down=False accepted=1 error=0 target_pid=8252
2026-09-18 06:10:02,274 INFO SendInput scan=0x39 down=True accepted=1 error=0 target_pid=8252
2026-09-18 06:10:02,384 INFO SendInput scan=0x39 down=False accepted=1 error=0 target_pid=8252
2026-09-18 06:10:02,432 INFO SendInput scan=0x2A down=True accepted=1 error=0 target_pid=8252
2026-09-18 06:10:04,151 INFO SendInput scan=0x2A down=False accepted=1 error=0 target_pid=8252
2026-09-18 06:10:04,181 INFO SendInput scan=0x39 down=True accepted=1 error=0 target_pid=8252
2026-09-18 06:10:04,259 INFO SendInput scan=0x39 down=False accepted=1 error=0 target_pid=8252
2026-09-18 06:10:04,378 INFO Tracking camera_fps=34.8 inference_fps=33.0 model_ms=15.0 age_ms=31.0 hands=2 pose=True mode=Serbest
2026-09-18 06:10:04,588 INFO SendInput scan=0x20 down=True accepted=1 error=0 target_pid=8252
2026-09-18 06:10:04,588 INFO SendInput scan=0x11 down=True accepted=1 error=0 target_pid=8252
2026-09-18 06:10:04,621 INFO SendInput scan=0x20 down=False accepted=1 error=0 target_pid=8252
2026-09-18 06:10:04,621 INFO SendInput scan=0x11 down=False accepted=1 error=0 target_pid=8252
2026-09-18 06:10:04,747 INFO SendInput scan=0x39 down=True accepted=1 error=0 target_pid=8252
2026-09-18 06:10:04,855 INFO SendInput scan=0x39 down=False accepted=1 error=0 target_pid=8252
2026-09-18 06:10:04,919 INFO SendInput scan=0x2A down=True accepted=1 error=0 target_pid=8252
2026-09-18 06:10:07,394 INFO Tracking camera_fps=31.2 inference_fps=34.7 model_ms=16.0 age_ms=16.0 hands=2 pose=True mode=Swing
2026-09-18 06:10:07,814 INFO SendInput scan=0x2A down=False accepted=1 error=0 target_pid=8252
2026-09-18 06:10:07,955 INFO SendInput scan=0x20 down=True accepted=1 error=0 target_pid=8252
2026-09-18 06:10:08,034 INFO SendInput scan=0x1F down=True accepted=1 error=0 target_pid=8252
2026-09-18 06:10:08,131 INFO SendInput scan=0x20 down=False accepted=1 error=0 target_pid=8252
2026-09-18 06:10:08,131 INFO SendInput scan=0x1F down=False accepted=1 error=0 target_pid=8252
2026-09-18 06:10:08,386 INFO SendInput scan=0x11 down=True accepted=1 error=0 target_pid=8252
2026-09-18 06:10:08,452 INFO SendInput scan=0x11 down=False accepted=1 error=0 target_pid=8252
2026-09-18 06:10:08,670 INFO SendInput scan=0x39 down=True accepted=1 error=0 target_pid=8252
2026-09-18 06:10:08,780 INFO SendInput scan=0x39 down=False accepted=1 error=0 target_pid=8252
2026-09-18 06:10:08,845 INFO SendInput scan=0x2A down=True accepted=1 error=0 target_pid=8252
2026-09-18 06:10:10,436 INFO Tracking camera_fps=31.6 inference_fps=34.1 model_ms=31.0 age_ms=31.0 hands=2 pose=True mode=Swing
2026-09-18 06:10:11,477 INFO SendInput scan=0x39 down=True accepted=1 error=0 target_pid=8252
2026-09-18 06:10:11,588 INFO SendInput scan=0x39 down=False accepted=1 error=0 target_pid=8252
2026-09-18 06:10:11,588 INFO SendInput scan=0x2A down=False accepted=1 error=0 target_pid=8252
2026-09-18 06:10:11,868 INFO SendInput scan=0x1F down=True accepted=1 error=0 target_pid=8252
2026-09-18 06:10:11,917 INFO SendInput scan=0x1F down=False accepted=1 error=0 target_pid=8252
2026-09-18 06:10:12,197 INFO SendInput scan=0x20 down=True accepted=1 error=0 target_pid=8252
2026-09-18 06:10:12,198 INFO SendInput scan=0x11 down=True accepted=1 error=0 target_pid=8252
2026-09-18 06:10:12,246 INFO SendInput scan=0x20 down=False accepted=1 error=0 target_pid=8252
2026-09-18 06:10:12,247 INFO SendInput scan=0x11 down=False accepted=1 error=0 target_pid=8252
2026-09-18 06:10:12,546 INFO SendInput scan=0x39 down=True accepted=1 error=0 target_pid=8252
2026-09-18 06:10:12,655 INFO SendInput scan=0x39 down=False accepted=1 error=0 target_pid=8252
2026-09-18 06:10:12,717 INFO SendInput scan=0x2A down=True accepted=1 error=0 target_pid=8252
2026-09-18 06:10:13,458 INFO Tracking camera_fps=31.5 inference_fps=33.4 model_ms=16.0 age_ms=16.0 hands=2 pose=True mode=Swing
2026-09-18 06:10:15,445 INFO SendInput scan=0x39 down=True accepted=1 error=0 target_pid=8252
2026-09-18 06:10:15,555 INFO SendInput scan=0x39 down=False accepted=1 error=0 target_pid=8252
2026-09-18 06:10:15,555 INFO SendInput scan=0x2A down=False accepted=1 error=0 target_pid=8252
2026-09-18 06:10:16,466 INFO Tracking camera_fps=33.2 inference_fps=32.5 model_ms=31.0 age_ms=47.0 hands=2 pose=True mode=Serbest
2026-09-18 06:10:16,597 INFO SendInput scan=0x39 down=True accepted=1 error=0 target_pid=8252
2026-09-18 06:10:16,707 INFO SendInput scan=0x39 down=False accepted=1 error=0 target_pid=8252
2026-09-18 06:10:16,770 INFO SendInput scan=0x2A down=True accepted=1 error=0 target_pid=8252
2026-09-18 06:10:18,009 INFO SendInput scan=0x2A down=False accepted=1 error=0 target_pid=8252
2026-09-18 06:10:18,243 INFO SendInput scan=0x39 down=True accepted=1 error=0 target_pid=8252
2026-09-18 06:10:18,353 INFO SendInput scan=0x39 down=False accepted=1 error=0 target_pid=8252
2026-09-18 06:10:18,416 INFO SendInput scan=0x2A down=True accepted=1 error=0 target_pid=8252
2026-09-18 06:10:19,492 INFO Tracking camera_fps=36.0 inference_fps=32.3 model_ms=16.0 age_ms=16.0 hands=2 pose=True mode=Swing
2026-09-18 06:10:19,660 INFO SendInput scan=0x2A down=False accepted=1 error=0 target_pid=8252
2026-09-18 06:10:20,103 INFO SendInput scan=0x39 down=True accepted=1 error=0 target_pid=8252
2026-09-18 06:10:20,166 INFO SendInput scan=0x39 down=False accepted=1 error=0 target_pid=8252
2026-09-18 06:10:20,166 INFO SendInput scan=0x39 down=True accepted=1 error=0 target_pid=8252
2026-09-18 06:10:20,275 INFO SendInput scan=0x39 down=False accepted=1 error=0 target_pid=8252
2026-09-18 06:10:20,338 INFO SendInput scan=0x2A down=True accepted=1 error=0 target_pid=8252
2026-09-18 06:10:21,431 INFO SendInput scan=0x2A down=False accepted=1 error=0 target_pid=8252
2026-09-18 06:10:21,431 INFO SendInput scan=0x39 down=True accepted=1 error=0 target_pid=8252
2026-09-18 06:10:21,527 INFO SendInput scan=0x39 down=False accepted=1 error=0 target_pid=8252
2026-09-18 06:10:21,590 INFO SendInput scan=0x2A down=True accepted=1 error=0 target_pid=8252
2026-09-18 06:10:22,502 INFO SendInput scan=0x2A down=False accepted=1 error=0 target_pid=8252
2026-09-18 06:10:22,517 INFO Tracking camera_fps=35.0 inference_fps=34.6 model_ms=31.0 age_ms=31.0 hands=2 pose=True mode=Serbest
2026-09-18 06:10:22,929 INFO SendInput scan=0x39 down=True accepted=1 error=0 target_pid=8252
2026-09-18 06:10:23,037 INFO SendInput scan=0x39 down=False accepted=1 error=0 target_pid=8252
2026-09-18 06:10:23,099 INFO SendInput scan=0x2A down=True accepted=1 error=0 target_pid=8252
2026-09-18 06:10:24,359 INFO SendInput scan=0x2A down=False accepted=1 error=0 target_pid=8252
2026-09-18 06:10:24,798 INFO SendInput scan=0x39 down=True accepted=1 error=0 target_pid=8252
2026-09-18 06:10:24,879 INFO SendInput scan=0x39 down=False accepted=1 error=0 target_pid=8252
2026-09-18 06:10:24,901 INFO Mouse button=left down=True accepted=1
2026-09-18 06:10:25,006 INFO Mouse button=left down=False accepted=1
2026-09-18 06:10:25,567 INFO Tracking camera_fps=31.2 inference_fps=37.2 model_ms=16.0 age_ms=47.0 hands=2 pose=True mode=Serbest
2026-09-18 06:10:25,619 INFO Mouse button=left down=True accepted=1
2026-09-18 06:10:25,715 INFO Mouse button=left down=False accepted=1
2026-09-18 06:10:26,467 INFO Mouse button=left down=True accepted=1
2026-09-18 06:10:26,578 INFO Mouse button=left down=False accepted=1
2026-09-18 06:10:27,734 INFO Mouse button=left down=True accepted=1
2026-09-18 06:10:27,849 INFO Mouse button=left down=False accepted=1
2026-09-18 06:10:28,182 INFO Mouse button=left down=True accepted=1
2026-09-18 06:10:28,289 INFO Mouse button=left down=False accepted=1
2026-09-18 06:10:28,581 INFO Tracking camera_fps=32.7 inference_fps=33.8 model_ms=16.0 age_ms=32.0 hands=2 pose=True mode=Serbest
2026-09-18 06:10:31,618 INFO Tracking camera_fps=31.0 inference_fps=31.1 model_ms=16.0 age_ms=31.0 hands=2 pose=True mode=Serbest
2026-09-18 06:10:33,483 INFO Mouse button=right down=True accepted=1
2026-09-18 06:10:34,651 INFO Tracking camera_fps=31.3 inference_fps=34.7 model_ms=16.0 age_ms=47.0 hands=2 pose=True mode=Nişan
2026-09-18 06:10:35,539 INFO SendInput scan=0x12 down=True accepted=1 error=0 target_pid=8252
2026-09-18 06:10:35,617 INFO SendInput scan=0x12 down=False accepted=1 error=0 target_pid=8252
2026-09-18 06:10:35,696 INFO SendInput scan=0x12 down=True accepted=1 error=0 target_pid=8252
2026-09-18 06:10:35,773 INFO SendInput scan=0x12 down=False accepted=1 error=0 target_pid=8252
2026-09-18 06:10:36,850 INFO Mouse button=right down=False accepted=1
2026-09-18 06:10:37,706 INFO Tracking camera_fps=34.4 inference_fps=33.8 model_ms=16.0 age_ms=32.0 hands=2 pose=True mode=Serbest
2026-09-18 06:10:37,779 INFO SendInput scan=0x11 down=True accepted=1 error=0 target_pid=8252
2026-09-18 06:10:37,842 INFO SendInput scan=0x11 down=False accepted=1 error=0 target_pid=8252
2026-09-18 06:10:38,236 INFO Mouse button=right down=True accepted=1
2026-09-18 06:10:39,985 INFO Mouse button=right down=False accepted=1
2026-09-18 06:10:40,736 INFO Tracking camera_fps=31.5 inference_fps=35.4 model_ms=16.0 age_ms=31.0 hands=2 pose=True mode=Serbest
2026-09-18 06:10:41,547 INFO Mouse button=right down=True accepted=1
2026-09-18 06:10:43,582 INFO Mouse button=right down=False accepted=1
2026-09-18 06:10:43,762 INFO Tracking camera_fps=30.7 inference_fps=33.4 model_ms=16.0 age_ms=31.0 hands=2 pose=True mode=Serbest
2026-09-18 06:10:43,974 INFO SendInput scan=0x1F down=True accepted=1 error=0 target_pid=8252
2026-09-18 06:10:44,068 INFO SendInput scan=0x20 down=True accepted=1 error=0 target_pid=8252
2026-09-18 06:10:44,637 INFO SendInput scan=0x1F down=False accepted=1 error=0 target_pid=8252
2026-09-18 06:10:45,379 INFO SendInput scan=0x20 down=False accepted=1 error=0 target_pid=8252
2026-09-18 06:10:45,741 INFO SendInput scan=0x39 down=True accepted=1 error=0 target_pid=8252
2026-09-18 06:10:45,850 INFO SendInput scan=0x39 down=False accepted=1 error=0 target_pid=8252
2026-09-18 06:10:45,913 INFO SendInput scan=0x2A down=True accepted=1 error=0 target_pid=8252
2026-09-18 06:10:46,787 INFO Tracking camera_fps=30.7 inference_fps=31.0 model_ms=32.0 age_ms=47.0 hands=1 pose=True mode=Swing
2026-09-18 06:10:49,136 INFO SendInput scan=0x39 down=True accepted=1 error=0 target_pid=8252
2026-09-18 06:10:49,246 INFO SendInput scan=0x39 down=False accepted=1 error=0 target_pid=8252
2026-09-18 06:10:49,246 INFO SendInput scan=0x2A down=False accepted=1 error=0 target_pid=8252
2026-09-18 06:10:49,816 INFO Tracking camera_fps=33.6 inference_fps=30.7 model_ms=31.0 age_ms=47.0 hands=1 pose=True mode=Serbest
2026-09-18 06:10:49,890 INFO SendInput scan=0x39 down=True accepted=1 error=0 target_pid=8252
2026-09-18 06:10:50,001 INFO SendInput scan=0x39 down=False accepted=1 error=0 target_pid=8252
2026-09-18 06:10:50,066 INFO SendInput scan=0x2A down=True accepted=1 error=0 target_pid=8252
2026-09-18 06:10:51,024 INFO SendInput scan=0x2A down=False accepted=1 error=0 target_pid=8252
2026-09-18 06:10:51,851 INFO SendInput scan=0x11 down=True accepted=1 error=0 target_pid=8252
2026-09-18 06:10:51,929 INFO SendInput scan=0x11 down=False accepted=1 error=0 target_pid=8252
2026-09-18 06:10:52,135 INFO Mouse button=left down=True accepted=1
2026-09-18 06:10:52,229 INFO Mouse button=left down=False accepted=1
2026-09-18 06:10:52,339 INFO SendInput scan=0x11 down=True accepted=1 error=0 target_pid=8252
2026-09-18 06:10:52,852 INFO Tracking camera_fps=55.9 inference_fps=31.7 model_ms=15.0 age_ms=31.0 hands=1 pose=True mode=Serbest
2026-09-18 06:10:53,000 INFO SendInput scan=0x20 down=True accepted=1 error=0 target_pid=8252
2026-09-18 06:10:53,768 INFO SendInput scan=0x20 down=False accepted=1 error=0 target_pid=8252
2026-09-18 06:10:53,799 INFO SendInput scan=0x11 down=False accepted=1 error=0 target_pid=8252
2026-09-18 06:10:55,278 INFO SendInput scan=0x39 down=True accepted=1 error=0 target_pid=8252
2026-09-18 06:10:55,388 INFO SendInput scan=0x39 down=False accepted=1 error=0 target_pid=8252
2026-09-18 06:10:55,450 INFO SendInput scan=0x2A down=True accepted=1 error=0 target_pid=8252
2026-09-18 06:10:55,466 INFO SendInput scan=0x2A down=False accepted=1 error=0 target_pid=8252
2026-09-18 06:10:55,624 INFO SendInput scan=0x39 down=True accepted=1 error=0 target_pid=8252
2026-09-18 06:10:55,734 INFO SendInput scan=0x39 down=False accepted=1 error=0 target_pid=8252
2026-09-18 06:10:55,797 INFO SendInput scan=0x2A down=True accepted=1 error=0 target_pid=8252
2026-09-18 06:10:55,854 INFO Tracking camera_fps=34.0 inference_fps=30.9 model_ms=31.0 age_ms=47.0 hands=1 pose=True mode=Swing
2026-09-18 06:10:58,885 INFO Tracking camera_fps=31.4 inference_fps=31.0 model_ms=31.0 age_ms=31.0 hands=1 pose=True mode=Swing
2026-09-18 06:10:59,111 INFO SendInput scan=0x2A down=False accepted=1 error=0 target_pid=8252
2026-09-18 06:10:59,396 INFO SendInput scan=0x1E down=True accepted=1 error=0 target_pid=8252
2026-09-18 06:10:59,396 INFO SendInput scan=0x1F down=True accepted=1 error=0 target_pid=8252
2026-09-18 06:10:59,427 INFO SendInput scan=0x1F down=False accepted=1 error=0 target_pid=8252
2026-09-18 06:10:59,458 INFO SendInput scan=0x1F down=True accepted=1 error=0 target_pid=8252
2026-09-18 06:10:59,536 INFO SendInput scan=0x1F down=False accepted=1 error=0 target_pid=8252
2026-09-18 06:10:59,583 INFO SendInput scan=0x1E down=False accepted=1 error=0 target_pid=8252
2026-09-18 06:10:59,851 INFO SendInput scan=0x39 down=True accepted=1 error=0 target_pid=8252
2026-09-18 06:10:59,960 INFO SendInput scan=0x39 down=False accepted=1 error=0 target_pid=8252
2026-09-18 06:11:00,021 INFO SendInput scan=0x2A down=True accepted=1 error=0 target_pid=8252
2026-09-18 06:11:01,925 INFO Tracking camera_fps=32.1 inference_fps=33.6 model_ms=31.0 age_ms=47.0 hands=1 pose=True mode=Swing
2026-09-18 06:11:01,967 INFO SendInput scan=0x2A down=False accepted=1 error=0 target_pid=8252
2026-09-18 06:11:02,786 INFO SendInput scan=0x11 down=True accepted=1 error=0 target_pid=8252
2026-09-18 06:11:02,878 INFO SendInput scan=0x11 down=False accepted=1 error=0 target_pid=8252
2026-09-18 06:11:03,159 INFO SendInput scan=0x39 down=True accepted=1 error=0 target_pid=8252
2026-09-18 06:11:03,270 INFO SendInput scan=0x39 down=False accepted=1 error=0 target_pid=8252
2026-09-18 06:11:03,337 INFO SendInput scan=0x2A down=True accepted=1 error=0 target_pid=8252
2026-09-18 06:11:04,958 INFO Tracking camera_fps=36.1 inference_fps=27.5 model_ms=32.0 age_ms=32.0 hands=1 pose=True mode=Swing
2026-09-18 06:11:05,564 INFO SendInput scan=0x39 down=True accepted=1 error=0 target_pid=8252
2026-09-18 06:11:05,674 INFO SendInput scan=0x39 down=False accepted=1 error=0 target_pid=8252
2026-09-18 06:11:05,675 INFO SendInput scan=0x2A down=False accepted=1 error=0 target_pid=8252
2026-09-18 06:11:06,356 INFO SendInput scan=0x1F down=True accepted=1 error=0 target_pid=8252
2026-09-18 06:11:06,418 INFO SendInput scan=0x1F down=False accepted=1 error=0 target_pid=8252
2026-09-18 06:11:06,938 INFO SendInput scan=0x39 down=True accepted=1 error=0 target_pid=8252
2026-09-18 06:11:07,049 INFO SendInput scan=0x39 down=False accepted=1 error=0 target_pid=8252
2026-09-18 06:11:07,112 INFO SendInput scan=0x2A down=True accepted=1 error=0 target_pid=8252
2026-09-18 06:11:07,970 INFO Tracking camera_fps=32.7 inference_fps=29.3 model_ms=31.0 age_ms=62.0 hands=1 pose=True mode=Swing
2026-09-18 06:11:08,404 INFO SendInput scan=0x2A down=False accepted=1 error=0 target_pid=8252
2026-09-18 06:11:09,085 INFO SendInput scan=0x39 down=True accepted=1 error=0 target_pid=8252
2026-09-18 06:11:09,196 INFO SendInput scan=0x39 down=False accepted=1 error=0 target_pid=8252
2026-09-18 06:11:09,258 INFO SendInput scan=0x2A down=True accepted=1 error=0 target_pid=8252
2026-09-18 06:11:09,337 INFO SendInput scan=0x2A down=False accepted=1 error=0 target_pid=8252
2026-09-18 06:11:09,526 INFO SendInput scan=0x39 down=True accepted=1 error=0 target_pid=8252
2026-09-18 06:11:09,637 INFO SendInput scan=0x39 down=False accepted=1 error=0 target_pid=8252
2026-09-18 06:11:09,701 INFO SendInput scan=0x2A down=True accepted=1 error=0 target_pid=8252
2026-09-18 06:11:09,812 INFO SendInput scan=0x2A down=False accepted=1 error=0 target_pid=8252
2026-09-18 06:11:09,954 INFO SendInput scan=0x39 down=True accepted=1 error=0 target_pid=8252
2026-09-18 06:11:10,062 INFO SendInput scan=0x39 down=False accepted=1 error=0 target_pid=8252
2026-09-18 06:11:10,123 INFO SendInput scan=0x2A down=True accepted=1 error=0 target_pid=8252
2026-09-18 06:11:10,250 INFO SendInput scan=0x2A down=False accepted=1 error=0 target_pid=8252
2026-09-18 06:11:10,422 INFO SendInput scan=0x39 down=True accepted=1 error=0 target_pid=8252
2026-09-18 06:11:10,534 INFO SendInput scan=0x39 down=False accepted=1 error=0 target_pid=8252
2026-09-18 06:11:10,597 INFO SendInput scan=0x2A down=True accepted=1 error=0 target_pid=8252
2026-09-18 06:11:10,707 INFO SendInput scan=0x2A down=False accepted=1 error=0 target_pid=8252
2026-09-18 06:11:11,030 INFO Tracking camera_fps=353.5 inference_fps=21.3 model_ms=32.0 age_ms=47.0 hands=1 pose=True mode=Swing
2026-09-18 06:11:11,040 INFO SendInput scan=0x39 down=True accepted=1 error=0 target_pid=8252
2026-09-18 06:11:11,150 INFO SendInput scan=0x39 down=False accepted=1 error=0 target_pid=8252
2026-09-18 06:11:11,213 INFO SendInput scan=0x2A down=True accepted=1 error=0 target_pid=8252
2026-09-18 06:11:12,719 INFO SendInput scan=0x2A down=False accepted=1 error=0 target_pid=8252
2026-09-18 06:11:12,752 INFO SendInput scan=0x39 down=True accepted=1 error=0 target_pid=8252
2026-09-18 06:11:12,861 INFO SendInput scan=0x39 down=False accepted=1 error=0 target_pid=8252
2026-09-18 06:11:12,924 INFO SendInput scan=0x2A down=True accepted=1 error=0 target_pid=8252
2026-09-18 06:11:12,973 INFO SendInput scan=0x39 down=True accepted=1 error=0 target_pid=8252
2026-09-18 06:11:13,082 INFO SendInput scan=0x39 down=False accepted=1 error=0 target_pid=8252
2026-09-18 06:11:13,083 INFO SendInput scan=0x2A down=False accepted=1 error=0 target_pid=8252
2026-09-18 06:11:13,676 INFO SendInput scan=0x11 down=True accepted=1 error=0 target_pid=8252
2026-09-18 06:11:13,707 INFO SendInput scan=0x11 down=False accepted=1 error=0 target_pid=8252
2026-09-18 06:11:13,802 INFO SendInput scan=0x39 down=True accepted=1 error=0 target_pid=8252
2026-09-18 06:11:13,881 INFO SendInput scan=0x39 down=False accepted=1 error=0 target_pid=8252
2026-09-18 06:11:14,043 INFO Tracking camera_fps=31.6 inference_fps=31.4 model_ms=31.0 age_ms=47.0 hands=1 pose=True mode=Serbest
2026-09-18 06:11:14,118 INFO SendInput scan=0x39 down=True accepted=1 error=0 target_pid=8252
2026-09-18 06:11:14,230 INFO SendInput scan=0x39 down=False accepted=1 error=0 target_pid=8252
2026-09-18 06:11:14,289 INFO SendInput scan=0x2A down=True accepted=1 error=0 target_pid=8252
2026-09-18 06:11:17,065 INFO Tracking camera_fps=32.2 inference_fps=33.4 model_ms=16.0 age_ms=31.0 hands=1 pose=True mode=Swing
2026-09-18 06:11:18,884 INFO SendInput scan=0x2A down=False accepted=1 error=0 target_pid=8252
2026-09-18 06:11:19,075 INFO SendInput scan=0x20 down=True accepted=1 error=0 target_pid=8252
2026-09-18 06:11:19,185 INFO SendInput scan=0x1F down=True accepted=1 error=0 target_pid=8252
2026-09-18 06:11:19,468 INFO SendInput scan=0x20 down=False accepted=1 error=0 target_pid=8252
2026-09-18 06:11:19,577 INFO SendInput scan=0x1E down=True accepted=1 error=0 target_pid=8252
2026-09-18 06:11:20,098 INFO Tracking camera_fps=32.6 inference_fps=35.8 model_ms=15.0 age_ms=31.0 hands=1 pose=True mode=Serbest
2026-09-18 06:11:20,619 INFO SendInput scan=0x1E down=False accepted=1 error=0 target_pid=8252
2026-09-18 06:11:20,619 INFO SendInput scan=0x1F down=False accepted=1 error=0 target_pid=8252
2026-09-18 06:11:21,424 INFO SendInput scan=0x1F down=True accepted=1 error=0 target_pid=8252
2026-09-18 06:11:21,487 INFO SendInput scan=0x20 down=True accepted=1 error=0 target_pid=8252
2026-09-18 06:11:21,550 INFO SendInput scan=0x20 down=False accepted=1 error=0 target_pid=8252
2026-09-18 06:11:21,550 INFO SendInput scan=0x1F down=False accepted=1 error=0 target_pid=8252
2026-09-18 06:11:22,670 INFO SendInput scan=0x20 down=True accepted=1 error=0 target_pid=8252
2026-09-18 06:11:22,733 INFO SendInput scan=0x20 down=False accepted=1 error=0 target_pid=8252
2026-09-18 06:11:23,104 INFO Tracking camera_fps=32.8 inference_fps=33.2 model_ms=31.0 age_ms=47.0 hands=1 pose=True mode=Serbest
2026-09-18 06:11:23,300 INFO SendInput scan=0x39 down=True accepted=1 error=0 target_pid=8252
2026-09-18 06:11:23,411 INFO SendInput scan=0x39 down=False accepted=1 error=0 target_pid=8252
2026-09-18 06:11:23,474 INFO SendInput scan=0x2A down=True accepted=1 error=0 target_pid=8252
2026-09-18 06:11:24,056 INFO SendInput scan=0x39 down=True accepted=1 error=0 target_pid=8252
2026-09-18 06:11:24,166 INFO SendInput scan=0x39 down=False accepted=1 error=0 target_pid=8252
2026-09-18 06:11:24,168 INFO SendInput scan=0x2A down=False accepted=1 error=0 target_pid=8252
2026-09-18 06:11:24,432 INFO SendInput scan=0x39 down=True accepted=1 error=0 target_pid=8252
2026-09-18 06:11:24,526 INFO SendInput scan=0x39 down=False accepted=1 error=0 target_pid=8252
2026-09-18 06:11:24,589 INFO SendInput scan=0x2A down=True accepted=1 error=0 target_pid=8252
2026-09-18 06:11:26,122 INFO Tracking camera_fps=31.4 inference_fps=36.6 model_ms=31.0 age_ms=31.0 hands=1 pose=True mode=Swing
2026-09-18 06:11:27,076 INFO SendInput scan=0x2A down=False accepted=1 error=0 target_pid=8252
2026-09-18 06:11:27,375 INFO SendInput scan=0x20 down=True accepted=1 error=0 target_pid=8252
2026-09-18 06:11:27,423 INFO SendInput scan=0x1F down=True accepted=1 error=0 target_pid=8252
2026-09-18 06:11:27,705 INFO SendInput scan=0x20 down=False accepted=1 error=0 target_pid=8252
2026-09-18 06:11:27,706 INFO SendInput scan=0x1F down=False accepted=1 error=0 target_pid=8252
2026-09-18 06:11:27,908 INFO SendInput scan=0x39 down=True accepted=1 error=0 target_pid=8252
2026-09-18 06:11:28,019 INFO SendInput scan=0x39 down=False accepted=1 error=0 target_pid=8252
2026-09-18 06:11:28,083 INFO SendInput scan=0x2A down=True accepted=1 error=0 target_pid=8252
2026-09-18 06:11:29,046 INFO SendInput scan=0x2A down=False accepted=1 error=0 target_pid=8252
2026-09-18 06:11:29,167 INFO Tracking camera_fps=34.3 inference_fps=32.3 model_ms=16.0 age_ms=47.0 hands=1 pose=True mode=Serbest
2026-09-18 06:11:29,172 INFO SendInput scan=0x20 down=True accepted=1 error=0 target_pid=8252
2026-09-18 06:11:29,282 INFO SendInput scan=0x20 down=False accepted=1 error=0 target_pid=8252
2026-09-18 06:11:29,376 INFO SendInput scan=0x20 down=True accepted=1 error=0 target_pid=8252
2026-09-18 06:11:29,377 INFO SendInput scan=0x1F down=True accepted=1 error=0 target_pid=8252
2026-09-18 06:11:29,407 INFO SendInput scan=0x20 down=False accepted=1 error=0 target_pid=8252
2026-09-18 06:11:29,407 INFO SendInput scan=0x1F down=False accepted=1 error=0 target_pid=8252
2026-09-18 06:11:29,690 INFO SendInput scan=0x39 down=True accepted=1 error=0 target_pid=8252
2026-09-18 06:11:29,801 INFO SendInput scan=0x39 down=False accepted=1 error=0 target_pid=8252
2026-09-18 06:11:29,867 INFO SendInput scan=0x2A down=True accepted=1 error=0 target_pid=8252
2026-09-18 06:11:30,735 INFO SendInput scan=0x2A down=False accepted=1 error=0 target_pid=8252
2026-09-18 06:11:31,066 INFO SendInput scan=0x20 down=True accepted=1 error=0 target_pid=8252
2026-09-18 06:11:31,162 INFO SendInput scan=0x1F down=True accepted=1 error=0 target_pid=8252
2026-09-18 06:11:31,225 INFO SendInput scan=0x20 down=False accepted=1 error=0 target_pid=8252
2026-09-18 06:11:31,225 INFO SendInput scan=0x1F down=False accepted=1 error=0 target_pid=8252
2026-09-18 06:11:31,697 INFO SendInput scan=0x20 down=True accepted=1 error=0 target_pid=8252
2026-09-18 06:11:31,729 INFO SendInput scan=0x20 down=False accepted=1 error=0 target_pid=8252
2026-09-18 06:11:32,089 INFO SendInput scan=0x39 down=True accepted=1 error=0 target_pid=8252
2026-09-18 06:11:32,167 INFO SendInput scan=0x39 down=False accepted=1 error=0 target_pid=8252
2026-09-18 06:11:32,170 INFO SendInput scan=0x39 down=True accepted=1 error=0 target_pid=8252
2026-09-18 06:11:32,183 INFO Tracking camera_fps=31.5 inference_fps=30.8 model_ms=15.0 age_ms=31.0 hands=1 pose=True mode=Swing
2026-09-18 06:11:32,277 INFO SendInput scan=0x39 down=False accepted=1 error=0 target_pid=8252
2026-09-18 06:11:32,341 INFO SendInput scan=0x2A down=True accepted=1 error=0 target_pid=8252
2026-09-18 06:11:32,914 INFO SendInput scan=0x2A down=False accepted=1 error=0 target_pid=8252
2026-09-18 06:11:33,435 INFO SendInput scan=0x20 down=True accepted=1 error=0 target_pid=8252
2026-09-18 06:11:33,467 INFO SendInput scan=0x11 down=True accepted=1 error=0 target_pid=8252
2026-09-18 06:11:33,607 INFO SendInput scan=0x20 down=False accepted=1 error=0 target_pid=8252
2026-09-18 06:11:33,608 INFO SendInput scan=0x11 down=False accepted=1 error=0 target_pid=8252
2026-09-18 06:11:33,765 INFO SendInput scan=0x20 down=True accepted=1 error=0 target_pid=8252
2026-09-18 06:11:33,765 INFO SendInput scan=0x11 down=True accepted=1 error=0 target_pid=8252
2026-09-18 06:11:33,858 INFO SendInput scan=0x20 down=False accepted=1 error=0 target_pid=8252
2026-09-18 06:11:33,858 INFO SendInput scan=0x11 down=False accepted=1 error=0 target_pid=8252
2026-09-18 06:11:34,835 INFO SendInput scan=0x1E down=True accepted=1 error=0 target_pid=8252
2026-09-18 06:11:34,901 INFO SendInput scan=0x39 down=True accepted=1 error=0 target_pid=8252
2026-09-18 06:11:34,901 INFO SendInput scan=0x1E down=False accepted=1 error=0 target_pid=8252
2026-09-18 06:11:35,008 INFO SendInput scan=0x39 down=False accepted=1 error=0 target_pid=8252
2026-09-18 06:11:35,072 INFO SendInput scan=0x2A down=True accepted=1 error=0 target_pid=8252
2026-09-18 06:11:35,222 INFO Tracking camera_fps=31.3 inference_fps=34.2 model_ms=15.0 age_ms=31.0 hands=2 pose=True mode=Swing
2026-09-18 06:11:37,152 INFO SendInput scan=0x2A down=False accepted=1 error=0 target_pid=8252
2026-09-18 06:11:37,811 INFO SendInput scan=0x39 down=True accepted=1 error=0 target_pid=8252
2026-09-18 06:11:37,921 INFO SendInput scan=0x39 down=False accepted=1 error=0 target_pid=8252
2026-09-18 06:11:37,986 INFO SendInput scan=0x2A down=True accepted=1 error=0 target_pid=8252
2026-09-18 06:11:38,262 INFO Tracking camera_fps=33.9 inference_fps=28.7 model_ms=31.0 age_ms=47.0 hands=1 pose=True mode=Swing
2026-09-18 06:11:40,223 INFO SendInput scan=0x39 down=True accepted=1 error=0 target_pid=8252
2026-09-18 06:11:40,333 INFO SendInput scan=0x39 down=False accepted=1 error=0 target_pid=8252
2026-09-18 06:11:40,335 INFO SendInput scan=0x2A down=False accepted=1 error=0 target_pid=8252
2026-09-18 06:11:40,851 INFO SendInput scan=0x1F down=True accepted=1 error=0 target_pid=8252
2026-09-18 06:11:41,023 INFO SendInput scan=0x1F down=False accepted=1 error=0 target_pid=8252
2026-09-18 06:11:41,286 INFO Tracking camera_fps=32.7 inference_fps=32.1 model_ms=32.0 age_ms=47.0 hands=1 pose=True mode=Serbest
2026-09-18 06:11:41,439 INFO SendInput scan=0x39 down=True accepted=1 error=0 target_pid=8252
2026-09-18 06:11:41,546 INFO SendInput scan=0x39 down=False accepted=1 error=0 target_pid=8252
2026-09-18 06:11:41,609 INFO SendInput scan=0x2A down=True accepted=1 error=0 target_pid=8252
2026-09-18 06:11:43,076 INFO SendInput scan=0x2A down=False accepted=1 error=0 target_pid=8252
2026-09-18 06:11:43,409 INFO SendInput scan=0x39 down=True accepted=1 error=0 target_pid=8252
2026-09-18 06:11:43,522 INFO SendInput scan=0x39 down=False accepted=1 error=0 target_pid=8252
2026-09-18 06:11:43,581 INFO SendInput scan=0x2A down=True accepted=1 error=0 target_pid=8252
2026-09-18 06:11:44,296 INFO Tracking camera_fps=31.5 inference_fps=28.1 model_ms=31.0 age_ms=62.0 hands=1 pose=True mode=Swing
2026-09-18 06:11:44,937 INFO SendInput scan=0x39 down=True accepted=1 error=0 target_pid=8252
2026-09-18 06:11:45,047 INFO SendInput scan=0x39 down=False accepted=1 error=0 target_pid=8252
2026-09-18 06:11:45,048 INFO SendInput scan=0x2A down=False accepted=1 error=0 target_pid=8252
2026-09-18 06:11:45,618 INFO SendInput scan=0x1E down=True accepted=1 error=0 target_pid=8252
2026-09-18 06:11:45,619 INFO SendInput scan=0x1F down=True accepted=1 error=0 target_pid=8252
2026-09-18 06:11:45,648 INFO SendInput scan=0x1E down=False accepted=1 error=0 target_pid=8252
2026-09-18 06:11:45,649 INFO SendInput scan=0x1F down=False accepted=1 error=0 target_pid=8252
2026-09-18 06:11:46,010 INFO SendInput scan=0x39 down=True accepted=1 error=0 target_pid=8252
2026-09-18 06:11:46,106 INFO SendInput scan=0x39 down=False accepted=1 error=0 target_pid=8252
2026-09-18 06:11:46,168 INFO SendInput scan=0x2A down=True accepted=1 error=0 target_pid=8252
2026-09-18 06:11:47,342 INFO Tracking camera_fps=34.0 inference_fps=30.3 model_ms=31.0 age_ms=47.0 hands=1 pose=True mode=Swing
2026-09-18 06:11:48,705 INFO SendInput scan=0x2A down=False accepted=1 error=0 target_pid=8252
2026-09-18 06:11:49,038 INFO Mouse button=left down=True accepted=1
2026-09-18 06:11:49,146 INFO Mouse button=left down=False accepted=1
2026-09-18 06:11:49,523 INFO SendInput scan=0x39 down=True accepted=1 error=0 target_pid=8252
2026-09-18 06:11:49,633 INFO SendInput scan=0x39 down=False accepted=1 error=0 target_pid=8252
2026-09-18 06:11:49,696 INFO SendInput scan=0x2A down=True accepted=1 error=0 target_pid=8252
2026-09-18 06:11:50,377 INFO Tracking camera_fps=34.7 inference_fps=26.7 model_ms=31.0 age_ms=78.0 hands=1 pose=True mode=Swing
2026-09-18 06:11:51,897 INFO SendInput scan=0x39 down=True accepted=1 error=0 target_pid=8252
2026-09-18 06:11:52,006 INFO SendInput scan=0x39 down=False accepted=1 error=0 target_pid=8252
2026-09-18 06:11:52,006 INFO SendInput scan=0x2A down=False accepted=1 error=0 target_pid=8252
2026-09-18 06:11:52,432 INFO SendInput scan=0x1F down=True accepted=1 error=0 target_pid=8252
2026-09-18 06:11:52,466 INFO SendInput scan=0x1F down=False accepted=1 error=0 target_pid=8252
2026-09-18 06:11:52,574 INFO SendInput scan=0x39 down=True accepted=1 error=0 target_pid=8252
2026-09-18 06:11:52,655 INFO SendInput scan=0x39 down=False accepted=1 error=0 target_pid=8252
2026-09-18 06:11:53,141 INFO SendInput scan=0x39 down=True accepted=1 error=0 target_pid=8252
2026-09-18 06:11:53,256 INFO SendInput scan=0x39 down=False accepted=1 error=0 target_pid=8252
2026-09-18 06:11:53,321 INFO SendInput scan=0x2A down=True accepted=1 error=0 target_pid=8252
2026-09-18 06:11:53,408 INFO Tracking camera_fps=35.9 inference_fps=32.0 model_ms=16.0 age_ms=32.0 hands=1 pose=True mode=Swing
2026-09-18 06:11:55,921 INFO SendInput scan=0x39 down=True accepted=1 error=0 target_pid=8252
2026-09-18 06:11:56,029 INFO SendInput scan=0x39 down=False accepted=1 error=0 target_pid=8252
2026-09-18 06:11:56,029 INFO SendInput scan=0x2A down=False accepted=1 error=0 target_pid=8252
2026-09-18 06:11:56,429 INFO Tracking camera_fps=32.8 inference_fps=31.4 model_ms=31.0 age_ms=62.0 hands=1 pose=True mode=Serbest
2026-09-18 06:11:56,790 INFO SendInput scan=0x11 down=True accepted=1 error=0 target_pid=8252
2026-09-18 06:11:56,838 INFO SendInput scan=0x11 down=False accepted=1 error=0 target_pid=8252
2026-09-18 06:11:56,899 INFO SendInput scan=0x1E down=True accepted=1 error=0 target_pid=8252
2026-09-18 06:11:56,900 INFO SendInput scan=0x1F down=True accepted=1 error=0 target_pid=8252
2026-09-18 06:11:57,057 INFO SendInput scan=0x1E down=False accepted=1 error=0 target_pid=8252
2026-09-18 06:11:57,057 INFO SendInput scan=0x1F down=False accepted=1 error=0 target_pid=8252
2026-09-18 06:11:57,218 INFO SendInput scan=0x39 down=True accepted=1 error=0 target_pid=8252
2026-09-18 06:11:57,327 INFO SendInput scan=0x39 down=False accepted=1 error=0 target_pid=8252
2026-09-18 06:11:57,389 INFO SendInput scan=0x2A down=True accepted=1 error=0 target_pid=8252
2026-09-18 06:11:58,651 INFO SendInput scan=0x2A down=False accepted=1 error=0 target_pid=8252
2026-09-18 06:11:58,713 INFO SendInput scan=0x1F down=True accepted=1 error=0 target_pid=8252
2026-09-18 06:11:58,745 INFO SendInput scan=0x1F down=False accepted=1 error=0 target_pid=8252
2026-09-18 06:11:58,888 INFO SendInput scan=0x1E down=True accepted=1 error=0 target_pid=8252
2026-09-18 06:11:58,920 INFO SendInput scan=0x1E down=False accepted=1 error=0 target_pid=8252
2026-09-18 06:11:59,140 INFO SendInput scan=0x39 down=True accepted=1 error=0 target_pid=8252
2026-09-18 06:11:59,251 INFO SendInput scan=0x39 down=False accepted=1 error=0 target_pid=8252
2026-09-18 06:11:59,312 INFO SendInput scan=0x2A down=True accepted=1 error=0 target_pid=8252
2026-09-18 06:11:59,468 INFO Tracking camera_fps=30.4 inference_fps=27.9 model_ms=31.0 age_ms=47.0 hands=1 pose=True mode=Swing
2026-09-18 06:12:01,268 INFO SendInput scan=0x39 down=True accepted=1 error=0 target_pid=8252
2026-09-18 06:12:01,378 INFO SendInput scan=0x39 down=False accepted=1 error=0 target_pid=8252
2026-09-18 06:12:01,379 INFO SendInput scan=0x2A down=False accepted=1 error=0 target_pid=8252
2026-09-18 06:12:01,851 INFO SendInput scan=0x20 down=True accepted=1 error=0 target_pid=8252
2026-09-18 06:12:01,851 INFO SendInput scan=0x1F down=True accepted=1 error=0 target_pid=8252
2026-09-18 06:12:01,884 INFO SendInput scan=0x20 down=False accepted=1 error=0 target_pid=8252
2026-09-18 06:12:01,884 INFO SendInput scan=0x1F down=False accepted=1 error=0 target_pid=8252
2026-09-18 06:12:01,946 INFO SendInput scan=0x39 down=True accepted=1 error=0 target_pid=8252
2026-09-18 06:12:01,946 INFO SendInput scan=0x20 down=True accepted=1 error=0 target_pid=8252
2026-09-18 06:12:01,947 INFO SendInput scan=0x1F down=True accepted=1 error=0 target_pid=8252
2026-09-18 06:12:01,994 INFO SendInput scan=0x20 down=False accepted=1 error=0 target_pid=8252
2026-09-18 06:12:01,994 INFO SendInput scan=0x1F down=False accepted=1 error=0 target_pid=8252
2026-09-18 06:12:02,025 INFO SendInput scan=0x39 down=False accepted=1 error=0 target_pid=8252
2026-09-18 06:12:02,493 INFO Tracking camera_fps=30.7 inference_fps=35.8 model_ms=16.0 age_ms=31.0 hands=1 pose=True mode=Swing
2026-09-18 06:12:02,498 INFO SendInput scan=0x39 down=True accepted=1 error=0 target_pid=8252
2026-09-18 06:12:02,609 INFO SendInput scan=0x39 down=False accepted=1 error=0 target_pid=8252
2026-09-18 06:12:02,671 INFO SendInput scan=0x2A down=True accepted=1 error=0 target_pid=8252
2026-09-18 06:12:03,337 INFO SendInput scan=0x2A down=False accepted=1 error=0 target_pid=8252
2026-09-18 06:12:03,699 INFO SendInput scan=0x1E down=True accepted=1 error=0 target_pid=8252
2026-09-18 06:12:03,705 INFO SendInput scan=0x1F down=True accepted=1 error=0 target_pid=8252
2026-09-18 06:12:03,778 INFO SendInput scan=0x1E down=False accepted=1 error=0 target_pid=8252
2026-09-18 06:12:03,778 INFO SendInput scan=0x1F down=False accepted=1 error=0 target_pid=8252
2026-09-18 06:12:03,872 INFO SendInput scan=0x39 down=True accepted=1 error=0 target_pid=8252
2026-09-18 06:12:03,982 INFO SendInput scan=0x39 down=False accepted=1 error=0 target_pid=8252
2026-09-18 06:12:04,045 INFO SendInput scan=0x2A down=True accepted=1 error=0 target_pid=8252
2026-09-18 06:12:04,345 INFO SendInput scan=0x39 down=True accepted=1 error=0 target_pid=8252
2026-09-18 06:12:04,454 INFO SendInput scan=0x39 down=False accepted=1 error=0 target_pid=8252
2026-09-18 06:12:04,457 INFO SendInput scan=0x2A down=False accepted=1 error=0 target_pid=8252
2026-09-18 06:12:04,784 INFO SendInput scan=0x20 down=True accepted=1 error=0 target_pid=8252
2026-09-18 06:12:04,907 INFO SendInput scan=0x20 down=False accepted=1 error=0 target_pid=8252
2026-09-18 06:12:05,527 INFO Tracking camera_fps=31.4 inference_fps=33.9 model_ms=32.0 age_ms=47.0 hands=2 pose=True mode=Serbest
2026-09-18 06:12:05,918 INFO SendInput scan=0x11 down=True accepted=1 error=0 target_pid=8252
2026-09-18 06:12:06,375 INFO SendInput scan=0x20 down=True accepted=1 error=0 target_pid=8252
2026-09-18 06:12:06,723 INFO SendInput scan=0x20 down=False accepted=1 error=0 target_pid=8252
2026-09-18 06:12:06,818 INFO SendInput scan=0x20 down=True accepted=1 error=0 target_pid=8252
2026-09-18 06:12:06,865 INFO SendInput scan=0x20 down=False accepted=1 error=0 target_pid=8252
2026-09-18 06:12:06,912 INFO SendInput scan=0x20 down=True accepted=1 error=0 target_pid=8252
2026-09-18 06:12:07,182 INFO SendInput scan=0x20 down=False accepted=1 error=0 target_pid=8252
2026-09-18 06:12:07,182 INFO SendInput scan=0x11 down=False accepted=1 error=0 target_pid=8252
2026-09-18 06:12:07,526 INFO SendInput scan=0x11 down=True accepted=1 error=0 target_pid=8252
2026-09-18 06:12:07,682 INFO SendInput scan=0x11 down=False accepted=1 error=0 target_pid=8252
2026-09-18 06:12:08,558 INFO Tracking camera_fps=31.2 inference_fps=30.6 model_ms=31.0 age_ms=47.0 hands=1 pose=True mode=Serbest
2026-09-18 06:12:08,655 INFO SendInput scan=0x11 down=True accepted=1 error=0 target_pid=8252
2026-09-18 06:12:08,748 INFO SendInput scan=0x11 down=False accepted=1 error=0 target_pid=8252
2026-09-18 06:12:09,336 INFO SendInput scan=0x1E down=True accepted=1 error=0 target_pid=8252
2026-09-18 06:12:09,336 INFO SendInput scan=0x11 down=True accepted=1 error=0 target_pid=8252
2026-09-18 06:12:09,369 INFO SendInput scan=0x1E down=False accepted=1 error=0 target_pid=8252
2026-09-18 06:12:09,370 INFO SendInput scan=0x11 down=False accepted=1 error=0 target_pid=8252
2026-09-18 06:12:09,698 INFO SendInput scan=0x39 down=True accepted=1 error=0 target_pid=8252
2026-09-18 06:12:09,807 INFO SendInput scan=0x39 down=False accepted=1 error=0 target_pid=8252
2026-09-18 06:12:09,870 INFO SendInput scan=0x2A down=True accepted=1 error=0 target_pid=8252
2026-09-18 06:12:11,585 INFO Tracking camera_fps=35.0 inference_fps=33.2 model_ms=16.0 age_ms=32.0 hands=1 pose=True mode=Swing
2026-09-18 06:12:11,954 INFO SendInput scan=0x2A down=False accepted=1 error=0 target_pid=8252
2026-09-18 06:12:12,060 INFO SendInput scan=0x1F down=True accepted=1 error=0 target_pid=8252
2026-09-18 06:12:12,139 INFO SendInput scan=0x1F down=False accepted=1 error=0 target_pid=8252
2026-09-18 06:12:12,423 INFO SendInput scan=0x11 down=True accepted=1 error=0 target_pid=8252
2026-09-18 06:12:12,468 INFO SendInput scan=0x11 down=False accepted=1 error=0 target_pid=8252
2026-09-18 06:12:12,737 INFO SendInput scan=0x39 down=True accepted=1 error=0 target_pid=8252
2026-09-18 06:12:12,848 INFO SendInput scan=0x39 down=False accepted=1 error=0 target_pid=8252
2026-09-18 06:12:12,909 INFO SendInput scan=0x2A down=True accepted=1 error=0 target_pid=8252
2026-09-18 06:12:13,149 INFO SendInput scan=0x2A down=False accepted=1 error=0 target_pid=8252
2026-09-18 06:12:13,319 INFO SendInput scan=0x20 down=True accepted=1 error=0 target_pid=8252
2026-09-18 06:12:13,367 INFO SendInput scan=0x1F down=True accepted=1 error=0 target_pid=8252
2026-09-18 06:12:13,397 INFO SendInput scan=0x20 down=False accepted=1 error=0 target_pid=8252
2026-09-18 06:12:13,398 INFO SendInput scan=0x1F down=False accepted=1 error=0 target_pid=8252
2026-09-18 06:12:13,650 INFO SendInput scan=0x39 down=True accepted=1 error=0 target_pid=8252
2026-09-18 06:12:13,728 INFO SendInput scan=0x39 down=False accepted=1 error=0 target_pid=8252
2026-09-18 06:12:13,951 INFO SendInput scan=0x1E down=True accepted=1 error=0 target_pid=8252
2026-09-18 06:12:14,077 INFO SendInput scan=0x11 down=True accepted=1 error=0 target_pid=8252
2026-09-18 06:12:14,140 INFO SendInput scan=0x1E down=False accepted=1 error=0 target_pid=8252
2026-09-18 06:12:14,140 INFO SendInput scan=0x11 down=False accepted=1 error=0 target_pid=8252
2026-09-18 06:12:14,424 INFO SendInput scan=0x39 down=True accepted=1 error=0 target_pid=8252
2026-09-18 06:12:14,531 INFO SendInput scan=0x39 down=False accepted=1 error=0 target_pid=8252
2026-09-18 06:12:14,595 INFO SendInput scan=0x2A down=True accepted=1 error=0 target_pid=8252
2026-09-18 06:12:14,605 INFO Tracking camera_fps=33.6 inference_fps=32.4 model_ms=31.0 age_ms=31.0 hands=2 pose=True mode=Swing
2026-09-18 06:12:15,367 INFO SendInput scan=0x2A down=False accepted=1 error=0 target_pid=8252
2026-09-18 06:12:15,589 INFO SendInput scan=0x39 down=True accepted=1 error=0 target_pid=8252
2026-09-18 06:12:15,699 INFO SendInput scan=0x39 down=False accepted=1 error=0 target_pid=8252
2026-09-18 06:12:15,762 INFO SendInput scan=0x2A down=True accepted=1 error=0 target_pid=8252
2026-09-18 06:12:17,646 INFO Tracking camera_fps=36.3 inference_fps=28.9 model_ms=31.0 age_ms=78.0 hands=1 pose=True mode=Swing
2026-09-18 06:12:17,882 INFO SendInput scan=0x2A down=False accepted=1 error=0 target_pid=8252
2026-09-18 06:12:17,913 INFO SendInput scan=0x39 down=True accepted=1 error=0 target_pid=8252
2026-09-18 06:12:18,023 INFO SendInput scan=0x39 down=False accepted=1 error=0 target_pid=8252
2026-09-18 06:12:18,088 INFO SendInput scan=0x2A down=True accepted=1 error=0 target_pid=8252
2026-09-18 06:12:18,119 INFO SendInput scan=0x2A down=False accepted=1 error=0 target_pid=8252
2026-09-18 06:12:18,213 INFO SendInput scan=0x1E down=True accepted=1 error=0 target_pid=8252
2026-09-18 06:12:18,279 INFO SendInput scan=0x1F down=True accepted=1 error=0 target_pid=8252
2026-09-18 06:12:18,575 INFO SendInput scan=0x1E down=False accepted=1 error=0 target_pid=8252
2026-09-18 06:12:18,575 INFO SendInput scan=0x1F down=False accepted=1 error=0 target_pid=8252
2026-09-18 06:12:18,638 INFO SendInput scan=0x20 down=True accepted=1 error=0 target_pid=8252
2026-09-18 06:12:18,638 INFO SendInput scan=0x11 down=True accepted=1 error=0 target_pid=8252
2026-09-18 06:12:18,669 INFO SendInput scan=0x20 down=False accepted=1 error=0 target_pid=8252
2026-09-18 06:12:18,670 INFO SendInput scan=0x11 down=False accepted=1 error=0 target_pid=8252
2026-09-18 06:12:18,938 INFO SendInput scan=0x39 down=True accepted=1 error=0 target_pid=8252
2026-09-18 06:12:19,046 INFO SendInput scan=0x39 down=False accepted=1 error=0 target_pid=8252
2026-09-18 06:12:19,107 INFO SendInput scan=0x2A down=True accepted=1 error=0 target_pid=8252
2026-09-18 06:12:20,664 INFO Tracking camera_fps=33.8 inference_fps=35.7 model_ms=16.0 age_ms=32.0 hands=1 pose=True mode=Swing
2026-09-18 06:12:20,933 INFO SendInput scan=0x39 down=True accepted=1 error=0 target_pid=8252
2026-09-18 06:12:21,045 INFO SendInput scan=0x39 down=False accepted=1 error=0 target_pid=8252
2026-09-18 06:12:21,046 INFO SendInput scan=0x2A down=False accepted=1 error=0 target_pid=8252
2026-09-18 06:12:21,425 INFO SendInput scan=0x20 down=True accepted=1 error=0 target_pid=8252
2026-09-18 06:12:21,567 INFO SendInput scan=0x1F down=True accepted=1 error=0 target_pid=8252
2026-09-18 06:12:21,629 INFO SendInput scan=0x20 down=False accepted=1 error=0 target_pid=8252
2026-09-18 06:12:21,629 INFO SendInput scan=0x1F down=False accepted=1 error=0 target_pid=8252
2026-09-18 06:12:21,755 INFO SendInput scan=0x39 down=True accepted=1 error=0 target_pid=8252
2026-09-18 06:12:21,866 INFO SendInput scan=0x39 down=False accepted=1 error=0 target_pid=8252
2026-09-18 06:12:21,930 INFO SendInput scan=0x2A down=True accepted=1 error=0 target_pid=8252
2026-09-18 06:12:22,654 INFO SendInput scan=0x2A down=False accepted=1 error=0 target_pid=8252
2026-09-18 06:12:22,828 INFO SendInput scan=0x1F down=True accepted=1 error=0 target_pid=8252
2026-09-18 06:12:22,859 INFO SendInput scan=0x1F down=False accepted=1 error=0 target_pid=8252
2026-09-18 06:12:22,922 INFO SendInput scan=0x1F down=True accepted=1 error=0 target_pid=8252
2026-09-18 06:12:22,971 INFO SendInput scan=0x1F down=False accepted=1 error=0 target_pid=8252
2026-09-18 06:12:23,142 INFO SendInput scan=0x11 down=True accepted=1 error=0 target_pid=8252
2026-09-18 06:12:23,175 INFO SendInput scan=0x11 down=False accepted=1 error=0 target_pid=8252
2026-09-18 06:12:23,489 INFO SendInput scan=0x39 down=True accepted=1 error=0 target_pid=8252
2026-09-18 06:12:23,600 INFO SendInput scan=0x39 down=False accepted=1 error=0 target_pid=8252
2026-09-18 06:12:23,662 INFO SendInput scan=0x2A down=True accepted=1 error=0 target_pid=8252
2026-09-18 06:12:23,673 INFO Tracking camera_fps=33.8 inference_fps=32.5 model_ms=31.0 age_ms=31.0 hands=1 pose=True mode=Swing
2026-09-18 06:12:25,942 INFO SendInput scan=0x39 down=True accepted=1 error=0 target_pid=8252
2026-09-18 06:12:26,053 INFO SendInput scan=0x39 down=False accepted=1 error=0 target_pid=8252
2026-09-18 06:12:26,053 INFO SendInput scan=0x2A down=False accepted=1 error=0 target_pid=8252
2026-09-18 06:12:26,477 INFO SendInput scan=0x1E down=True accepted=1 error=0 target_pid=8252
2026-09-18 06:12:26,539 INFO SendInput scan=0x1F down=True accepted=1 error=0 target_pid=8252
2026-09-18 06:12:26,699 INFO Tracking camera_fps=34.0 inference_fps=31.4 model_ms=16.0 age_ms=47.0 hands=1 pose=True mode=Serbest
2026-09-18 06:12:26,777 INFO SendInput scan=0x1E down=False accepted=1 error=0 target_pid=8252
2026-09-18 06:12:26,777 INFO SendInput scan=0x1F down=False accepted=1 error=0 target_pid=8252
2026-09-18 06:12:27,200 INFO SendInput scan=0x39 down=True accepted=1 error=0 target_pid=8252
2026-09-18 06:12:27,310 INFO SendInput scan=0x39 down=False accepted=1 error=0 target_pid=8252
2026-09-18 06:12:27,371 INFO SendInput scan=0x2A down=True accepted=1 error=0 target_pid=8252
2026-09-18 06:12:29,341 INFO SendInput scan=0x39 down=True accepted=1 error=0 target_pid=8252
2026-09-18 06:12:29,450 INFO SendInput scan=0x39 down=False accepted=1 error=0 target_pid=8252
2026-09-18 06:12:29,450 INFO SendInput scan=0x2A down=False accepted=1 error=0 target_pid=8252
2026-09-18 06:12:29,725 INFO Tracking camera_fps=48.4 inference_fps=34.2 model_ms=15.0 age_ms=15.0 hands=1 pose=True mode=Serbest
2026-09-18 06:12:29,908 INFO SendInput scan=0x1F down=True accepted=1 error=0 target_pid=8252
2026-09-18 06:12:30,034 INFO SendInput scan=0x20 down=True accepted=1 error=0 target_pid=8252
2026-09-18 06:12:30,097 INFO SendInput scan=0x20 down=False accepted=1 error=0 target_pid=8252
2026-09-18 06:12:30,097 INFO SendInput scan=0x1F down=False accepted=1 error=0 target_pid=8252
2026-09-18 06:12:30,567 INFO SendInput scan=0x1E down=True accepted=1 error=0 target_pid=8252
2026-09-18 06:12:30,598 INFO SendInput scan=0x1E down=False accepted=1 error=0 target_pid=8252
2026-09-18 06:12:31,338 INFO SendInput scan=0x39 down=True accepted=1 error=0 target_pid=8252
2026-09-18 06:12:31,432 INFO SendInput scan=0x39 down=False accepted=1 error=0 target_pid=8252
2026-09-18 06:12:31,495 INFO SendInput scan=0x2A down=True accepted=1 error=0 target_pid=8252
2026-09-18 06:12:32,169 INFO SendInput scan=0x2A down=False accepted=1 error=0 target_pid=8252
2026-09-18 06:12:32,440 INFO SendInput scan=0x1E down=True accepted=1 error=0 target_pid=8252
2026-09-18 06:12:32,469 INFO SendInput scan=0x1E down=False accepted=1 error=0 target_pid=8252
2026-09-18 06:12:32,626 INFO SendInput scan=0x1E down=True accepted=1 error=0 target_pid=8252
2026-09-18 06:12:32,689 INFO SendInput scan=0x11 down=True accepted=1 error=0 target_pid=8252
2026-09-18 06:12:32,757 INFO Tracking camera_fps=32.7 inference_fps=35.1 model_ms=15.0 age_ms=31.0 hands=2 pose=True mode=Serbest
2026-09-18 06:12:32,768 INFO SendInput scan=0x1E down=False accepted=1 error=0 target_pid=8252
2026-09-18 06:12:32,768 INFO SendInput scan=0x11 down=False accepted=1 error=0 target_pid=8252
2026-09-18 06:12:33,336 INFO SendInput scan=0x39 down=True accepted=1 error=0 target_pid=8252
2026-09-18 06:12:33,447 INFO SendInput scan=0x39 down=False accepted=1 error=0 target_pid=8252
2026-09-18 06:12:33,508 INFO SendInput scan=0x2A down=True accepted=1 error=0 target_pid=8252
2026-09-18 06:12:35,708 INFO SendInput scan=0x39 down=True accepted=1 error=0 target_pid=8252
2026-09-18 06:12:35,764 INFO Tracking camera_fps=33.3 inference_fps=34.0 model_ms=31.0 age_ms=47.0 hands=1 pose=True mode=Serbest
2026-09-18 06:12:35,821 INFO SendInput scan=0x39 down=False accepted=1 error=0 target_pid=8252
2026-09-18 06:12:35,822 INFO SendInput scan=0x2A down=False accepted=1 error=0 target_pid=8252
2026-09-18 06:12:36,482 INFO SendInput scan=0x1E down=True accepted=1 error=0 target_pid=8252
2026-09-18 06:12:36,514 INFO SendInput scan=0x1E down=False accepted=1 error=0 target_pid=8252
2026-09-18 06:12:36,625 INFO SendInput scan=0x39 down=True accepted=1 error=0 target_pid=8252
2026-09-18 06:12:36,734 INFO SendInput scan=0x39 down=False accepted=1 error=0 target_pid=8252
2026-09-18 06:12:36,797 INFO SendInput scan=0x2A down=True accepted=1 error=0 target_pid=8252
2026-09-18 06:12:38,777 INFO Tracking camera_fps=31.6 inference_fps=28.3 model_ms=32.0 age_ms=63.0 hands=1 pose=True mode=Swing
2026-09-18 06:12:39,504 INFO SendInput scan=0x39 down=True accepted=1 error=0 target_pid=8252
2026-09-18 06:12:39,612 INFO SendInput scan=0x39 down=False accepted=1 error=0 target_pid=8252
2026-09-18 06:12:39,613 INFO SendInput scan=0x2A down=False accepted=1 error=0 target_pid=8252
2026-09-18 06:12:40,019 INFO SendInput scan=0x20 down=True accepted=1 error=0 target_pid=8252
2026-09-18 06:12:40,286 INFO SendInput scan=0x20 down=False accepted=1 error=0 target_pid=8252
2026-09-18 06:12:40,492 INFO SendInput scan=0x39 down=True accepted=1 error=0 target_pid=8252
2026-09-18 06:12:40,605 INFO SendInput scan=0x39 down=False accepted=1 error=0 target_pid=8252
2026-09-18 06:12:40,665 INFO SendInput scan=0x2A down=True accepted=1 error=0 target_pid=8252
2026-09-18 06:12:41,815 INFO Tracking camera_fps=34.0 inference_fps=32.8 model_ms=16.0 age_ms=31.0 hands=1 pose=True mode=Swing
2026-09-18 06:12:42,598 INFO SendInput scan=0x39 down=True accepted=1 error=0 target_pid=8252
2026-09-18 06:12:42,709 INFO SendInput scan=0x39 down=False accepted=1 error=0 target_pid=8252
2026-09-18 06:12:42,709 INFO SendInput scan=0x2A down=False accepted=1 error=0 target_pid=8252
2026-09-18 06:12:43,509 INFO SendInput scan=0x39 down=True accepted=1 error=0 target_pid=8252
2026-09-18 06:12:43,573 INFO SendInput scan=0x39 down=False accepted=1 error=0 target_pid=8252
2026-09-18 06:12:43,670 INFO SendInput scan=0x39 down=True accepted=1 error=0 target_pid=8252
2026-09-18 06:12:43,777 INFO SendInput scan=0x39 down=False accepted=1 error=0 target_pid=8252
2026-09-18 06:12:43,840 INFO SendInput scan=0x2A down=True accepted=1 error=0 target_pid=8252
2026-09-18 06:12:44,843 INFO Tracking camera_fps=33.1 inference_fps=33.7 model_ms=15.0 age_ms=31.0 hands=1 pose=True mode=Swing
2026-09-18 06:12:45,116 INFO SendInput scan=0x39 down=True accepted=1 error=0 target_pid=8252
2026-09-18 06:12:45,226 INFO SendInput scan=0x39 down=False accepted=1 error=0 target_pid=8252
2026-09-18 06:12:45,226 INFO SendInput scan=0x2A down=False accepted=1 error=0 target_pid=8252
2026-09-18 06:12:45,792 INFO SendInput scan=0x39 down=True accepted=1 error=0 target_pid=8252
2026-09-18 06:12:45,872 INFO SendInput scan=0x39 down=False accepted=1 error=0 target_pid=8252
2026-09-18 06:12:46,470 INFO SendInput scan=0x39 down=True accepted=1 error=0 target_pid=8252
2026-09-18 06:12:46,580 INFO SendInput scan=0x39 down=False accepted=1 error=0 target_pid=8252
2026-09-18 06:12:46,644 INFO SendInput scan=0x2A down=True accepted=1 error=0 target_pid=8252
2026-09-18 06:12:46,848 INFO SendInput scan=0x39 down=True accepted=1 error=0 target_pid=8252
2026-09-18 06:12:46,960 INFO SendInput scan=0x39 down=False accepted=1 error=0 target_pid=8252
2026-09-18 06:12:46,961 INFO SendInput scan=0x2A down=False accepted=1 error=0 target_pid=8252
2026-09-18 06:12:47,437 INFO Mouse button=left down=True accepted=1
2026-09-18 06:12:47,546 INFO Mouse button=left down=False accepted=1
2026-09-18 06:12:47,884 INFO Tracking camera_fps=32.1 inference_fps=33.3 model_ms=15.0 age_ms=31.0 hands=0 pose=True mode=Serbest
2026-09-18 06:12:47,999 INFO Mouse button=left down=True accepted=1
2026-09-18 06:12:48,111 INFO Mouse button=left down=False accepted=1
2026-09-18 06:12:48,552 INFO SendInput scan=0x1F down=True accepted=1 error=0 target_pid=8252
2026-09-18 06:12:48,568 INFO SendInput scan=0x39 down=True accepted=1 error=0 target_pid=8252
2026-09-18 06:12:48,569 INFO SendInput scan=0x1F down=False accepted=1 error=0 target_pid=8252
2026-09-18 06:12:48,679 INFO SendInput scan=0x39 down=False accepted=1 error=0 target_pid=8252
2026-09-18 06:12:48,740 INFO SendInput scan=0x2A down=True accepted=1 error=0 target_pid=8252
2026-09-18 06:12:49,685 INFO SendInput scan=0x2A down=False accepted=1 error=0 target_pid=8252
2026-09-18 06:12:50,517 INFO SendInput scan=0x1E down=True accepted=1 error=0 target_pid=8252
2026-09-18 06:12:50,722 INFO SendInput scan=0x11 down=True accepted=1 error=0 target_pid=8252
2026-09-18 06:12:50,848 INFO SendInput scan=0x1E down=False accepted=1 error=0 target_pid=8252
2026-09-18 06:12:50,901 INFO Tracking camera_fps=31.3 inference_fps=35.4 model_ms=0.0 age_ms=32.0 hands=2 pose=True mode=Serbest
2026-09-18 06:12:50,989 INFO SendInput scan=0x20 down=True accepted=1 error=0 target_pid=8252
2026-09-18 06:12:51,130 INFO SendInput scan=0x20 down=False accepted=1 error=0 target_pid=8252
2026-09-18 06:12:51,131 INFO SendInput scan=0x11 down=False accepted=1 error=0 target_pid=8252
2026-09-18 06:12:51,208 INFO SendInput scan=0x39 down=True accepted=1 error=0 target_pid=8252
2026-09-18 06:12:51,287 INFO SendInput scan=0x39 down=False accepted=1 error=0 target_pid=8252
2026-09-18 06:12:51,350 INFO SendInput scan=0x20 down=True accepted=1 error=0 target_pid=8252
2026-09-18 06:12:51,460 INFO SendInput scan=0x1F down=True accepted=1 error=0 target_pid=8252
2026-09-18 06:12:51,744 INFO SendInput scan=0x20 down=False accepted=1 error=0 target_pid=8252
2026-09-18 06:12:51,744 INFO SendInput scan=0x1F down=False accepted=1 error=0 target_pid=8252
2026-09-18 06:12:51,982 INFO Mouse button=left down=True accepted=1
2026-09-18 06:12:52,093 INFO Mouse button=left down=False accepted=1
2026-09-18 06:12:53,210 INFO SendInput scan=0x21 down=True accepted=1 error=0 target_pid=8252
2026-09-18 06:12:53,321 INFO SendInput scan=0x21 down=False accepted=1 error=0 target_pid=8252
2026-09-18 06:12:53,446 INFO SendInput scan=0x11 down=True accepted=1 error=0 target_pid=8252
2026-09-18 06:12:53,556 INFO SendInput scan=0x11 down=False accepted=1 error=0 target_pid=8252
2026-09-18 06:12:53,974 INFO Tracking camera_fps=32.9 inference_fps=34.6 model_ms=15.0 age_ms=31.0 hands=2 pose=True mode=Serbest
2026-09-18 06:12:54,946 INFO SendInput scan=0x1F down=True accepted=1 error=0 target_pid=8252
2026-09-18 06:12:54,978 INFO SendInput scan=0x1E down=True accepted=1 error=0 target_pid=8252
2026-09-18 06:12:55,009 INFO Mouse button=right down=True accepted=1
2026-09-18 06:12:55,040 INFO SendInput scan=0x1E down=False accepted=1 error=0 target_pid=8252
2026-09-18 06:12:55,041 INFO SendInput scan=0x1F down=False accepted=1 error=0 target_pid=8252
2026-09-18 06:12:55,907 INFO Mouse button=right down=False accepted=1
2026-09-18 06:12:56,238 INFO Mouse button=left down=True accepted=1
2026-09-18 06:12:56,345 INFO Mouse button=left down=False accepted=1
2026-09-18 06:12:56,882 INFO SendInput scan=0x11 down=True accepted=1 error=0 target_pid=8252
2026-09-18 06:12:56,961 INFO SendInput scan=0x11 down=False accepted=1 error=0 target_pid=8252
2026-09-18 06:12:57,001 INFO Tracking camera_fps=32.1 inference_fps=32.7 model_ms=15.0 age_ms=46.0 hands=2 pose=True mode=Serbest
2026-09-18 06:12:57,103 INFO SendInput scan=0x39 down=True accepted=1 error=0 target_pid=8252
2026-09-18 06:12:57,212 INFO SendInput scan=0x39 down=False accepted=1 error=0 target_pid=8252
2026-09-18 06:12:57,274 INFO SendInput scan=0x2A down=True accepted=1 error=0 target_pid=8252
2026-09-18 06:12:58,759 INFO SendInput scan=0x39 down=True accepted=1 error=0 target_pid=8252
2026-09-18 06:12:58,854 INFO SendInput scan=0x39 down=False accepted=1 error=0 target_pid=8252
2026-09-18 06:12:58,854 INFO SendInput scan=0x2A down=False accepted=1 error=0 target_pid=8252
2026-09-18 06:12:59,689 INFO SendInput scan=0x39 down=True accepted=1 error=0 target_pid=8252
2026-09-18 06:12:59,799 INFO SendInput scan=0x39 down=False accepted=1 error=0 target_pid=8252
2026-09-18 06:12:59,863 INFO SendInput scan=0x2A down=True accepted=1 error=0 target_pid=8252
2026-09-18 06:13:00,029 INFO Tracking camera_fps=34.5 inference_fps=32.7 model_ms=32.0 age_ms=47.0 hands=1 pose=True mode=Swing
2026-09-18 06:13:00,805 INFO SendInput scan=0x39 down=True accepted=1 error=0 target_pid=8252
2026-09-18 06:13:00,915 INFO SendInput scan=0x39 down=False accepted=1 error=0 target_pid=8252
2026-09-18 06:13:00,915 INFO SendInput scan=0x2A down=False accepted=1 error=0 target_pid=8252
2026-09-18 06:13:01,388 INFO SendInput scan=0x39 down=True accepted=1 error=0 target_pid=8252
2026-09-18 06:13:01,497 INFO SendInput scan=0x39 down=False accepted=1 error=0 target_pid=8252
2026-09-18 06:13:01,560 INFO SendInput scan=0x2A down=True accepted=1 error=0 target_pid=8252
2026-09-18 06:13:01,701 INFO SendInput scan=0x2A down=False accepted=1 error=0 target_pid=8252
2026-09-18 06:13:01,890 INFO SendInput scan=0x39 down=True accepted=1 error=0 target_pid=8252
2026-09-18 06:13:02,001 INFO SendInput scan=0x39 down=False accepted=1 error=0 target_pid=8252
2026-09-18 06:13:02,066 INFO SendInput scan=0x2A down=True accepted=1 error=0 target_pid=8252
2026-09-18 06:13:03,075 INFO Tracking camera_fps=35.7 inference_fps=34.1 model_ms=32.0 age_ms=47.0 hands=2 pose=True mode=Serbest
2026-09-18 06:13:03,089 INFO SendInput scan=0x2A down=False accepted=1 error=0 target_pid=8252
2026-09-18 06:13:03,262 INFO SendInput scan=0x1F down=True accepted=1 error=0 target_pid=8252
2026-09-18 06:13:03,326 INFO SendInput scan=0x1E down=True accepted=1 error=0 target_pid=8252
2026-09-18 06:13:03,499 INFO SendInput scan=0x1E down=False accepted=1 error=0 target_pid=8252
2026-09-18 06:13:03,782 INFO SendInput scan=0x1F down=False accepted=1 error=0 target_pid=8252
2026-09-18 06:13:03,782 INFO SendInput scan=0x20 down=True accepted=1 error=0 target_pid=8252
2026-09-18 06:13:03,814 INFO SendInput scan=0x11 down=True accepted=1 error=0 target_pid=8252
2026-09-18 06:13:03,844 INFO SendInput scan=0x20 down=False accepted=1 error=0 target_pid=8252
2026-09-18 06:13:03,845 INFO SendInput scan=0x11 down=False accepted=1 error=0 target_pid=8252
2026-09-18 06:13:04,048 INFO SendInput scan=0x20 down=True accepted=1 error=0 target_pid=8252
2026-09-18 06:13:04,049 INFO SendInput scan=0x11 down=True accepted=1 error=0 target_pid=8252
2026-09-18 06:13:04,332 INFO SendInput scan=0x20 down=False accepted=1 error=0 target_pid=8252
2026-09-18 06:13:04,333 INFO SendInput scan=0x11 down=False accepted=1 error=0 target_pid=8252
2026-09-18 06:13:04,504 INFO SendInput scan=0x1E down=True accepted=1 error=0 target_pid=8252
2026-09-18 06:13:04,896 INFO SendInput scan=0x1F down=True accepted=1 error=0 target_pid=8252
2026-09-18 06:13:05,150 INFO SendInput scan=0x1F down=False accepted=1 error=0 target_pid=8252
2026-09-18 06:13:06,130 INFO Tracking camera_fps=31.1 inference_fps=32.6 model_ms=31.0 age_ms=31.0 hands=1 pose=True mode=Serbest
2026-09-18 06:13:06,273 INFO SendInput scan=0x11 down=True accepted=1 error=0 target_pid=8252
2026-09-18 06:13:07,789 INFO SendInput scan=0x1E down=False accepted=1 error=0 target_pid=8252
2026-09-18 06:13:07,789 INFO SendInput scan=0x11 down=False accepted=1 error=0 target_pid=8252
2026-09-18 06:13:08,039 INFO Mouse button=left down=True accepted=1
2026-09-18 06:13:08,150 INFO Mouse button=left down=False accepted=1
2026-09-18 06:13:09,101 INFO Mouse button=right down=True accepted=1
2026-09-18 06:13:09,155 INFO Tracking camera_fps=32.3 inference_fps=34.0 model_ms=16.0 age_ms=32.0 hands=1 pose=True mode=Nişan
2026-09-18 06:13:10,971 INFO Mouse button=right down=False accepted=1
2026-09-18 06:13:12,186 INFO Tracking camera_fps=33.8 inference_fps=33.6 model_ms=31.0 age_ms=31.0 hands=1 pose=True mode=Serbest
2026-09-18 06:13:12,430 INFO SendInput scan=0x11 down=True accepted=1 error=0 target_pid=8252
2026-09-18 06:13:12,540 INFO SendInput scan=0x11 down=False accepted=1 error=0 target_pid=8252
2026-09-18 06:13:12,713 INFO SendInput scan=0x39 down=True accepted=1 error=0 target_pid=8252
2026-09-18 06:13:12,824 INFO SendInput scan=0x39 down=False accepted=1 error=0 target_pid=8252
2026-09-18 06:13:12,889 INFO SendInput scan=0x2A down=True accepted=1 error=0 target_pid=8252
2026-09-18 06:13:14,497 INFO SendInput scan=0x2A down=False accepted=1 error=0 target_pid=8252
2026-09-18 06:13:15,062 INFO Mouse button=right down=True accepted=1
2026-09-18 06:13:15,235 INFO Tracking camera_fps=35.0 inference_fps=34.4 model_ms=31.0 age_ms=47.0 hands=1 pose=True mode=Nişan
2026-09-18 06:13:17,592 INFO Mouse button=right down=False accepted=1
2026-09-18 06:13:17,843 INFO Mouse button=left down=True accepted=1
2026-09-18 06:13:17,953 INFO Mouse button=left down=False accepted=1
2026-09-18 06:13:18,175 INFO SendInput scan=0x20 down=True accepted=1 error=0 target_pid=8252
2026-09-18 06:13:18,175 INFO SendInput scan=0x11 down=True accepted=1 error=0 target_pid=8252
2026-09-18 06:13:18,250 INFO Tracking camera_fps=35.0 inference_fps=35.0 model_ms=15.0 age_ms=46.0 hands=1 pose=True mode=Serbest
2026-09-18 06:13:18,786 INFO SendInput scan=0x20 down=False accepted=1 error=0 target_pid=8252
2026-09-18 06:13:18,848 INFO SendInput scan=0x1E down=True accepted=1 error=0 target_pid=8252
2026-09-18 06:13:18,910 INFO SendInput scan=0x39 down=True accepted=1 error=0 target_pid=8252
2026-09-18 06:13:18,991 INFO SendInput scan=0x39 down=False accepted=1 error=0 target_pid=8252
2026-09-18 06:13:19,926 INFO SendInput scan=0x39 down=True accepted=1 error=0 target_pid=8252
2026-09-18 06:13:20,003 INFO SendInput scan=0x39 down=False accepted=1 error=0 target_pid=8252
2026-09-18 06:13:21,055 INFO SendInput scan=0x1E down=False accepted=1 error=0 target_pid=8252
2026-09-18 06:13:21,056 INFO SendInput scan=0x11 down=False accepted=1 error=0 target_pid=8252
2026-09-18 06:13:21,275 INFO Tracking camera_fps=31.2 inference_fps=33.5 model_ms=16.0 age_ms=31.0 hands=1 pose=True mode=Nişan
2026-09-18 06:13:21,291 INFO Mouse button=right down=True accepted=1
2026-09-18 06:13:23,543 INFO Mouse button=right down=False accepted=1
2026-09-18 06:13:23,654 INFO SendInput scan=0x1F down=True accepted=1 error=0 target_pid=8252
2026-09-18 06:13:23,690 INFO SendInput scan=0x1F down=False accepted=1 error=0 target_pid=8252
2026-09-18 06:13:24,022 INFO Mouse button=left down=True accepted=1
2026-09-18 06:13:24,129 INFO Mouse button=left down=False accepted=1
2026-09-18 06:13:24,279 INFO Tracking camera_fps=31.7 inference_fps=33.8 model_ms=32.0 age_ms=47.0 hands=1 pose=True mode=Serbest
2026-09-18 06:13:24,365 INFO Mouse button=left down=True accepted=1
2026-09-18 06:13:24,477 INFO SendInput scan=0x39 down=True accepted=1 error=0 target_pid=8252
2026-09-18 06:13:24,477 INFO Mouse button=left down=False accepted=1
2026-09-18 06:13:24,558 INFO SendInput scan=0x39 down=False accepted=1 error=0 target_pid=8252
2026-09-18 06:13:25,883 INFO Mouse button=right down=True accepted=1
2026-09-18 06:13:27,287 INFO SendInput scan=0x12 down=True accepted=1 error=0 target_pid=8252
2026-09-18 06:13:27,308 INFO Tracking camera_fps=33.3 inference_fps=33.5 model_ms=31.0 age_ms=47.0 hands=1 pose=True mode=Nişan
2026-09-18 06:13:27,362 INFO SendInput scan=0x12 down=False accepted=1 error=0 target_pid=8252
2026-09-18 06:13:27,441 INFO SendInput scan=0x12 down=True accepted=1 error=0 target_pid=8252
2026-09-18 06:13:27,521 INFO SendInput scan=0x12 down=False accepted=1 error=0 target_pid=8252
2026-09-18 06:13:29,364 INFO Mouse button=right down=False accepted=1
2026-09-18 06:13:29,541 INFO SendInput scan=0x39 down=True accepted=1 error=0 target_pid=8252
2026-09-18 06:13:29,635 INFO SendInput scan=0x39 down=False accepted=1 error=0 target_pid=8252
2026-09-18 06:13:29,698 INFO SendInput scan=0x2A down=True accepted=1 error=0 target_pid=8252
2026-09-18 06:13:30,356 INFO Tracking camera_fps=31.5 inference_fps=29.7 model_ms=31.0 age_ms=63.0 hands=1 pose=True mode=Swing
2026-09-18 06:13:31,977 INFO SendInput scan=0x39 down=True accepted=1 error=0 target_pid=8252
2026-09-18 06:13:32,087 INFO SendInput scan=0x39 down=False accepted=1 error=0 target_pid=8252
2026-09-18 06:13:32,087 INFO SendInput scan=0x2A down=False accepted=1 error=0 target_pid=8252
2026-09-18 06:13:32,829 INFO SendInput scan=0x39 down=True accepted=1 error=0 target_pid=8252
2026-09-18 06:13:32,940 INFO SendInput scan=0x39 down=False accepted=1 error=0 target_pid=8252
2026-09-18 06:13:33,003 INFO SendInput scan=0x2A down=True accepted=1 error=0 target_pid=8252
2026-09-18 06:13:33,396 INFO Tracking camera_fps=32.6 inference_fps=29.1 model_ms=31.0 age_ms=62.0 hands=1 pose=True mode=Swing
2026-09-18 06:13:35,859 INFO SendInput scan=0x39 down=True accepted=1 error=0 target_pid=8252
2026-09-18 06:13:35,969 INFO SendInput scan=0x39 down=False accepted=1 error=0 target_pid=8252
2026-09-18 06:13:35,969 INFO SendInput scan=0x2A down=False accepted=1 error=0 target_pid=8252
2026-09-18 06:13:36,415 INFO Tracking camera_fps=33.2 inference_fps=35.1 model_ms=32.0 age_ms=47.0 hands=1 pose=True mode=Serbest
2026-09-18 06:13:36,598 INFO SendInput scan=0x39 down=True accepted=1 error=0 target_pid=8252
2026-09-18 06:13:36,709 INFO SendInput scan=0x39 down=False accepted=1 error=0 target_pid=8252
2026-09-18 06:13:36,772 INFO SendInput scan=0x2A down=True accepted=1 error=0 target_pid=8252
2026-09-18 06:13:38,740 INFO SendInput scan=0x39 down=True accepted=1 error=0 target_pid=8252
2026-09-18 06:13:38,847 INFO SendInput scan=0x39 down=False accepted=1 error=0 target_pid=8252
2026-09-18 06:13:38,847 INFO SendInput scan=0x2A down=False accepted=1 error=0 target_pid=8252
2026-09-18 06:13:39,421 INFO Tracking camera_fps=32.2 inference_fps=34.3 model_ms=31.0 age_ms=31.0 hands=1 pose=True mode=Serbest
2026-09-18 06:13:39,604 INFO SendInput scan=0x39 down=True accepted=1 error=0 target_pid=8252
2026-09-18 06:13:39,714 INFO SendInput scan=0x39 down=False accepted=1 error=0 target_pid=8252
2026-09-18 06:13:39,777 INFO SendInput scan=0x2A down=True accepted=1 error=0 target_pid=8252
2026-09-18 06:13:40,837 INFO SendInput scan=0x2A down=False accepted=1 error=0 target_pid=8252
2026-09-18 06:13:40,979 INFO SendInput scan=0x1F down=True accepted=1 error=0 target_pid=8252
2026-09-18 06:13:41,011 INFO SendInput scan=0x1E down=True accepted=1 error=0 target_pid=8252
2026-09-18 06:13:41,042 INFO SendInput scan=0x1E down=False accepted=1 error=0 target_pid=8252
2026-09-18 06:13:41,043 INFO SendInput scan=0x1F down=False accepted=1 error=0 target_pid=8252
2026-09-18 06:13:41,152 INFO SendInput scan=0x39 down=True accepted=1 error=0 target_pid=8252
2026-09-18 06:13:41,263 INFO SendInput scan=0x39 down=False accepted=1 error=0 target_pid=8252
2026-09-18 06:13:41,326 INFO SendInput scan=0x2A down=True accepted=1 error=0 target_pid=8252
2026-09-18 06:13:42,452 INFO Tracking camera_fps=32.3 inference_fps=34.5 model_ms=16.0 age_ms=32.0 hands=1 pose=True mode=Swing
2026-09-18 06:13:43,089 INFO SendInput scan=0x2A down=False accepted=1 error=0 target_pid=8252
2026-09-18 06:13:43,465 INFO SendInput scan=0x1F down=True accepted=1 error=0 target_pid=8252
2026-09-18 06:13:43,530 INFO SendInput scan=0x1F down=False accepted=1 error=0 target_pid=8252
2026-09-18 06:13:44,588 INFO SendInput scan=0x39 down=True accepted=1 error=0 target_pid=8252
2026-09-18 06:13:44,699 INFO SendInput scan=0x39 down=False accepted=1 error=0 target_pid=8252
2026-09-18 06:13:44,762 INFO SendInput scan=0x2A down=True accepted=1 error=0 target_pid=8252
2026-09-18 06:13:45,477 INFO Tracking camera_fps=31.6 inference_fps=32.8 model_ms=15.0 age_ms=15.0 hands=1 pose=True mode=Swing
2026-09-18 06:13:46,226 INFO SendInput scan=0x2A down=False accepted=1 error=0 target_pid=8252
2026-09-18 06:13:46,447 INFO SendInput scan=0x39 down=True accepted=1 error=0 target_pid=8252
2026-09-18 06:13:46,543 INFO SendInput scan=0x39 down=False accepted=1 error=0 target_pid=8252
2026-09-18 06:13:46,606 INFO SendInput scan=0x2A down=True accepted=1 error=0 target_pid=8252
2026-09-18 06:13:47,095 INFO SendInput scan=0x39 down=True accepted=1 error=0 target_pid=8252
2026-09-18 06:13:47,204 INFO SendInput scan=0x39 down=False accepted=1 error=0 target_pid=8252
2026-09-18 06:13:47,204 INFO SendInput scan=0x2A down=False accepted=1 error=0 target_pid=8252
2026-09-18 06:13:47,693 INFO Mouse button=left down=True accepted=1
2026-09-18 06:13:47,803 INFO Mouse button=left down=False accepted=1
2026-09-18 06:13:48,524 INFO Tracking camera_fps=82.8 inference_fps=30.2 model_ms=16.0 age_ms=31.0 hands=1 pose=True mode=Serbest
2026-09-18 06:13:48,848 INFO Mouse button=left down=True accepted=1
2026-09-18 06:13:48,957 INFO Mouse button=left down=False accepted=1
2026-09-18 06:13:49,316 INFO SendInput scan=0x39 down=True accepted=1 error=0 target_pid=8252
2026-09-18 06:13:49,428 INFO SendInput scan=0x39 down=False accepted=1 error=0 target_pid=8252
2026-09-18 06:13:49,491 INFO SendInput scan=0x2A down=True accepted=1 error=0 target_pid=8252
2026-09-18 06:13:50,297 INFO SendInput scan=0x2A down=False accepted=1 error=0 target_pid=8252
2026-09-18 06:13:50,546 INFO SendInput scan=0x39 down=True accepted=1 error=0 target_pid=8252
2026-09-18 06:13:50,658 INFO SendInput scan=0x39 down=False accepted=1 error=0 target_pid=8252
2026-09-18 06:13:50,816 INFO SendInput scan=0x1E down=True accepted=1 error=0 target_pid=8252
2026-09-18 06:13:50,958 INFO SendInput scan=0x11 down=True accepted=1 error=0 target_pid=8252
2026-09-18 06:13:51,459 INFO SendInput scan=0x1E down=False accepted=1 error=0 target_pid=8252
2026-09-18 06:13:51,459 INFO SendInput scan=0x11 down=False accepted=1 error=0 target_pid=8252
2026-09-18 06:13:51,544 INFO Tracking camera_fps=31.5 inference_fps=33.5 model_ms=31.0 age_ms=31.0 hands=1 pose=True mode=Serbest
2026-09-18 06:13:51,902 INFO SendInput scan=0x1E down=True accepted=1 error=0 target_pid=8252
2026-09-18 06:13:52,158 INFO SendInput scan=0x1E down=False accepted=1 error=0 target_pid=8252
2026-09-18 06:13:52,392 INFO Mouse button=right down=True accepted=1
2026-09-18 06:13:54,571 INFO Tracking camera_fps=31.3 inference_fps=37.5 model_ms=16.0 age_ms=31.0 hands=1 pose=True mode=Nişan
2026-09-18 06:13:54,976 INFO Mouse button=right down=False accepted=1
2026-09-18 06:13:55,754 INFO SendInput scan=0x1F down=True accepted=1 error=0 target_pid=8252
2026-09-18 06:13:55,783 INFO SendInput scan=0x1F down=False accepted=1 error=0 target_pid=8252
2026-09-18 06:13:55,987 INFO SendInput scan=0x39 down=True accepted=1 error=0 target_pid=8252
2026-09-18 06:13:56,098 INFO SendInput scan=0x39 down=False accepted=1 error=0 target_pid=8252
2026-09-18 06:13:56,161 INFO SendInput scan=0x2A down=True accepted=1 error=0 target_pid=8252
2026-09-18 06:13:57,424 INFO SendInput scan=0x39 down=True accepted=1 error=0 target_pid=8252
2026-09-18 06:13:57,534 INFO SendInput scan=0x39 down=False accepted=1 error=0 target_pid=8252
2026-09-18 06:13:57,534 INFO SendInput scan=0x2A down=False accepted=1 error=0 target_pid=8252
2026-09-18 06:13:57,577 INFO Tracking camera_fps=30.3 inference_fps=32.7 model_ms=32.0 age_ms=32.0 hands=1 pose=True mode=Serbest
2026-09-18 06:13:57,805 INFO SendInput scan=0x39 down=True accepted=1 error=0 target_pid=8252
2026-09-18 06:13:57,911 INFO SendInput scan=0x39 down=False accepted=1 error=0 target_pid=8252
2026-09-18 06:13:57,974 INFO SendInput scan=0x2A down=True accepted=1 error=0 target_pid=8252
2026-09-18 06:14:00,280 INFO SendInput scan=0x2A down=False accepted=1 error=0 target_pid=8252
2026-09-18 06:14:00,392 INFO SendInput scan=0x1F down=True accepted=1 error=0 target_pid=8252
2026-09-18 06:14:00,456 INFO SendInput scan=0x1F down=False accepted=1 error=0 target_pid=8252
2026-09-18 06:14:00,638 INFO Tracking camera_fps=36.0 inference_fps=31.2 model_ms=31.0 age_ms=31.0 hands=2 pose=True mode=Swing
2026-09-18 06:14:00,643 INFO SendInput scan=0x39 down=True accepted=1 error=0 target_pid=8252
2026-09-18 06:14:00,754 INFO SendInput scan=0x39 down=False accepted=1 error=0 target_pid=8252
2026-09-18 06:14:00,818 INFO SendInput scan=0x2A down=True accepted=1 error=0 target_pid=8252
2026-09-18 06:14:03,368 INFO SendInput scan=0x39 down=True accepted=1 error=0 target_pid=8252
2026-09-18 06:14:03,478 INFO SendInput scan=0x39 down=False accepted=1 error=0 target_pid=8252
2026-09-18 06:14:03,478 INFO SendInput scan=0x2A down=False accepted=1 error=0 target_pid=8252
2026-09-18 06:14:03,670 INFO Tracking camera_fps=33.2 inference_fps=31.0 model_ms=15.0 age_ms=47.0 hands=2 pose=True mode=Serbest
2026-09-18 06:14:04,441 INFO SendInput scan=0x39 down=True accepted=1 error=0 target_pid=8252
2026-09-18 06:14:04,550 INFO SendInput scan=0x39 down=False accepted=1 error=0 target_pid=8252
2026-09-18 06:14:04,612 INFO SendInput scan=0x2A down=True accepted=1 error=0 target_pid=8252
2026-09-18 06:14:06,696 INFO Tracking camera_fps=33.2 inference_fps=33.4 model_ms=16.0 age_ms=31.0 hands=2 pose=True mode=Swing
2026-09-18 06:14:06,876 INFO SendInput scan=0x39 down=True accepted=1 error=0 target_pid=8252
2026-09-18 06:14:06,986 INFO SendInput scan=0x39 down=False accepted=1 error=0 target_pid=8252
2026-09-18 06:14:06,986 INFO SendInput scan=0x2A down=False accepted=1 error=0 target_pid=8252
2026-09-18 06:14:07,573 INFO SendInput scan=0x39 down=True accepted=1 error=0 target_pid=8252
2026-09-18 06:14:07,698 INFO SendInput scan=0x39 down=False accepted=1 error=0 target_pid=8252
2026-09-18 06:14:07,759 INFO SendInput scan=0x2A down=True accepted=1 error=0 target_pid=8252
2026-09-18 06:14:09,716 INFO Tracking camera_fps=33.9 inference_fps=33.3 model_ms=15.0 age_ms=31.0 hands=2 pose=True mode=Swing
2026-09-18 06:14:11,102 INFO SendInput scan=0x2A down=False accepted=1 error=0 target_pid=8252
2026-09-18 06:14:11,196 INFO SendInput scan=0x1E down=True accepted=1 error=0 target_pid=8252
2026-09-18 06:14:11,212 INFO SendInput scan=0x1E down=False accepted=1 error=0 target_pid=8252
2026-09-18 06:14:11,605 INFO SendInput scan=0x39 down=True accepted=1 error=0 target_pid=8252
2026-09-18 06:14:11,714 INFO SendInput scan=0x39 down=False accepted=1 error=0 target_pid=8252
2026-09-18 06:14:11,778 INFO SendInput scan=0x2A down=True accepted=1 error=0 target_pid=8252
2026-09-18 06:14:12,766 INFO Tracking camera_fps=30.5 inference_fps=34.2 model_ms=16.0 age_ms=47.0 hands=2 pose=True mode=Serbest
2026-09-18 06:14:12,774 INFO SendInput scan=0x2A down=False accepted=1 error=0 target_pid=8252
2026-09-18 06:14:13,027 INFO SendInput scan=0x1E down=True accepted=1 error=0 target_pid=8252
2026-09-18 06:14:13,028 INFO SendInput scan=0x1F down=True accepted=1 error=0 target_pid=8252
2026-09-18 06:14:13,233 INFO SendInput scan=0x1E down=False accepted=1 error=0 target_pid=8252
2026-09-18 06:14:13,233 INFO SendInput scan=0x1F down=False accepted=1 error=0 target_pid=8252
2026-09-18 06:14:14,255 INFO SendInput scan=0x39 down=True accepted=1 error=0 target_pid=8252
2026-09-18 06:14:14,367 INFO SendInput scan=0x39 down=False accepted=1 error=0 target_pid=8252
2026-09-18 06:14:14,429 INFO SendInput scan=0x2A down=True accepted=1 error=0 target_pid=8252
2026-09-18 06:14:15,785 INFO Tracking camera_fps=33.1 inference_fps=36.3 model_ms=16.0 age_ms=32.0 hands=2 pose=True mode=Swing
2026-09-18 06:14:15,834 INFO SendInput scan=0x2A down=False accepted=1 error=0 target_pid=8252
2026-09-18 06:14:17,158 INFO SendInput scan=0x20 down=True accepted=1 error=0 target_pid=8252
2026-09-18 06:14:17,269 INFO SendInput scan=0x20 down=False accepted=1 error=0 target_pid=8252
2026-09-18 06:14:17,395 INFO SendInput scan=0x39 down=True accepted=1 error=0 target_pid=8252
2026-09-18 06:14:17,475 INFO SendInput scan=0x39 down=False accepted=1 error=0 target_pid=8252
2026-09-18 06:14:17,709 INFO Mouse button=left down=True accepted=1
2026-09-18 06:14:17,821 INFO Mouse button=left down=False accepted=1
2026-09-18 06:14:17,898 INFO SendInput scan=0x1E down=True accepted=1 error=0 target_pid=8252
2026-09-18 06:14:17,929 INFO SendInput scan=0x1F down=True accepted=1 error=0 target_pid=8252
2026-09-18 06:14:18,180 INFO SendInput scan=0x1E down=False accepted=1 error=0 target_pid=8252
2026-09-18 06:14:18,180 INFO SendInput scan=0x1F down=False accepted=1 error=0 target_pid=8252
2026-09-18 06:14:18,817 INFO Tracking camera_fps=31.5 inference_fps=35.5 model_ms=16.0 age_ms=31.0 hands=2 pose=True mode=Serbest
2026-09-18 06:14:19,611 INFO Mouse button=left down=True accepted=1
2026-09-18 06:14:19,725 INFO Mouse button=left down=False accepted=1
2026-09-18 06:14:20,198 INFO Mouse button=left down=True accepted=1
2026-09-18 06:14:20,308 INFO Mouse button=left down=False accepted=1
2026-09-18 06:14:20,720 INFO Mouse button=left down=True accepted=1
2026-09-18 06:14:20,831 INFO Mouse button=left down=False accepted=1
2026-09-18 06:14:21,370 INFO SendInput scan=0x1E down=True accepted=1 error=0 target_pid=8252
2026-09-18 06:14:21,418 INFO SendInput scan=0x39 down=True accepted=1 error=0 target_pid=8252
2026-09-18 06:14:21,493 INFO SendInput scan=0x39 down=False accepted=1 error=0 target_pid=8252
2026-09-18 06:14:21,494 INFO SendInput scan=0x11 down=True accepted=1 error=0 target_pid=8252
2026-09-18 06:14:21,557 INFO SendInput scan=0x1E down=False accepted=1 error=0 target_pid=8252
2026-09-18 06:14:21,560 INFO SendInput scan=0x11 down=False accepted=1 error=0 target_pid=8252
2026-09-18 06:14:21,728 INFO SendInput scan=0x11 down=True accepted=1 error=0 target_pid=8252
2026-09-18 06:14:21,790 INFO SendInput scan=0x11 down=False accepted=1 error=0 target_pid=8252
2026-09-18 06:14:21,843 INFO Tracking camera_fps=33.7 inference_fps=35.0 model_ms=15.0 age_ms=31.0 hands=2 pose=True mode=Serbest
2026-09-18 06:14:21,961 INFO SendInput scan=0x1F down=True accepted=1 error=0 target_pid=8252
2026-09-18 06:14:21,993 INFO SendInput scan=0x1F down=False accepted=1 error=0 target_pid=8252
2026-09-18 06:14:22,087 INFO SendInput scan=0x1F down=True accepted=1 error=0 target_pid=8252
2026-09-18 06:14:22,165 INFO SendInput scan=0x1E down=True accepted=1 error=0 target_pid=8252
2026-09-18 06:14:22,228 INFO Mouse button=right down=True accepted=1
2026-09-18 06:14:22,228 INFO SendInput scan=0x1E down=False accepted=1 error=0 target_pid=8252
2026-09-18 06:14:22,229 INFO SendInput scan=0x1F down=False accepted=1 error=0 target_pid=8252
2026-09-18 06:14:24,518 INFO SendInput scan=0x12 down=True accepted=1 error=0 target_pid=8252
2026-09-18 06:14:24,594 INFO SendInput scan=0x12 down=False accepted=1 error=0 target_pid=8252
2026-09-18 06:14:24,595 INFO Mouse button=right down=False accepted=1
2026-09-18 06:14:24,674 INFO SendInput scan=0x12 down=True accepted=1 error=0 target_pid=8252
2026-09-18 06:14:24,752 INFO SendInput scan=0x12 down=False accepted=1 error=0 target_pid=8252
2026-09-18 06:14:24,872 INFO Tracking camera_fps=31.5 inference_fps=32.2 model_ms=31.0 age_ms=31.0 hands=1 pose=True mode=Serbest
2026-09-18 06:14:25,049 INFO Mouse button=right down=True accepted=1
2026-09-18 06:14:26,329 INFO Mouse button=right down=False accepted=1
2026-09-18 06:14:26,516 INFO SendInput scan=0x1E down=True accepted=1 error=0 target_pid=8252
2026-09-18 06:14:26,578 INFO SendInput scan=0x11 down=True accepted=1 error=0 target_pid=8252
2026-09-18 06:14:26,691 INFO SendInput scan=0x1E down=False accepted=1 error=0 target_pid=8252
2026-09-18 06:14:26,691 INFO SendInput scan=0x11 down=False accepted=1 error=0 target_pid=8252
2026-09-18 06:14:27,053 INFO SendInput scan=0x39 down=True accepted=1 error=0 target_pid=8252
2026-09-18 06:14:27,162 INFO SendInput scan=0x39 down=False accepted=1 error=0 target_pid=8252
2026-09-18 06:14:27,225 INFO SendInput scan=0x2A down=True accepted=1 error=0 target_pid=8252
2026-09-18 06:14:27,895 INFO Tracking camera_fps=32.5 inference_fps=29.6 model_ms=31.0 age_ms=47.0 hands=1 pose=True mode=Swing
2026-09-18 06:14:29,447 INFO SendInput scan=0x39 down=True accepted=1 error=0 target_pid=8252
2026-09-18 06:14:29,541 INFO SendInput scan=0x39 down=False accepted=1 error=0 target_pid=8252
2026-09-18 06:14:29,542 INFO SendInput scan=0x2A down=False accepted=1 error=0 target_pid=8252
2026-09-18 06:14:30,144 INFO SendInput scan=0x39 down=True accepted=1 error=0 target_pid=8252
2026-09-18 06:14:30,267 INFO SendInput scan=0x39 down=False accepted=1 error=0 target_pid=8252
2026-09-18 06:14:30,314 INFO SendInput scan=0x2A down=True accepted=1 error=0 target_pid=8252
2026-09-18 06:14:30,935 INFO Tracking camera_fps=32.4 inference_fps=34.3 model_ms=16.0 age_ms=31.0 hands=1 pose=True mode=Swing
2026-09-18 06:14:32,663 INFO SendInput scan=0x39 down=True accepted=1 error=0 target_pid=8252
2026-09-18 06:14:32,773 INFO SendInput scan=0x39 down=False accepted=1 error=0 target_pid=8252
2026-09-18 06:14:32,774 INFO SendInput scan=0x2A down=False accepted=1 error=0 target_pid=8252
2026-09-18 06:14:33,101 INFO SendInput scan=0x1F down=True accepted=1 error=0 target_pid=8252
2026-09-18 06:14:33,181 INFO SendInput scan=0x1F down=False accepted=1 error=0 target_pid=8252
2026-09-18 06:14:33,545 INFO SendInput scan=0x39 down=True accepted=1 error=0 target_pid=8252
2026-09-18 06:14:33,624 INFO SendInput scan=0x39 down=False accepted=1 error=0 target_pid=8252
2026-09-18 06:14:33,705 INFO SendInput scan=0x39 down=True accepted=1 error=0 target_pid=8252
2026-09-18 06:14:33,813 INFO SendInput scan=0x39 down=False accepted=1 error=0 target_pid=8252
2026-09-18 06:14:33,875 INFO SendInput scan=0x2A down=True accepted=1 error=0 target_pid=8252
2026-09-18 06:14:33,969 INFO Tracking camera_fps=33.2 inference_fps=35.5 model_ms=31.0 age_ms=31.0 hands=1 pose=True mode=Swing
2026-09-18 06:14:35,254 INFO SendInput scan=0x39 down=True accepted=1 error=0 target_pid=8252
2026-09-18 06:14:35,365 INFO SendInput scan=0x39 down=False accepted=1 error=0 target_pid=8252
2026-09-18 06:14:35,365 INFO SendInput scan=0x2A down=False accepted=1 error=0 target_pid=8252
2026-09-18 06:14:36,106 INFO Mouse button=left down=True accepted=1
2026-09-18 06:14:36,219 INFO Mouse button=left down=False accepted=1
2026-09-18 06:14:36,484 INFO Mouse button=left down=True accepted=1
2026-09-18 06:14:36,596 INFO Mouse button=left down=False accepted=1
2026-09-18 06:14:36,799 INFO SendInput scan=0x39 down=True accepted=1 error=0 target_pid=8252
2026-09-18 06:14:36,910 INFO SendInput scan=0x39 down=False accepted=1 error=0 target_pid=8252
2026-09-18 06:14:36,974 INFO SendInput scan=0x2A down=True accepted=1 error=0 target_pid=8252
2026-09-18 06:14:36,997 INFO Tracking camera_fps=32.5 inference_fps=35.7 model_ms=31.0 age_ms=31.0 hands=2 pose=True mode=Swing
2026-09-18 06:14:37,889 INFO SendInput scan=0x2A down=False accepted=1 error=0 target_pid=8252
2026-09-18 06:14:38,469 INFO SendInput scan=0x39 down=True accepted=1 error=0 target_pid=8252
2026-09-18 06:14:38,578 INFO SendInput scan=0x39 down=False accepted=1 error=0 target_pid=8252
2026-09-18 06:14:38,640 INFO SendInput scan=0x2A down=True accepted=1 error=0 target_pid=8252
2026-09-18 06:14:39,809 INFO SendInput scan=0x2A down=False accepted=1 error=0 target_pid=8252
2026-09-18 06:14:39,968 INFO SendInput scan=0x39 down=True accepted=1 error=0 target_pid=8252
2026-09-18 06:14:40,020 INFO Tracking camera_fps=34.0 inference_fps=34.7 model_ms=16.0 age_ms=16.0 hands=2 pose=True mode=Swing
2026-09-18 06:14:40,076 INFO SendInput scan=0x39 down=False accepted=1 error=0 target_pid=8252
2026-09-18 06:14:40,138 INFO SendInput scan=0x2A down=True accepted=1 error=0 target_pid=8252
2026-09-18 06:14:40,458 INFO SendInput scan=0x2A down=False accepted=1 error=0 target_pid=8252
2026-09-18 06:14:40,584 INFO SendInput scan=0x39 down=True accepted=1 error=0 target_pid=8252
2026-09-18 06:14:40,695 INFO SendInput scan=0x39 down=False accepted=1 error=0 target_pid=8252
2026-09-18 06:14:40,757 INFO SendInput scan=0x2A down=True accepted=1 error=0 target_pid=8252
2026-09-18 06:14:43,030 INFO Tracking camera_fps=31.7 inference_fps=34.2 model_ms=16.0 age_ms=32.0 hands=2 pose=True mode=Swing
2026-09-18 06:14:43,463 INFO SendInput scan=0x2A down=False accepted=1 error=0 target_pid=8252
2026-09-18 06:14:44,990 INFO SendInput scan=0x39 down=True accepted=1 error=0 target_pid=8252
2026-09-18 06:14:45,100 INFO SendInput scan=0x39 down=False accepted=1 error=0 target_pid=8252
2026-09-18 06:14:45,161 INFO SendInput scan=0x2A down=True accepted=1 error=0 target_pid=8252
2026-09-18 06:14:46,063 INFO Tracking camera_fps=31.0 inference_fps=32.6 model_ms=16.0 age_ms=31.0 hands=2 pose=True mode=Swing
2026-09-18 06:14:48,927 INFO SendInput scan=0x39 down=True accepted=1 error=0 target_pid=8252
2026-09-18 06:14:49,037 INFO SendInput scan=0x39 down=False accepted=1 error=0 target_pid=8252
2026-09-18 06:14:49,037 INFO SendInput scan=0x2A down=False accepted=1 error=0 target_pid=8252
2026-09-18 06:14:49,079 INFO Tracking camera_fps=32.4 inference_fps=34.5 model_ms=16.0 age_ms=32.0 hands=2 pose=True mode=Serbest
2026-09-18 06:14:49,558 INFO SendInput scan=0x39 down=True accepted=1 error=0 target_pid=8252
2026-09-18 06:14:49,641 INFO SendInput scan=0x39 down=False accepted=1 error=0 target_pid=8252
2026-09-18 06:14:50,422 INFO SendInput scan=0x39 down=True accepted=1 error=0 target_pid=8252
2026-09-18 06:14:50,530 INFO SendInput scan=0x39 down=False accepted=1 error=0 target_pid=8252
2026-09-18 06:14:50,592 INFO SendInput scan=0x2A down=True accepted=1 error=0 target_pid=8252
2026-09-18 06:14:52,094 INFO Tracking camera_fps=31.8 inference_fps=32.8 model_ms=15.0 age_ms=47.0 hands=1 pose=True mode=Swing
2026-09-18 06:14:53,653 INFO SendInput scan=0x39 down=True accepted=1 error=0 target_pid=8252
2026-09-18 06:14:53,765 INFO SendInput scan=0x39 down=False accepted=1 error=0 target_pid=8252
2026-09-18 06:14:53,766 INFO SendInput scan=0x2A down=False accepted=1 error=0 target_pid=8252
2026-09-18 06:14:54,299 INFO Mouse button=right down=True accepted=1
2026-09-18 06:14:54,723 INFO Mouse button=right down=False accepted=1
2026-09-18 06:14:54,914 INFO SendInput scan=0x39 down=True accepted=1 error=0 target_pid=8252
2026-09-18 06:14:55,023 INFO SendInput scan=0x39 down=False accepted=1 error=0 target_pid=8252
2026-09-18 06:14:55,087 INFO SendInput scan=0x2A down=True accepted=1 error=0 target_pid=8252
2026-09-18 06:14:55,104 INFO Tracking camera_fps=32.5 inference_fps=31.1 model_ms=15.0 age_ms=63.0 hands=1 pose=True mode=Swing
2026-09-18 06:14:58,018 INFO SendInput scan=0x39 down=True accepted=1 error=0 target_pid=8252
2026-09-18 06:14:58,129 INFO SendInput scan=0x39 down=False accepted=1 error=0 target_pid=8252
2026-09-18 06:14:58,129 INFO SendInput scan=0x2A down=False accepted=1 error=0 target_pid=8252
2026-09-18 06:14:58,135 INFO Tracking camera_fps=34.3 inference_fps=33.9 model_ms=15.0 age_ms=15.0 hands=2 pose=True mode=Serbest
2026-09-18 06:14:59,026 INFO SendInput scan=0x1E down=True accepted=1 error=0 target_pid=8252
2026-09-18 06:14:59,278 INFO SendInput scan=0x1E down=False accepted=1 error=0 target_pid=8252
2026-09-18 06:14:59,611 INFO SendInput scan=0x39 down=True accepted=1 error=0 target_pid=8252
2026-09-18 06:14:59,721 INFO SendInput scan=0x39 down=False accepted=1 error=0 target_pid=8252
2026-09-18 06:14:59,784 INFO SendInput scan=0x2A down=True accepted=1 error=0 target_pid=8252
2026-09-18 06:15:01,161 INFO Tracking camera_fps=34.0 inference_fps=31.0 model_ms=32.0 age_ms=63.0 hands=1 pose=True mode=Swing
2026-09-18 06:15:01,844 INFO SendInput scan=0x39 down=True accepted=1 error=0 target_pid=8252
2026-09-18 06:15:01,952 INFO SendInput scan=0x39 down=False accepted=1 error=0 target_pid=8252
2026-09-18 06:15:01,953 INFO SendInput scan=0x2A down=False accepted=1 error=0 target_pid=8252
2026-09-18 06:15:02,551 INFO SendInput scan=0x1F down=True accepted=1 error=0 target_pid=8252
2026-09-18 06:15:02,692 INFO SendInput scan=0x1F down=False accepted=1 error=0 target_pid=8252
2026-09-18 06:15:02,832 INFO SendInput scan=0x39 down=True accepted=1 error=0 target_pid=8252
2026-09-18 06:15:02,911 INFO SendInput scan=0x39 down=False accepted=1 error=0 target_pid=8252
2026-09-18 06:15:02,958 INFO SendInput scan=0x39 down=True accepted=1 error=0 target_pid=8252
2026-09-18 06:15:03,066 INFO SendInput scan=0x39 down=False accepted=1 error=0 target_pid=8252
2026-09-18 06:15:03,129 INFO SendInput scan=0x2A down=True accepted=1 error=0 target_pid=8252
2026-09-18 06:15:04,172 INFO Tracking camera_fps=31.6 inference_fps=34.6 model_ms=31.0 age_ms=31.0 hands=1 pose=True mode=Swing
2026-09-18 06:15:05,553 INFO SendInput scan=0x39 down=True accepted=1 error=0 target_pid=8252
2026-09-18 06:15:05,664 INFO SendInput scan=0x39 down=False accepted=1 error=0 target_pid=8252
2026-09-18 06:15:05,664 INFO SendInput scan=0x2A down=False accepted=1 error=0 target_pid=8252
2026-09-18 06:15:06,372 INFO SendInput scan=0x1E down=True accepted=1 error=0 target_pid=8252
2026-09-18 06:15:06,374 INFO SendInput scan=0x11 down=True accepted=1 error=0 target_pid=8252
2026-09-18 06:15:06,450 INFO SendInput scan=0x1E down=False accepted=1 error=0 target_pid=8252
2026-09-18 06:15:06,452 INFO SendInput scan=0x11 down=False accepted=1 error=0 target_pid=8252
2026-09-18 06:15:06,703 INFO SendInput scan=0x1F down=True accepted=1 error=0 target_pid=8252
2026-09-18 06:15:06,812 INFO SendInput scan=0x1F down=False accepted=1 error=0 target_pid=8252
2026-09-18 06:15:07,111 INFO SendInput scan=0x1F down=True accepted=1 error=0 target_pid=8252
2026-09-18 06:15:07,203 INFO Tracking camera_fps=33.3 inference_fps=34.1 model_ms=32.0 age_ms=32.0 hands=1 pose=True mode=Serbest
2026-09-18 06:15:07,283 INFO SendInput scan=0x39 down=True accepted=1 error=0 target_pid=8252
2026-09-18 06:15:07,283 INFO SendInput scan=0x1F down=False accepted=1 error=0 target_pid=8252
2026-09-18 06:15:07,361 INFO SendInput scan=0x39 down=False accepted=1 error=0 target_pid=8252
2026-09-18 06:15:07,428 INFO SendInput scan=0x11 down=True accepted=1 error=0 target_pid=8252
2026-09-18 06:15:07,457 INFO SendInput scan=0x20 down=True accepted=1 error=0 target_pid=8252
2026-09-18 06:15:07,710 INFO SendInput scan=0x20 down=False accepted=1 error=0 target_pid=8252
2026-09-18 06:15:07,711 INFO SendInput scan=0x11 down=False accepted=1 error=0 target_pid=8252
2026-09-18 06:15:07,961 INFO SendInput scan=0x20 down=True accepted=1 error=0 target_pid=8252
2026-09-18 06:15:08,008 INFO SendInput scan=0x20 down=False accepted=1 error=0 target_pid=8252
2026-09-18 06:15:08,196 INFO SendInput scan=0x20 down=True accepted=1 error=0 target_pid=8252
2026-09-18 06:15:08,196 INFO SendInput scan=0x1F down=True accepted=1 error=0 target_pid=8252
2026-09-18 06:15:08,243 INFO SendInput scan=0x20 down=False accepted=1 error=0 target_pid=8252
2026-09-18 06:15:08,243 INFO SendInput scan=0x1F down=False accepted=1 error=0 target_pid=8252
2026-09-18 06:15:09,094 INFO SendInput scan=0x39 down=True accepted=1 error=0 target_pid=8252
2026-09-18 06:15:09,204 INFO SendInput scan=0x39 down=False accepted=1 error=0 target_pid=8252
2026-09-18 06:15:09,268 INFO SendInput scan=0x2A down=True accepted=1 error=0 target_pid=8252
2026-09-18 06:15:09,299 INFO SendInput scan=0x2A down=False accepted=1 error=0 target_pid=8252
2026-09-18 06:15:09,410 INFO SendInput scan=0x1F down=True accepted=1 error=0 target_pid=8252
2026-09-18 06:15:09,441 INFO SendInput scan=0x1E down=True accepted=1 error=0 target_pid=8252
2026-09-18 06:15:09,475 INFO SendInput scan=0x1E down=False accepted=1 error=0 target_pid=8252
2026-09-18 06:15:09,475 INFO SendInput scan=0x1F down=False accepted=1 error=0 target_pid=8252
2026-09-18 06:15:09,709 INFO Mouse button=left down=True accepted=1
2026-09-18 06:15:09,821 INFO Mouse button=left down=False accepted=1
2026-09-18 06:15:10,229 INFO Tracking camera_fps=31.0 inference_fps=32.6 model_ms=15.0 age_ms=31.0 hands=2 pose=True mode=Serbest
2026-09-18 06:15:10,277 INFO SendInput scan=0x1E down=True accepted=1 error=0 target_pid=8252
2026-09-18 06:15:10,292 INFO SendInput scan=0x1E down=False accepted=1 error=0 target_pid=8252
2026-09-18 06:15:10,496 INFO SendInput scan=0x1E down=True accepted=1 error=0 target_pid=8252
2026-09-18 06:15:10,498 INFO SendInput scan=0x11 down=True accepted=1 error=0 target_pid=8252
2026-09-18 06:15:10,543 INFO SendInput scan=0x1E down=False accepted=1 error=0 target_pid=8252
2026-09-18 06:15:10,544 INFO SendInput scan=0x11 down=False accepted=1 error=0 target_pid=8252
2026-09-18 06:15:10,761 INFO SendInput scan=0x39 down=True accepted=1 error=0 target_pid=8252
2026-09-18 06:15:10,873 INFO SendInput scan=0x39 down=False accepted=1 error=0 target_pid=8252
2026-09-18 06:15:10,936 INFO SendInput scan=0x2A down=True accepted=1 error=0 target_pid=8252
2026-09-18 06:15:12,526 INFO SendInput scan=0x2A down=False accepted=1 error=0 target_pid=8252
2026-09-18 06:15:12,656 INFO SendInput scan=0x20 down=True accepted=1 error=0 target_pid=8252
2026-09-18 06:15:12,657 INFO SendInput scan=0x11 down=True accepted=1 error=0 target_pid=8252
2026-09-18 06:15:12,825 INFO SendInput scan=0x20 down=False accepted=1 error=0 target_pid=8252
2026-09-18 06:15:12,825 INFO SendInput scan=0x11 down=False accepted=1 error=0 target_pid=8252
2026-09-18 06:15:13,126 INFO Mouse button=left down=True accepted=1
2026-09-18 06:15:13,237 INFO Mouse button=left down=False accepted=1
2026-09-18 06:15:13,247 INFO Tracking camera_fps=30.2 inference_fps=30.3 model_ms=31.0 age_ms=46.0 hands=2 pose=True mode=Swing
2026-09-18 06:15:13,254 INFO SendInput scan=0x39 down=True accepted=1 error=0 target_pid=8252
2026-09-18 06:15:13,362 INFO SendInput scan=0x39 down=False accepted=1 error=0 target_pid=8252
2026-09-18 06:15:13,425 INFO SendInput scan=0x2A down=True accepted=1 error=0 target_pid=8252
2026-09-18 06:15:13,726 INFO SendInput scan=0x2A down=False accepted=1 error=0 target_pid=8252
2026-09-18 06:15:13,774 INFO SendInput scan=0x39 down=True accepted=1 error=0 target_pid=8252
2026-09-18 06:15:13,804 INFO SendInput scan=0x39 down=False accepted=1 error=0 target_pid=8252
2026-09-18 06:15:14,293 INFO SendInput scan=0x39 down=True accepted=1 error=0 target_pid=8252
2026-09-18 06:15:14,402 INFO SendInput scan=0x39 down=False accepted=1 error=0 target_pid=8252
2026-09-18 06:15:14,465 INFO SendInput scan=0x2A down=True accepted=1 error=0 target_pid=8252
2026-09-18 06:15:16,262 INFO Tracking camera_fps=31.7 inference_fps=27.4 model_ms=31.0 age_ms=78.0 hands=1 pose=True mode=Swing
2026-09-18 06:15:16,601 INFO SendInput scan=0x39 down=True accepted=1 error=0 target_pid=8252
2026-09-18 06:15:16,711 INFO SendInput scan=0x39 down=False accepted=1 error=0 target_pid=8252
2026-09-18 06:15:16,711 INFO SendInput scan=0x2A down=False accepted=1 error=0 target_pid=8252
2026-09-18 06:15:17,057 INFO SendInput scan=0x1E down=True accepted=1 error=0 target_pid=8252
2026-09-18 06:15:17,465 INFO SendInput scan=0x1E down=False accepted=1 error=0 target_pid=8252
2026-09-18 06:15:17,577 INFO SendInput scan=0x39 down=True accepted=1 error=0 target_pid=8252
2026-09-18 06:15:17,685 INFO SendInput scan=0x39 down=False accepted=1 error=0 target_pid=8252
2026-09-18 06:15:17,748 INFO SendInput scan=0x2A down=True accepted=1 error=0 target_pid=8252
2026-09-18 06:15:19,312 INFO Tracking camera_fps=34.0 inference_fps=28.7 model_ms=31.0 age_ms=63.0 hands=1 pose=True mode=Swing
2026-09-18 06:15:20,660 INFO SendInput scan=0x39 down=True accepted=1 error=0 target_pid=8252
2026-09-18 06:15:20,770 INFO SendInput scan=0x39 down=False accepted=1 error=0 target_pid=8252
2026-09-18 06:15:20,771 INFO SendInput scan=0x2A down=False accepted=1 error=0 target_pid=8252
2026-09-18 06:15:21,225 INFO SendInput scan=0x1F down=True accepted=1 error=0 target_pid=8252
2026-09-18 06:15:21,635 INFO SendInput scan=0x1F down=False accepted=1 error=0 target_pid=8252
2026-09-18 06:15:21,950 INFO SendInput scan=0x39 down=True accepted=1 error=0 target_pid=8252
2026-09-18 06:15:22,060 INFO SendInput scan=0x39 down=False accepted=1 error=0 target_pid=8252
2026-09-18 06:15:22,125 INFO SendInput scan=0x39 down=True accepted=1 error=0 target_pid=8252
2026-09-18 06:15:22,232 INFO SendInput scan=0x39 down=False accepted=1 error=0 target_pid=8252
2026-09-18 06:15:22,296 INFO SendInput scan=0x2A down=True accepted=1 error=0 target_pid=8252
2026-09-18 06:15:22,333 INFO Tracking camera_fps=32.6 inference_fps=30.3 model_ms=32.0 age_ms=47.0 hands=1 pose=True mode=Swing
2026-09-18 06:15:23,268 INFO SendInput scan=0x2A down=False accepted=1 error=0 target_pid=8252
2026-09-18 06:15:24,373 INFO SendInput scan=0x39 down=True accepted=1 error=0 target_pid=8252
2026-09-18 06:15:24,401 INFO SendInput scan=0x1E down=True accepted=1 error=0 target_pid=8252
2026-09-18 06:15:24,449 INFO SendInput scan=0x39 down=False accepted=1 error=0 target_pid=8252
2026-09-18 06:15:24,464 INFO SendInput scan=0x1E down=False accepted=1 error=0 target_pid=8252
2026-09-18 06:15:24,840 INFO SendInput scan=0x11 down=True accepted=1 error=0 target_pid=8252
2026-09-18 06:15:24,920 INFO SendInput scan=0x11 down=False accepted=1 error=0 target_pid=8252
2026-09-18 06:15:25,341 INFO Tracking camera_fps=36.0 inference_fps=33.8 model_ms=31.0 age_ms=31.0 hands=2 pose=True mode=Serbest
2026-09-18 06:15:28,365 INFO Tracking camera_fps=30.8 inference_fps=38.6 model_ms=16.0 age_ms=16.0 hands=2 pose=True mode=Serbest
2026-09-18 06:15:28,510 INFO SendInput scan=0x11 down=True accepted=1 error=0 target_pid=8252
2026-09-18 06:15:28,542 INFO SendInput scan=0x11 down=False accepted=1 error=0 target_pid=8252
2026-09-18 06:15:28,621 INFO SendInput scan=0x11 down=True accepted=1 error=0 target_pid=8252
2026-09-18 06:15:28,637 INFO SendInput scan=0x11 down=False accepted=1 error=0 target_pid=8252
2026-09-18 06:15:28,715 INFO SendInput scan=0x11 down=True accepted=1 error=0 target_pid=8252
2026-09-18 06:15:28,793 INFO SendInput scan=0x11 down=False accepted=1 error=0 target_pid=8252
2026-09-18 06:15:29,012 INFO Mouse button=left down=True accepted=1
2026-09-18 06:15:29,123 INFO Mouse button=left down=False accepted=1
2026-09-18 06:15:29,342 INFO Mouse button=left down=True accepted=1
2026-09-18 06:15:29,454 INFO Mouse button=left down=False accepted=1
2026-09-18 06:15:29,798 INFO SendInput scan=0x1E down=True accepted=1 error=0 target_pid=8252
2026-09-18 06:15:29,846 INFO SendInput scan=0x11 down=True accepted=1 error=0 target_pid=8252
2026-09-18 06:15:29,972 INFO SendInput scan=0x1E down=False accepted=1 error=0 target_pid=8252
2026-09-18 06:15:29,972 INFO SendInput scan=0x11 down=False accepted=1 error=0 target_pid=8252
2026-09-18 06:15:30,363 INFO SendInput scan=0x39 down=True accepted=1 error=0 target_pid=8252
2026-09-18 06:15:30,472 INFO SendInput scan=0x39 down=False accepted=1 error=0 target_pid=8252
2026-09-18 06:15:30,535 INFO SendInput scan=0x2A down=True accepted=1 error=0 target_pid=8252
2026-09-18 06:15:30,724 INFO SendInput scan=0x2A down=False accepted=1 error=0 target_pid=8252
2026-09-18 06:15:30,959 INFO SendInput scan=0x1E down=True accepted=1 error=0 target_pid=8252
2026-09-18 06:15:31,006 INFO SendInput scan=0x1E down=False accepted=1 error=0 target_pid=8252
2026-09-18 06:15:31,374 INFO Tracking camera_fps=31.3 inference_fps=37.4 model_ms=15.0 age_ms=31.0 hands=2 pose=True mode=Serbest
2026-09-18 06:15:32,376 INFO SendInput scan=0x1E down=True accepted=1 error=0 target_pid=8252
2026-09-18 06:15:32,439 INFO SendInput scan=0x1E down=False accepted=1 error=0 target_pid=8252
2026-09-18 06:15:32,518 INFO SendInput scan=0x1E down=True accepted=1 error=0 target_pid=8252
2026-09-18 06:15:32,580 INFO SendInput scan=0x1F down=True accepted=1 error=0 target_pid=8252
2026-09-18 06:15:32,755 INFO SendInput scan=0x1E down=False accepted=1 error=0 target_pid=8252
2026-09-18 06:15:32,925 INFO SendInput scan=0x1F down=False accepted=1 error=0 target_pid=8252
2026-09-18 06:15:33,521 INFO SendInput scan=0x39 down=True accepted=1 error=0 target_pid=8252
2026-09-18 06:15:33,598 INFO SendInput scan=0x39 down=False accepted=1 error=0 target_pid=8252
2026-09-18 06:15:34,130 INFO Mouse button=left down=True accepted=1
2026-09-18 06:15:34,241 INFO Mouse button=left down=False accepted=1
2026-09-18 06:15:34,413 INFO Tracking camera_fps=31.6 inference_fps=31.7 model_ms=16.0 age_ms=32.0 hands=2 pose=True mode=Serbest
2026-09-18 06:15:34,477 INFO Mouse button=right down=True accepted=1
2026-09-18 06:15:35,924 INFO SendInput scan=0x12 down=True accepted=1 error=0 target_pid=8252
2026-09-18 06:15:36,001 INFO SendInput scan=0x12 down=False accepted=1 error=0 target_pid=8252
2026-09-18 06:15:36,081 INFO SendInput scan=0x12 down=True accepted=1 error=0 target_pid=8252
2026-09-18 06:15:36,159 INFO SendInput scan=0x12 down=False accepted=1 error=0 target_pid=8252
2026-09-18 06:15:37,440 INFO Tracking camera_fps=32.4 inference_fps=36.0 model_ms=31.0 age_ms=47.0 hands=1 pose=True mode=Nişan
2026-09-18 06:15:37,649 INFO SendInput scan=0x12 down=True accepted=1 error=0 target_pid=8252
2026-09-18 06:15:37,727 INFO SendInput scan=0x12 down=False accepted=1 error=0 target_pid=8252
2026-09-18 06:15:37,727 INFO Mouse button=right down=False accepted=1
2026-09-18 06:15:37,806 INFO SendInput scan=0x12 down=True accepted=1 error=0 target_pid=8252
2026-09-18 06:15:37,884 INFO SendInput scan=0x12 down=False accepted=1 error=0 target_pid=8252
2026-09-18 06:15:37,947 INFO SendInput scan=0x39 down=True accepted=1 error=0 target_pid=8252
2026-09-18 06:15:38,041 INFO SendInput scan=0x39 down=False accepted=1 error=0 target_pid=8252
2026-09-18 06:15:38,104 INFO SendInput scan=0x2A down=True accepted=1 error=0 target_pid=8252
2026-09-18 06:15:38,309 INFO SendInput scan=0x2A down=False accepted=1 error=0 target_pid=8252
2026-09-18 06:15:38,342 INFO SendInput scan=0x39 down=True accepted=1 error=0 target_pid=8252
2026-09-18 06:15:38,450 INFO SendInput scan=0x39 down=False accepted=1 error=0 target_pid=8252
2026-09-18 06:15:38,512 INFO SendInput scan=0x2A down=True accepted=1 error=0 target_pid=8252
2026-09-18 06:15:39,488 INFO SendInput scan=0x2A down=False accepted=1 error=0 target_pid=8252
2026-09-18 06:15:39,599 INFO SendInput scan=0x1E down=True accepted=1 error=0 target_pid=8252
2026-09-18 06:15:39,630 INFO SendInput scan=0x1E down=False accepted=1 error=0 target_pid=8252
2026-09-18 06:15:40,339 INFO SendInput scan=0x39 down=True accepted=1 error=0 target_pid=8252
2026-09-18 06:15:40,431 INFO SendInput scan=0x39 down=False accepted=1 error=0 target_pid=8252
2026-09-18 06:15:40,463 INFO Tracking camera_fps=32.6 inference_fps=35.1 model_ms=16.0 age_ms=32.0 hands=2 pose=True mode=Serbest
2026-09-18 06:15:41,521 INFO SendInput scan=0x39 down=True accepted=1 error=0 target_pid=8252
2026-09-18 06:15:41,628 INFO SendInput scan=0x39 down=False accepted=1 error=0 target_pid=8252
2026-09-18 06:15:41,691 INFO SendInput scan=0x2A down=True accepted=1 error=0 target_pid=8252
2026-09-18 06:15:42,966 INFO SendInput scan=0x2A down=False accepted=1 error=0 target_pid=8252
2026-09-18 06:15:43,108 INFO SendInput scan=0x1E down=True accepted=1 error=0 target_pid=8252
2026-09-18 06:15:43,172 INFO SendInput scan=0x1F down=True accepted=1 error=0 target_pid=8252
2026-09-18 06:15:43,406 INFO SendInput scan=0x1E down=False accepted=1 error=0 target_pid=8252
2026-09-18 06:15:43,407 INFO SendInput scan=0x1F down=False accepted=1 error=0 target_pid=8252
2026-09-18 06:15:43,493 INFO Tracking camera_fps=33.7 inference_fps=31.5 model_ms=31.0 age_ms=47.0 hands=2 pose=True mode=Serbest
2026-09-18 06:15:43,564 INFO SendInput scan=0x39 down=True accepted=1 error=0 target_pid=8252
2026-09-18 06:15:43,675 INFO SendInput scan=0x39 down=False accepted=1 error=0 target_pid=8252
2026-09-18 06:15:43,736 INFO SendInput scan=0x2A down=True accepted=1 error=0 target_pid=8252
2026-09-18 06:15:46,109 INFO SendInput scan=0x39 down=True accepted=1 error=0 target_pid=8252
2026-09-18 06:15:46,223 INFO SendInput scan=0x39 down=False accepted=1 error=0 target_pid=8252
2026-09-18 06:15:46,224 INFO SendInput scan=0x2A down=False accepted=1 error=0 target_pid=8252
2026-09-18 06:15:46,495 INFO Tracking camera_fps=35.1 inference_fps=32.1 model_ms=16.0 age_ms=31.0 hands=2 pose=True mode=Serbest
2026-09-18 06:15:46,626 INFO SendInput scan=0x39 down=True accepted=1 error=0 target_pid=8252
2026-09-18 06:15:46,737 INFO SendInput scan=0x39 down=False accepted=1 error=0 target_pid=8252
2026-09-18 06:15:46,799 INFO SendInput scan=0x2A down=True accepted=1 error=0 target_pid=8252
2026-09-18 06:15:49,463 INFO SendInput scan=0x39 down=True accepted=1 error=0 target_pid=8252
2026-09-18 06:15:49,531 INFO Tracking camera_fps=32.0 inference_fps=33.6 model_ms=16.0 age_ms=47.0 hands=2 pose=True mode=Serbest
2026-09-18 06:15:49,570 INFO SendInput scan=0x39 down=False accepted=1 error=0 target_pid=8252
2026-09-18 06:15:49,572 INFO SendInput scan=0x2A down=False accepted=1 error=0 target_pid=8252
2026-09-18 06:15:50,463 INFO SendInput scan=0x39 down=True accepted=1 error=0 target_pid=8252
2026-09-18 06:15:50,558 INFO SendInput scan=0x39 down=False accepted=1 error=0 target_pid=8252
2026-09-18 06:15:50,621 INFO SendInput scan=0x2A down=True accepted=1 error=0 target_pid=8252
2026-09-18 06:15:52,560 INFO Tracking camera_fps=34.1 inference_fps=32.2 model_ms=31.0 age_ms=31.0 hands=2 pose=True mode=Swing
2026-09-18 06:15:52,773 INFO SendInput scan=0x2A down=False accepted=1 error=0 target_pid=8252
2026-09-18 06:15:53,162 INFO SendInput scan=0x39 down=True accepted=1 error=0 target_pid=8252
2026-09-18 06:15:53,272 INFO SendInput scan=0x39 down=False accepted=1 error=0 target_pid=8252
2026-09-18 06:15:53,335 INFO SendInput scan=0x2A down=True accepted=1 error=0 target_pid=8252
2026-09-18 06:15:54,251 INFO SendInput scan=0x39 down=True accepted=1 error=0 target_pid=8252
2026-09-18 06:15:54,362 INFO SendInput scan=0x39 down=False accepted=1 error=0 target_pid=8252
2026-09-18 06:15:54,362 INFO SendInput scan=0x2A down=False accepted=1 error=0 target_pid=8252
2026-09-18 06:15:54,787 INFO SendInput scan=0x39 down=True accepted=1 error=0 target_pid=8252
2026-09-18 06:15:54,896 INFO SendInput scan=0x39 down=False accepted=1 error=0 target_pid=8252
2026-09-18 06:15:54,959 INFO SendInput scan=0x2A down=True accepted=1 error=0 target_pid=8252
2026-09-18 06:15:55,581 INFO Tracking camera_fps=32.7 inference_fps=34.3 model_ms=16.0 age_ms=32.0 hands=2 pose=True mode=Swing
2026-09-18 06:15:55,791 INFO SendInput scan=0x39 down=True accepted=1 error=0 target_pid=8252
2026-09-18 06:15:55,886 INFO SendInput scan=0x39 down=False accepted=1 error=0 target_pid=8252
2026-09-18 06:15:55,886 INFO SendInput scan=0x2A down=False accepted=1 error=0 target_pid=8252
2026-09-18 06:15:56,829 INFO SendInput scan=0x39 down=True accepted=1 error=0 target_pid=8252
2026-09-18 06:15:56,908 INFO SendInput scan=0x39 down=False accepted=1 error=0 target_pid=8252
2026-09-18 06:15:56,908 INFO SendInput scan=0x39 down=True accepted=1 error=0 target_pid=8252
2026-09-18 06:15:57,021 INFO SendInput scan=0x39 down=False accepted=1 error=0 target_pid=8252
2026-09-18 06:15:57,083 INFO SendInput scan=0x2A down=True accepted=1 error=0 target_pid=8252
2026-09-18 06:15:57,791 INFO SendInput scan=0x2A down=False accepted=1 error=0 target_pid=8252
2026-09-18 06:15:57,853 INFO SendInput scan=0x1F down=True accepted=1 error=0 target_pid=8252
2026-09-18 06:15:57,948 INFO SendInput scan=0x1F down=False accepted=1 error=0 target_pid=8252
2026-09-18 06:15:58,387 INFO SendInput scan=0x39 down=True accepted=1 error=0 target_pid=8252
2026-09-18 06:15:58,497 INFO SendInput scan=0x39 down=False accepted=1 error=0 target_pid=8252
2026-09-18 06:15:58,560 INFO SendInput scan=0x2A down=True accepted=1 error=0 target_pid=8252
2026-09-18 06:15:58,618 INFO Tracking camera_fps=33.2 inference_fps=34.3 model_ms=16.0 age_ms=31.0 hands=2 pose=True mode=Swing
2026-09-18 06:15:59,227 INFO SendInput scan=0x2A down=False accepted=1 error=0 target_pid=8252
2026-09-18 06:16:00,247 INFO SendInput scan=0x20 down=True accepted=1 error=0 target_pid=8252
2026-09-18 06:16:00,247 INFO SendInput scan=0x11 down=True accepted=1 error=0 target_pid=8252
2026-09-18 06:16:00,279 INFO SendInput scan=0x39 down=True accepted=1 error=0 target_pid=8252
2026-09-18 06:16:00,280 INFO SendInput scan=0x20 down=False accepted=1 error=0 target_pid=8252
2026-09-18 06:16:00,310 INFO SendInput scan=0x11 down=False accepted=1 error=0 target_pid=8252
2026-09-18 06:16:00,357 INFO SendInput scan=0x39 down=False accepted=1 error=0 target_pid=8252
2026-09-18 06:16:00,466 INFO SendInput scan=0x11 down=True accepted=1 error=0 target_pid=8252
2026-09-18 06:16:00,496 INFO SendInput scan=0x1E down=True accepted=1 error=0 target_pid=8252
2026-09-18 06:16:00,574 INFO SendInput scan=0x1E down=False accepted=1 error=0 target_pid=8252
2026-09-18 06:16:00,575 INFO SendInput scan=0x11 down=False accepted=1 error=0 target_pid=8252
2026-09-18 06:16:00,608 INFO SendInput scan=0x1F down=True accepted=1 error=0 target_pid=8252
2026-09-18 06:16:00,745 INFO SendInput scan=0x1E down=True accepted=1 error=0 target_pid=8252
2026-09-18 06:16:00,792 INFO SendInput scan=0x1E down=False accepted=1 error=0 target_pid=8252
2026-09-18 06:16:00,793 INFO SendInput scan=0x1F down=False accepted=1 error=0 target_pid=8252
2026-09-18 06:16:00,807 INFO SendInput scan=0x39 down=True accepted=1 error=0 target_pid=8252
2026-09-18 06:16:00,917 INFO SendInput scan=0x39 down=False accepted=1 error=0 target_pid=8252
2026-09-18 06:16:00,981 INFO SendInput scan=0x2A down=True accepted=1 error=0 target_pid=8252
2026-09-18 06:16:01,648 INFO Tracking camera_fps=32.4 inference_fps=34.3 model_ms=16.0 age_ms=31.0 hands=2 pose=True mode=Swing
2026-09-18 06:16:03,647 INFO SendInput scan=0x2A down=False accepted=1 error=0 target_pid=8252
2026-09-18 06:16:04,677 INFO Tracking camera_fps=32.4 inference_fps=34.6 model_ms=15.0 age_ms=31.0 hands=2 pose=True mode=Swing
2026-09-18 06:16:04,684 INFO SendInput scan=0x39 down=True accepted=1 error=0 target_pid=8252
2026-09-18 06:16:04,795 INFO SendInput scan=0x39 down=False accepted=1 error=0 target_pid=8252
2026-09-18 06:16:04,860 INFO SendInput scan=0x2A down=True accepted=1 error=0 target_pid=8252
2026-09-18 06:16:06,134 INFO SendInput scan=0x39 down=True accepted=1 error=0 target_pid=8252
2026-09-18 06:16:06,230 INFO SendInput scan=0x39 down=False accepted=1 error=0 target_pid=8252
2026-09-18 06:16:06,230 INFO SendInput scan=0x2A down=False accepted=1 error=0 target_pid=8252
2026-09-18 06:16:06,810 INFO SendInput scan=0x39 down=True accepted=1 error=0 target_pid=8252
2026-09-18 06:16:06,920 INFO SendInput scan=0x39 down=False accepted=1 error=0 target_pid=8252
2026-09-18 06:16:06,983 INFO SendInput scan=0x2A down=True accepted=1 error=0 target_pid=8252
2026-09-18 06:16:07,698 INFO Tracking camera_fps=35.8 inference_fps=33.6 model_ms=16.0 age_ms=32.0 hands=2 pose=True mode=Swing
2026-09-18 06:16:08,180 INFO SendInput scan=0x2A down=False accepted=1 error=0 target_pid=8252
2026-09-18 06:16:08,589 INFO SendInput scan=0x39 down=True accepted=1 error=0 target_pid=8252
2026-09-18 06:16:08,712 INFO SendInput scan=0x39 down=False accepted=1 error=0 target_pid=8252
2026-09-18 06:16:08,777 INFO SendInput scan=0x2A down=True accepted=1 error=0 target_pid=8252
2026-09-18 06:16:09,763 INFO SendInput scan=0x39 down=True accepted=1 error=0 target_pid=8252
2026-09-18 06:16:09,873 INFO SendInput scan=0x39 down=False accepted=1 error=0 target_pid=8252
2026-09-18 06:16:09,874 INFO SendInput scan=0x2A down=False accepted=1 error=0 target_pid=8252
2026-09-18 06:16:10,157 INFO SendInput scan=0x39 down=True accepted=1 error=0 target_pid=8252
2026-09-18 06:16:10,266 INFO SendInput scan=0x39 down=False accepted=1 error=0 target_pid=8252
2026-09-18 06:16:10,329 INFO SendInput scan=0x2A down=True accepted=1 error=0 target_pid=8252
2026-09-18 06:16:10,714 INFO Tracking camera_fps=34.0 inference_fps=30.0 model_ms=16.0 age_ms=47.0 hands=2 pose=True mode=Swing
2026-09-18 06:16:11,945 INFO SendInput scan=0x39 down=True accepted=1 error=0 target_pid=8252
2026-09-18 06:16:12,056 INFO SendInput scan=0x39 down=False accepted=1 error=0 target_pid=8252
2026-09-18 06:16:12,057 INFO SendInput scan=0x2A down=False accepted=1 error=0 target_pid=8252
2026-09-18 06:16:12,610 INFO SendInput scan=0x39 down=True accepted=1 error=0 target_pid=8252
2026-09-18 06:16:12,714 INFO SendInput scan=0x39 down=False accepted=1 error=0 target_pid=8252
2026-09-18 06:16:12,778 INFO SendInput scan=0x2A down=True accepted=1 error=0 target_pid=8252
2026-09-18 06:16:13,731 INFO Tracking camera_fps=32.2 inference_fps=33.7 model_ms=31.0 age_ms=31.0 hands=2 pose=True mode=Swing
2026-09-18 06:16:15,240 INFO SendInput scan=0x2A down=False accepted=1 error=0 target_pid=8252
2026-09-18 06:16:16,483 INFO SendInput scan=0x39 down=True accepted=1 error=0 target_pid=8252
2026-09-18 06:16:16,592 INFO SendInput scan=0x39 down=False accepted=1 error=0 target_pid=8252
2026-09-18 06:16:16,655 INFO SendInput scan=0x2A down=True accepted=1 error=0 target_pid=8252
2026-09-18 06:16:16,760 INFO Tracking camera_fps=31.3 inference_fps=31.6 model_ms=31.0 age_ms=31.0 hands=2 pose=True mode=Swing
2026-09-18 06:16:17,906 INFO SendInput scan=0x2A down=False accepted=1 error=0 target_pid=8252
2026-09-18 06:16:19,802 INFO Tracking camera_fps=33.8 inference_fps=35.7 model_ms=15.0 age_ms=31.0 hands=2 pose=True mode=Serbest
2026-09-18 06:16:21,226 INFO SendInput scan=0x39 down=True accepted=1 error=0 target_pid=8252
2026-09-18 06:16:21,337 INFO SendInput scan=0x39 down=False accepted=1 error=0 target_pid=8252
2026-09-18 06:16:21,400 INFO SendInput scan=0x2A down=True accepted=1 error=0 target_pid=8252
2026-09-18 06:16:22,820 INFO Tracking camera_fps=31.0 inference_fps=35.1 model_ms=16.0 age_ms=16.0 hands=1 pose=True mode=Swing
2026-09-18 06:16:22,867 INFO SendInput scan=0x2A down=False accepted=1 error=0 target_pid=8252
2026-09-18 06:16:22,977 INFO SendInput scan=0x1E down=True accepted=1 error=0 target_pid=8252
2026-09-18 06:16:23,009 INFO SendInput scan=0x1E down=False accepted=1 error=0 target_pid=8252
2026-09-18 06:16:23,306 INFO SendInput scan=0x39 down=True accepted=1 error=0 target_pid=8252
2026-09-18 06:16:23,401 INFO SendInput scan=0x39 down=False accepted=1 error=0 target_pid=8252
2026-09-18 06:16:23,464 INFO SendInput scan=0x2A down=True accepted=1 error=0 target_pid=8252
2026-09-18 06:16:25,792 INFO SendInput scan=0x39 down=True accepted=1 error=0 target_pid=8252
2026-09-18 06:16:25,852 INFO Tracking camera_fps=31.8 inference_fps=31.2 model_ms=15.0 age_ms=31.0 hands=1 pose=True mode=Serbest
2026-09-18 06:16:25,885 INFO SendInput scan=0x39 down=False accepted=1 error=0 target_pid=8252
2026-09-18 06:16:25,886 INFO SendInput scan=0x2A down=False accepted=1 error=0 target_pid=8252
2026-09-18 06:16:26,467 INFO SendInput scan=0x39 down=True accepted=1 error=0 target_pid=8252
2026-09-18 06:16:26,579 INFO SendInput scan=0x39 down=False accepted=1 error=0 target_pid=8252
2026-09-18 06:16:26,643 INFO SendInput scan=0x2A down=True accepted=1 error=0 target_pid=8252
2026-09-18 06:16:27,966 INFO SendInput scan=0x39 down=True accepted=1 error=0 target_pid=8252
2026-09-18 06:16:28,079 INFO SendInput scan=0x39 down=False accepted=1 error=0 target_pid=8252
2026-09-18 06:16:28,080 INFO SendInput scan=0x2A down=False accepted=1 error=0 target_pid=8252
2026-09-18 06:16:28,597 INFO SendInput scan=0x39 down=True accepted=1 error=0 target_pid=8252
2026-09-18 06:16:28,706 INFO SendInput scan=0x39 down=False accepted=1 error=0 target_pid=8252
2026-09-18 06:16:28,771 INFO SendInput scan=0x2A down=True accepted=1 error=0 target_pid=8252
2026-09-18 06:16:28,860 INFO Tracking camera_fps=32.6 inference_fps=34.7 model_ms=31.0 age_ms=47.0 hands=1 pose=True mode=Swing
2026-09-18 06:16:31,290 INFO SendInput scan=0x2A down=False accepted=1 error=0 target_pid=8252
2026-09-18 06:16:31,431 INFO SendInput scan=0x11 down=True accepted=1 error=0 target_pid=8252
2026-09-18 06:16:31,462 INFO SendInput scan=0x1E down=True accepted=1 error=0 target_pid=8252
2026-09-18 06:16:31,496 INFO SendInput scan=0x1E down=False accepted=1 error=0 target_pid=8252
2026-09-18 06:16:31,496 INFO SendInput scan=0x11 down=False accepted=1 error=0 target_pid=8252
2026-09-18 06:16:31,729 INFO Mouse button=left down=True accepted=1
2026-09-18 06:16:31,843 INFO Mouse button=left down=False accepted=1
2026-09-18 06:16:31,881 INFO Tracking camera_fps=31.8 inference_fps=31.7 model_ms=15.0 age_ms=31.0 hands=1 pose=True mode=Serbest
2026-09-18 06:16:32,142 INFO Mouse button=left down=True accepted=1
2026-09-18 06:16:32,251 INFO Mouse button=left down=False accepted=1
2026-09-18 06:16:32,597 INFO SendInput scan=0x39 down=True accepted=1 error=0 target_pid=8252
2026-09-18 06:16:32,707 INFO SendInput scan=0x39 down=False accepted=1 error=0 target_pid=8252
2026-09-18 06:16:32,771 INFO SendInput scan=0x2A down=True accepted=1 error=0 target_pid=8252
2026-09-18 06:16:34,914 INFO Tracking camera_fps=31.2 inference_fps=33.8 model_ms=16.0 age_ms=32.0 hands=1 pose=True mode=Swing
2026-09-18 06:16:35,630 INFO SendInput scan=0x39 down=True accepted=1 error=0 target_pid=8252
2026-09-18 06:16:35,734 INFO SendInput scan=0x39 down=False accepted=1 error=0 target_pid=8252
2026-09-18 06:16:35,734 INFO SendInput scan=0x2A down=False accepted=1 error=0 target_pid=8252
2026-09-18 06:16:36,580 INFO SendInput scan=0x39 down=True accepted=1 error=0 target_pid=8252
2026-09-18 06:16:36,691 INFO SendInput scan=0x39 down=False accepted=1 error=0 target_pid=8252
2026-09-18 06:16:36,753 INFO SendInput scan=0x2A down=True accepted=1 error=0 target_pid=8252
2026-09-18 06:16:37,946 INFO Tracking camera_fps=32.7 inference_fps=33.6 model_ms=16.0 age_ms=31.0 hands=1 pose=True mode=Swing
2026-09-18 06:16:39,550 INFO SendInput scan=0x39 down=True accepted=1 error=0 target_pid=8252
2026-09-18 06:16:39,661 INFO SendInput scan=0x39 down=False accepted=1 error=0 target_pid=8252
2026-09-18 06:16:39,661 INFO SendInput scan=0x2A down=False accepted=1 error=0 target_pid=8252
2026-09-18 06:16:40,966 INFO Tracking camera_fps=34.1 inference_fps=31.2 model_ms=31.0 age_ms=31.0 hands=1 pose=True mode=Serbest
2026-09-18 06:16:41,173 INFO SendInput scan=0x39 down=True accepted=1 error=0 target_pid=8252
2026-09-18 06:16:41,282 INFO SendInput scan=0x39 down=False accepted=1 error=0 target_pid=8252
2026-09-18 06:16:41,348 INFO SendInput scan=0x2A down=True accepted=1 error=0 target_pid=8252
2026-09-18 06:16:43,981 INFO Tracking camera_fps=30.5 inference_fps=32.7 model_ms=31.0 age_ms=47.0 hands=1 pose=True mode=Swing
2026-09-18 06:16:44,255 INFO SendInput scan=0x39 down=True accepted=1 error=0 target_pid=8252
2026-09-18 06:16:44,364 INFO SendInput scan=0x39 down=False accepted=1 error=0 target_pid=8252
2026-09-18 06:16:44,364 INFO SendInput scan=0x2A down=False accepted=1 error=0 target_pid=8252
2026-09-18 06:16:44,773 INFO SendInput scan=0x1E down=True accepted=1 error=0 target_pid=8252
2026-09-18 06:16:44,776 INFO SendInput scan=0x1F down=True accepted=1 error=0 target_pid=8252
2026-09-18 06:16:44,821 INFO SendInput scan=0x1E down=False accepted=1 error=0 target_pid=8252
2026-09-18 06:16:44,822 INFO SendInput scan=0x20 down=True accepted=1 error=0 target_pid=8252
2026-09-18 06:16:44,915 INFO SendInput scan=0x20 down=False accepted=1 error=0 target_pid=8252
2026-09-18 06:16:44,915 INFO SendInput scan=0x1F down=False accepted=1 error=0 target_pid=8252
2026-09-18 06:16:44,979 INFO SendInput scan=0x11 down=True accepted=1 error=0 target_pid=8252
2026-09-18 06:16:45,058 INFO SendInput scan=0x11 down=False accepted=1 error=0 target_pid=8252
2026-09-18 06:16:45,216 INFO SendInput scan=0x11 down=True accepted=1 error=0 target_pid=8252
2026-09-18 06:16:45,263 INFO SendInput scan=0x11 down=False accepted=1 error=0 target_pid=8252
2026-09-18 06:16:45,467 INFO SendInput scan=0x39 down=True accepted=1 error=0 target_pid=8252
2026-09-18 06:16:45,577 INFO SendInput scan=0x39 down=False accepted=1 error=0 target_pid=8252
2026-09-18 06:16:45,639 INFO SendInput scan=0x2A down=True accepted=1 error=0 target_pid=8252
2026-09-18 06:16:47,024 INFO Tracking camera_fps=31.6 inference_fps=29.2 model_ms=31.0 age_ms=47.0 hands=1 pose=True mode=Swing
2026-09-18 06:16:48,235 INFO SendInput scan=0x39 down=True accepted=1 error=0 target_pid=8252
2026-09-18 06:16:48,344 INFO SendInput scan=0x39 down=False accepted=1 error=0 target_pid=8252
2026-09-18 06:16:48,346 INFO SendInput scan=0x2A down=False accepted=1 error=0 target_pid=8252
2026-09-18 06:16:49,331 INFO SendInput scan=0x39 down=True accepted=1 error=0 target_pid=8252
2026-09-18 06:16:49,443 INFO SendInput scan=0x39 down=False accepted=1 error=0 target_pid=8252
2026-09-18 06:16:49,504 INFO SendInput scan=0x2A down=True accepted=1 error=0 target_pid=8252
2026-09-18 06:16:50,050 INFO Tracking camera_fps=32.1 inference_fps=29.1 model_ms=31.0 age_ms=62.0 hands=1 pose=True mode=Swing
2026-09-18 06:16:50,874 INFO SendInput scan=0x39 down=True accepted=1 error=0 target_pid=8252
2026-09-18 06:16:50,980 INFO SendInput scan=0x39 down=False accepted=1 error=0 target_pid=8252
2026-09-18 06:16:50,980 INFO SendInput scan=0x2A down=False accepted=1 error=0 target_pid=8252
2026-09-18 06:16:51,373 INFO SendInput scan=0x1E down=True accepted=1 error=0 target_pid=8252
2026-09-18 06:16:51,421 INFO SendInput scan=0x1F down=True accepted=1 error=0 target_pid=8252
2026-09-18 06:16:51,516 INFO SendInput scan=0x1E down=False accepted=1 error=0 target_pid=8252
2026-09-18 06:16:51,518 INFO SendInput scan=0x1F down=False accepted=1 error=0 target_pid=8252
2026-09-18 06:16:51,769 INFO SendInput scan=0x39 down=True accepted=1 error=0 target_pid=8252
2026-09-18 06:16:51,879 INFO SendInput scan=0x39 down=False accepted=1 error=0 target_pid=8252
2026-09-18 06:16:51,943 INFO SendInput scan=0x2A down=True accepted=1 error=0 target_pid=8252
2026-09-18 06:16:53,062 INFO Tracking camera_fps=32.6 inference_fps=34.4 model_ms=16.0 age_ms=47.0 hands=1 pose=True mode=Swing
2026-09-18 06:16:53,446 INFO SendInput scan=0x39 down=True accepted=1 error=0 target_pid=8252
2026-09-18 06:16:53,557 INFO SendInput scan=0x39 down=False accepted=1 error=0 target_pid=8252
2026-09-18 06:16:53,557 INFO SendInput scan=0x2A down=False accepted=1 error=0 target_pid=8252
2026-09-18 06:16:54,138 INFO SendInput scan=0x1E down=True accepted=1 error=0 target_pid=8252
2026-09-18 06:16:54,183 INFO SendInput scan=0x1E down=False accepted=1 error=0 target_pid=8252
2026-09-18 06:16:54,562 INFO SendInput scan=0x39 down=True accepted=1 error=0 target_pid=8252
2026-09-18 06:16:54,672 INFO SendInput scan=0x39 down=False accepted=1 error=0 target_pid=8252
2026-09-18 06:16:54,735 INFO SendInput scan=0x2A down=True accepted=1 error=0 target_pid=8252
2026-09-18 06:16:56,087 INFO Tracking camera_fps=32.3 inference_fps=34.1 model_ms=16.0 age_ms=32.0 hands=1 pose=True mode=Swing
2026-09-18 06:16:56,705 INFO SendInput scan=0x39 down=True accepted=1 error=0 target_pid=8252
2026-09-18 06:16:56,816 INFO SendInput scan=0x39 down=False accepted=1 error=0 target_pid=8252
2026-09-18 06:16:56,816 INFO SendInput scan=0x2A down=False accepted=1 error=0 target_pid=8252
2026-09-18 06:16:57,431 INFO Mouse button=right down=True accepted=1
2026-09-18 06:16:57,588 INFO SendInput scan=0x12 down=True accepted=1 error=0 target_pid=8252
2026-09-18 06:16:57,682 INFO SendInput scan=0x12 down=False accepted=1 error=0 target_pid=8252
2026-09-18 06:16:57,745 INFO SendInput scan=0x39 down=True accepted=1 error=0 target_pid=8252
2026-09-18 06:16:57,747 INFO SendInput scan=0x12 down=True accepted=1 error=0 target_pid=8252
2026-09-18 06:16:57,808 INFO Mouse button=right down=False accepted=1
2026-09-18 06:16:57,824 INFO SendInput scan=0x39 down=False accepted=1 error=0 target_pid=8252
2026-09-18 06:16:57,825 INFO SendInput scan=0x12 down=False accepted=1 error=0 target_pid=8252
2026-09-18 06:16:57,902 INFO SendInput scan=0x12 down=True accepted=1 error=0 target_pid=8252
2026-09-18 06:16:57,981 INFO SendInput scan=0x12 down=False accepted=1 error=0 target_pid=8252
2026-09-18 06:16:57,996 INFO SendInput scan=0x39 down=True accepted=1 error=0 target_pid=8252
2026-09-18 06:16:58,106 INFO SendInput scan=0x39 down=False accepted=1 error=0 target_pid=8252
2026-09-18 06:16:58,172 INFO SendInput scan=0x2A down=True accepted=1 error=0 target_pid=8252
2026-09-18 06:16:59,113 INFO Tracking camera_fps=33.1 inference_fps=33.4 model_ms=16.0 age_ms=31.0 hands=2 pose=True mode=Swing
2026-09-18 06:17:00,983 INFO SendInput scan=0x39 down=True accepted=1 error=0 target_pid=8252
2026-09-18 06:17:01,089 INFO SendInput scan=0x39 down=False accepted=1 error=0 target_pid=8252
2026-09-18 06:17:01,091 INFO SendInput scan=0x2A down=False accepted=1 error=0 target_pid=8252
2026-09-18 06:17:01,511 INFO SendInput scan=0x11 down=True accepted=1 error=0 target_pid=8252
2026-09-18 06:17:01,542 INFO SendInput scan=0x11 down=False accepted=1 error=0 target_pid=8252
2026-09-18 06:17:01,715 INFO SendInput scan=0x1E down=True accepted=1 error=0 target_pid=8252
2026-09-18 06:17:01,715 INFO SendInput scan=0x1F down=True accepted=1 error=0 target_pid=8252
2026-09-18 06:17:01,747 INFO SendInput scan=0x1E down=False accepted=1 error=0 target_pid=8252
2026-09-18 06:17:01,747 INFO SendInput scan=0x1F down=False accepted=1 error=0 target_pid=8252
2026-09-18 06:17:01,999 INFO SendInput scan=0x11 down=True accepted=1 error=0 target_pid=8252
2026-09-18 06:17:02,015 INFO SendInput scan=0x1E down=True accepted=1 error=0 target_pid=8252
2026-09-18 06:17:02,149 INFO Tracking camera_fps=31.2 inference_fps=32.9 model_ms=16.0 age_ms=31.0 hands=1 pose=True mode=Serbest
2026-09-18 06:17:02,504 INFO SendInput scan=0x1E down=False accepted=1 error=0 target_pid=8252
2026-09-18 06:17:02,504 INFO SendInput scan=0x11 down=False accepted=1 error=0 target_pid=8252
2026-09-18 06:17:02,629 INFO SendInput scan=0x39 down=True accepted=1 error=0 target_pid=8252
2026-09-18 06:17:02,739 INFO SendInput scan=0x39 down=False accepted=1 error=0 target_pid=8252
2026-09-18 06:17:02,802 INFO SendInput scan=0x2A down=True accepted=1 error=0 target_pid=8252
2026-09-18 06:17:05,166 INFO Tracking camera_fps=30.5 inference_fps=28.6 model_ms=32.0 age_ms=62.0 hands=1 pose=True mode=Swing
2026-09-18 06:17:05,710 INFO SendInput scan=0x39 down=True accepted=1 error=0 target_pid=8252
2026-09-18 06:17:05,817 INFO SendInput scan=0x39 down=False accepted=1 error=0 target_pid=8252
2026-09-18 06:17:05,817 INFO SendInput scan=0x2A down=False accepted=1 error=0 target_pid=8252
2026-09-18 06:17:06,384 INFO SendInput scan=0x39 down=True accepted=1 error=0 target_pid=8252
2026-09-18 06:17:06,494 INFO SendInput scan=0x39 down=False accepted=1 error=0 target_pid=8252
2026-09-18 06:17:06,557 INFO SendInput scan=0x2A down=True accepted=1 error=0 target_pid=8252
2026-09-18 06:17:08,226 INFO Tracking camera_fps=32.3 inference_fps=29.0 model_ms=31.0 age_ms=47.0 hands=1 pose=True mode=Swing
2026-09-18 06:17:10,378 INFO SendInput scan=0x39 down=True accepted=1 error=0 target_pid=8252
2026-09-18 06:17:10,488 INFO SendInput scan=0x39 down=False accepted=1 error=0 target_pid=8252
2026-09-18 06:17:10,488 INFO SendInput scan=0x2A down=False accepted=1 error=0 target_pid=8252
2026-09-18 06:17:10,821 INFO SendInput scan=0x1F down=True accepted=1 error=0 target_pid=8252
2026-09-18 06:17:11,024 INFO SendInput scan=0x1F down=False accepted=1 error=0 target_pid=8252
2026-09-18 06:17:11,256 INFO Tracking camera_fps=33.5 inference_fps=31.8 model_ms=15.0 age_ms=46.0 hands=1 pose=True mode=Serbest
2026-09-18 06:17:11,829 INFO SendInput scan=0x11 down=True accepted=1 error=0 target_pid=8252
2026-09-18 06:17:11,859 INFO SendInput scan=0x11 down=False accepted=1 error=0 target_pid=8252
2026-09-18 06:17:12,235 INFO SendInput scan=0x39 down=True accepted=1 error=0 target_pid=8252
2026-09-18 06:17:12,346 INFO SendInput scan=0x39 down=False accepted=1 error=0 target_pid=8252
2026-09-18 06:17:12,412 INFO SendInput scan=0x2A down=True accepted=1 error=0 target_pid=8252
2026-09-18 06:17:14,129 INFO SendInput scan=0x39 down=True accepted=1 error=0 target_pid=8252
2026-09-18 06:17:14,236 INFO SendInput scan=0x39 down=False accepted=1 error=0 target_pid=8252
2026-09-18 06:17:14,236 INFO SendInput scan=0x2A down=False accepted=1 error=0 target_pid=8252
2026-09-18 06:17:14,287 INFO Tracking camera_fps=32.6 inference_fps=29.6 model_ms=16.0 age_ms=47.0 hands=1 pose=True mode=Serbest
2026-09-18 06:17:14,929 INFO SendInput scan=0x1E down=True accepted=1 error=0 target_pid=8252
2026-09-18 06:17:14,946 INFO SendInput scan=0x11 down=True accepted=1 error=0 target_pid=8252
2026-09-18 06:17:15,023 INFO SendInput scan=0x1E down=False accepted=1 error=0 target_pid=8252
2026-09-18 06:17:15,024 INFO SendInput scan=0x11 down=False accepted=1 error=0 target_pid=8252
2026-09-18 06:17:15,070 INFO SendInput scan=0x1F down=True accepted=1 error=0 target_pid=8252
2026-09-18 06:17:15,195 INFO SendInput scan=0x39 down=True accepted=1 error=0 target_pid=8252
2026-09-18 06:17:15,195 INFO SendInput scan=0x1E down=True accepted=1 error=0 target_pid=8252
2026-09-18 06:17:15,274 INFO SendInput scan=0x39 down=False accepted=1 error=0 target_pid=8252
2026-09-18 06:17:15,449 INFO SendInput scan=0x39 down=True accepted=1 error=0 target_pid=8252
2026-09-18 06:17:15,449 INFO SendInput scan=0x1E down=False accepted=1 error=0 target_pid=8252
2026-09-18 06:17:15,449 INFO SendInput scan=0x1F down=False accepted=1 error=0 target_pid=8252
2026-09-18 06:17:15,544 INFO SendInput scan=0x39 down=False accepted=1 error=0 target_pid=8252
2026-09-18 06:17:15,606 INFO SendInput scan=0x2A down=True accepted=1 error=0 target_pid=8252
2026-09-18 06:17:16,947 INFO SendInput scan=0x2A down=False accepted=1 error=0 target_pid=8252
2026-09-18 06:17:17,315 INFO Tracking camera_fps=31.8 inference_fps=35.7 model_ms=31.0 age_ms=47.0 hands=1 pose=True mode=Serbest
2026-09-18 06:17:17,545 INFO SendInput scan=0x39 down=True accepted=1 error=0 target_pid=8252
2026-09-18 06:17:17,657 INFO SendInput scan=0x39 down=False accepted=1 error=0 target_pid=8252
2026-09-18 06:17:17,725 INFO SendInput scan=0x2A down=True accepted=1 error=0 target_pid=8252
2026-09-18 06:17:17,912 INFO SendInput scan=0x2A down=False accepted=1 error=0 target_pid=8252
2026-09-18 06:17:17,940 INFO SendInput scan=0x39 down=True accepted=1 error=0 target_pid=8252
2026-09-18 06:17:18,036 INFO SendInput scan=0x39 down=False accepted=1 error=0 target_pid=8252
2026-09-18 06:17:18,653 INFO SendInput scan=0x11 down=True accepted=1 error=0 target_pid=8252
2026-09-18 06:17:18,777 INFO SendInput scan=0x11 down=False accepted=1 error=0 target_pid=8252
2026-09-18 06:17:18,904 INFO SendInput scan=0x1F down=True accepted=1 error=0 target_pid=8252
2026-09-18 06:17:19,176 INFO SendInput scan=0x1F down=False accepted=1 error=0 target_pid=8252
2026-09-18 06:17:20,330 INFO Tracking camera_fps=40.2 inference_fps=31.7 model_ms=16.0 age_ms=32.0 hands=1 pose=True mode=Serbest
2026-09-18 06:17:20,549 INFO SendInput scan=0x39 down=True accepted=1 error=0 target_pid=8252
2026-09-18 06:17:20,662 INFO SendInput scan=0x39 down=False accepted=1 error=0 target_pid=8252
2026-09-18 06:17:20,727 INFO SendInput scan=0x2A down=True accepted=1 error=0 target_pid=8252
2026-09-18 06:17:21,881 INFO SendInput scan=0x2A down=False accepted=1 error=0 target_pid=8252
2026-09-18 06:17:22,009 INFO SendInput scan=0x39 down=True accepted=1 error=0 target_pid=8252
2026-09-18 06:17:22,116 INFO SendInput scan=0x39 down=False accepted=1 error=0 target_pid=8252
2026-09-18 06:17:22,878 INFO SendInput scan=0x1E down=True accepted=1 error=0 target_pid=8252
2026-09-18 06:17:22,905 INFO SendInput scan=0x39 down=True accepted=1 error=0 target_pid=8252
2026-09-18 06:17:22,906 INFO SendInput scan=0x1E down=False accepted=1 error=0 target_pid=8252
2026-09-18 06:17:22,984 INFO SendInput scan=0x39 down=False accepted=1 error=0 target_pid=8252
2026-09-18 06:17:23,142 INFO SendInput scan=0x11 down=True accepted=1 error=0 target_pid=8252
2026-09-18 06:17:23,177 INFO SendInput scan=0x11 down=False accepted=1 error=0 target_pid=8252
2026-09-18 06:17:23,369 INFO Tracking camera_fps=33.1 inference_fps=34.9 model_ms=16.0 age_ms=31.0 hands=2 pose=True mode=Serbest
2026-09-18 06:17:23,645 INFO SendInput scan=0x11 down=True accepted=1 error=0 target_pid=8252
2026-09-18 06:17:23,677 INFO SendInput scan=0x11 down=False accepted=1 error=0 target_pid=8252
2026-09-18 06:17:23,928 INFO Mouse button=left down=True accepted=1
2026-09-18 06:17:24,039 INFO Mouse button=left down=False accepted=1
2026-09-18 06:17:26,379 INFO Tracking camera_fps=35.7 inference_fps=36.0 model_ms=15.0 age_ms=31.0 hands=0 pose=False mode=El kontrolü · zıplama için gövde gerekli
2026-09-18 06:17:29,410 INFO Tracking camera_fps=34.2 inference_fps=32.3 model_ms=16.0 age_ms=16.0 hands=0 pose=False mode=El kontrolü · zıplama için gövde gerekli
2026-09-18 07:46:07,384 INFO WebMotion starting integrity={'rid': 12288, 'name': 'High', 'error': 0}
